"gene","logFC","logCPM","F","PValue","FDR"
"NPTX2",4.75490100152425,8.59602007544738,547.485946140203,1.93742970917127e-15,8.80178237183671e-12
"TM4SF4",-5.64876490233717,11.0253199845368,668.815327752988,3.36781418474716e-15,8.80178237183671e-12
"LOXL4",-6.32010199835214,8.61918292031327,544.534143975852,5.33656739329378e-15,9.29807925491552e-12
"GSN",4.02028739710447,8.14327908821483,534.383737710984,4.49693194057878e-14,5.87636581335133e-11
"IRX2",-7.00829430705071,8.03053797237264,276.447347920966,1.28428134965665e-13,1.34258772293106e-10
"HADH",5.82127055548189,9.18761878119131,392.665192674398,2.46397614116797e-13,2.1465338816475e-10
"TTR",-3.82711390085003,15.0604221164411,435.517220783443,3.87120239665307e-13,2.89068213247223e-10
"FXYD3",-3.62267919837945,7.26350151915704,335.275635649281,4.56917827218002e-13,2.98538685358562e-10
"TMEM176B",-3.16965224782707,9.7163629398629,404.860225155914,6.93548918535909e-13,4.02797799687466e-10
"SYT13",3.13244819028474,7.81824927595679,309.592650964566,1.58420367084591e-12,8.25553488115223e-10
"ARX",-5.90110079400579,7.12047229762244,232.023117179344,1.73734233198153e-12,8.25553488115223e-10
"GLS",-3.15204389157663,8.6358914141885,326.950619876799,3.7077107546726e-12,1.49007464777525e-09
"SPTSSB",-5.40131731173241,6.32779157035378,195.306378078944,3.83291319576835e-12,1.49007464777525e-09
"TMEM176A",-3.31182512424553,9.0959214246873,323.791087395962,3.99101684883366e-12,1.49007464777525e-09
"FXYD5",-4.21698235533269,8.46928330967711,257.668446319846,4.8562538782334e-12,1.69224260143506e-09
"RGS4",-3.41829221837728,9.02617856595372,305.093710531226,6.44691214344387e-12,1.9923788582379e-09
"KCTD12",-4.35974903606674,7.8497993664353,250.547696319444,6.69799675933737e-12,1.9923788582379e-09
"PCSK2",-2.41545982314507,10.9008296399868,300.91807113321,6.86107125469336e-12,1.9923788582379e-09
"PRSS23",3.87086551434854,7.5960694513121,265.23672451206,7.29862693341996e-12,2.0078906832098e-09
"SORL1",2.93101642806239,8.39500741886912,261.890521875604,1.06729019484539e-11,2.78936292422842e-09
"SYNE2",3.03919428430304,7.49185983572672,199.965381063526,1.89776531880477e-11,4.72362824828217e-09
"BHLHE41",5.01509052605718,5.81262958607466,180.681687372565,1.9984895454668e-11,4.74822947916134e-09
"FEV",-4.91407085961189,7.24658359802349,213.126734132568,2.50466577771961e-11,5.69212522614801e-09
"FAM84A",-4.45505754878948,6.52146725642805,177.077326737469,3.13117895886568e-11,6.81944684082955e-09
"LDHA",-4.10350892439557,7.83541088268642,194.594243024364,3.27307538442178e-11,6.84334601374905e-09
"TGFBR3",6.26868648645648,6.42968094378823,152.102829301705,4.81514044374631e-11,9.68028426902384e-09
"TJP2",-5.2458675506138,5.64009979137316,136.777997219549,5.76495234583373e-11,1.1160520708027e-08
"FABP5",-4.6930295886199,7.3125163747396,173.37913832682,6.24962184460947e-11,1.16667047792049e-08
"FAM159B",3.28798683885176,7.02548952200374,190.67721553586,7.84495441704023e-11,1.35203959883303e-08
"SPATS2L",-3.09503948972256,6.57647087026185,209.342278369533,7.9766003429783e-11,1.35203959883303e-08
"WLS",3.17643227741764,6.67163660705529,210.385594184719,8.04466125099255e-11,1.35203959883303e-08
"PLIN3",-3.70412787816311,7.21017761133991,208.86595980333,8.27726557540785e-11,1.35203959883303e-08
"NPNT",-5.75951076699178,6.73831741198601,139.051208436033,1.1728171176535e-10,1.85767123453784e-08
"SLC7A2",-1.94027713930415,9.57002012531917,205.049354994592,1.28183903151124e-10,1.93181954842254e-08
"PCSK1",4.04019600518287,9.20167483411455,211.283058459804,1.29354666529154e-10,1.93181954842254e-08
"CYP2U1",3.37279517747323,5.75919863972435,136.404270072748,1.9227696133967e-10,2.70463261582248e-08
"TMEM37",2.95821637352562,6.87911547022923,152.858334831249,1.94390873643088e-10,2.70463261582248e-08
"SLC38A4",-2.69069405316278,7.26082510661523,174.173221042933,1.96625290608866e-10,2.70463261582248e-08
"ARRDC4",-3.60204166510757,6.90797586271996,188.094171100529,2.08622726902966e-10,2.79607947056873e-08
"ATP2A3",1.96320849009607,7.46546766031948,163.494464385179,2.49185438113135e-10,3.2562307125434e-08
"KLHL41",-4.23358533591593,7.30091853684324,133.483997208263,3.19845065735449e-10,4.07763453316876e-08
"ENTPD3",6.99455475001958,6.67127154790604,181.637916886066,3.72279225827274e-10,4.63310360333133e-08
"F10",-5.55654815305692,7.00125061824024,106.016506945037,4.08177110364959e-10,4.96172501366893e-08
"ALDH1A1",-2.66423889837813,11.1544060197799,169.348869443423,5.36995492342985e-10,6.3792623601745e-08
"SUSD4",2.33180709536391,6.57246206885878,153.986066016016,5.53320448387027e-10,6.42712440826442e-08
"PALLD",-2.48534206753568,8.30161763345854,166.112673493798,6.35040173232886e-10,7.21598909888759e-08
"MEG3",3.30703499855156,8.3384940002984,155.561510087258,7.19064117148419e-10,7.99691093688252e-08
"MYO10",-7.73415365419686,6.04254721383259,179.117211309608,7.75083468961607e-10,8.4403360255465e-08
"TIMP2",4.20728002564027,8.42655659804948,159.353278008712,7.99995488516348e-10,8.53382942545909e-08
"UCHL1",2.24996783775394,9.47877554887568,156.468405903578,9.65247170609458e-10,1.00906939215513e-07
"GLIS3",4.01405711104533,6.07038006832951,109.854679624193,1.08197619934617e-09,1.10891952823185e-07
"SH3RF1",-3.90481175883274,6.07219791345857,108.767382098535,1.28235977622236e-09,1.28901818275275e-07
"CLU",-2.57176072966052,11.7824222206735,152.152591992085,1.35798480192188e-09,1.33928048295201e-07
"C1QL1",2.30342062732676,8.24402691633055,131.810241891931,1.47806656177804e-09,1.43071368859515e-07
"ITGB1",-1.46304133874364,9.19314241994401,143.704509610166,1.80325071188857e-09,1.71374390382573e-07
"DNAJB9",1.73329369679829,7.78222220826084,138.478800816318,2.40428225164226e-09,2.21672341670748e-07
"STXBP6",-3.33496232033689,5.26225922993647,107.6960470915,2.417318437963e-09,2.21672341670748e-07
"ITPR3",2.8350051873614,6.97930627178016,125.126326992821,2.50392827859009e-09,2.25655743313628e-07
"B2M",-1.33904224173441,12.2986368411127,135.766519439714,2.72734223570046e-09,2.41624031627226e-07
"PTPRT",-7.30297479071358,5.60791123404024,148.407198803801,2.96974734125673e-09,2.58714489212482e-07
"MAPT",2.84862783239602,6.09925238937926,117.512978922499,3.21547983609161e-09,2.71517973566424e-07
"SIPA1L2",2.6765103158435,5.79849147618337,109.986188856735,3.22060730076875e-09,2.71517973566424e-07
"ABCC8",1.94818987420805,9.97423540698069,132.365769877869,3.31413893527921e-09,2.74968320868324e-07
"PKIB",2.92370811596233,6.46974264085386,116.804561912995,3.4733080506838e-09,2.83671580951941e-07
"CRYBA2",-3.50807725793799,9.48433529208385,116.306136141165,4.63861662970407e-09,3.73016140360972e-07
"DPP4",-8.3505109064893,6.09197508938274,202.398172073198,4.8759099464773e-09,3.86157292276316e-07
"SMOC1",-4.55946916911796,7.66540279080676,115.277868369533,5.72605224397848e-09,4.46717538496649e-07
"CDKN1A",2.18897223891021,8.29047998652122,122.265771483396,5.96275338995485e-09,4.58342823077853e-07
"SH3KBP1",-2.90290672640278,5.82823149945077,108.136863448476,6.76710374901971e-09,5.12632627480087e-07
"MPP1",2.47174103761952,5.67410151382682,94.6158510020252,9.54914676411957e-09,7.13048430515043e-07
"GPX3",-1.9620390034259,10.536195182293,113.005794206863,1.02609690448082e-08,7.55409650664963e-07
"VAT1L",9.28185572809969,5.7083616401306,213.791306362815,1.31297239860281e-08,9.53181489930127e-07
"CASR",6.35021040334986,6.78242248026074,106.574042587856,1.47393290163599e-08,1.0553763392947e-06
"PDK3",-1.80470966479994,6.66537355044725,92.8020112060894,1.55777370377768e-08,1.10033556076296e-06
"COTL1",-2.29673705640056,7.47570030392202,106.392673685061,1.62783708015501e-08,1.13449392239603e-06
"PDE3B",-1.95070953326642,6.81941133654679,98.5228095450698,1.70902175809066e-08,1.17540220125525e-06
"FXYD6",-2.3972186505045,8.05956231098475,103.708914394415,1.86302085646578e-08,1.26467662555151e-06
"S100A10",-3.93468509189394,6.41922795628792,90.9235899377197,1.91286594987153e-08,1.28186542563827e-06
"ELMO1",3.06587037391642,7.29105066940875,100.896328667018,2.10996735225164e-08,1.39605055066067e-06
"PDK4",-3.04597040114199,9.58748712394917,100.350673343533,2.66461594422658e-08,1.74099344255904e-06
"GPX2",3.2273265640209,6.24703774438176,86.9718898453251,2.7829828116541e-08,1.79588285882914e-06
"SLC6A6",2.91753886390386,6.92727412148164,97.123830825181,2.92876401068612e-08,1.86690847364102e-06
"CYP27A1",2.09576144570669,4.82856004145973,79.4744661851289,3.59321720221303e-08,2.2628610019238e-06
"CYSTM1",-1.23825916348364,9.66197331096755,93.0283993787552,4.0455560318724e-08,2.51739540221393e-06
"CALY",-2.5455248322524,7.07443714335061,91.9802960471604,4.24888789491918e-08,2.61281612079324e-06
"SPINT2",-1.08364281314795,10.632425816972,91.7149360542016,4.46507239236973e-08,2.71382946452518e-06
"ID3",3.65712716536449,7.13434764219026,86.808236761456,4.55438801000924e-08,2.73629725612854e-06
"PRSS3",-3.3370593393212,5.40288801837495,76.6323787948032,4.75197376858993e-08,2.82256441913859e-06
"MYRF",-3.21461962151605,5.42067691062903,78.3696147047263,5.43919850742723e-08,3.15934480739406e-06
"GAD2",1.82213397708744,9.49738738735281,89.162310232036,5.4398513997602e-08,3.15934480739406e-06
"ABHD15",-2.21828454208495,6.61933504561646,83.3132559431903,6.02123816421701e-08,3.44556254005843e-06
"RBP4",7.57397613920362,9.60463082782734,106.591174257252,6.06450647953654e-08,3.44556254005843e-06
"AP1S2",-1.99059571535701,5.75729095773884,85.8681767330649,6.44821650207664e-08,3.62417501681232e-06
"STX1A",1.38027997613874,8.26101201044069,86.7108759962475,6.61220196491321e-08,3.67680634793631e-06
"QDPR",-1.55204571644417,8.39033169300947,86.2388078994716,6.92045357560993e-08,3.80770640418033e-06
"PTP4A1",-1.61613598331778,8.41206029324183,85.3460454000887,7.36322304111556e-08,4.00456082697894e-06
"EZR",-1.65894290565251,7.80776642843409,85.4285392572213,7.43145973248436e-08,4.00456082697894e-06
"AGT",-2.21328849533885,8.13036966971214,85.1913822034546,7.66856559684609e-08,4.09016248721576e-06
"REEP4",-1.74151477510126,5.78194619504167,75.776171194997,8.32708916443472e-08,4.39190228048795e-06
"TSPAN1",3.33092432729716,7.37894001351048,75.9276686204319,8.40233839771944e-08,4.39190228048795e-06
"CHGB",-1.78856427107599,12.4864462656878,83.4457503535933,8.97284478220092e-08,4.64366927490735e-06
"BTG2",-1.89260309938089,8.59337191339874,82.7789036368848,9.18370198788197e-08,4.70619708731952e-06
"DLK1",8.41170352223125,9.4854273289903,129.929608440305,9.30014582251833e-08,4.71959827323333e-06
"VIM",-5.53774404558071,7.85765842343494,97.867239383362,1.01054196771137e-07,5.07894506271861e-06
"TSPAN13",1.72859761838253,8.11135506485402,80.4677941704134,1.11082723869416e-07,5.52980378728989e-06
"ANXA4",-2.57296615238471,5.98467145045359,67.7437428323883,1.12619192404579e-07,5.55340111979938e-06
"IGFBP7",-1.83007449798813,8.16444359257788,79.9249218123993,1.15686860082199e-07,5.65135717429583e-06
"CADM1",1.85123604594635,8.0750785160019,78.7667919759804,1.27671859906295e-07,6.17908159009448e-06
"TXNIP",-2.41868243676097,6.289821718956,74.6237930061017,1.37710214325383e-07,6.57892005291924e-06
"NR3C1",1.66114043658677,7.32350929359623,77.9722054447188,1.38518968020227e-07,6.57892005291924e-06
"MPC2",-1.38337930970339,8.00341244498995,77.6639183123069,1.40561973685628e-07,6.57892005291924e-06
"SSTR1",-2.14249477270965,5.46694130422385,70.4700055425158,1.40967867979138e-07,6.57892005291924e-06
"CEBPB",2.59515193129492,5.05535831035096,65.2465306057275,1.61466839620793e-07,7.46891301502552e-06
"SLC6A17",2.59920724632595,5.83552332484548,71.9080655311819,1.64551199459813e-07,7.54481683838983e-06
"ABRACL",2.09842703706037,5.79758394004178,67.0366772181151,1.66013154577604e-07,7.54565877371424e-06
"SSX2IP",-2.28482978470087,6.73758629077412,73.5560108968604,1.7472479555005e-07,7.87315953741474e-06
"P4HA2",-1.56397670174352,7.23167065429659,74.9772523019804,1.81343001668615e-07,8.10153734805e-06
"CYYR1",8.19498296078413,5.78827819478954,110.034613361277,1.84139263494207e-07,8.15674517190017e-06
"USH1C",-2.31343414414062,6.59795565596025,71.4971896234561,1.94585803787938e-07,8.54705879327353e-06
"ZFP36",-2.0593281246095,8.02659103965244,73.9180322584506,1.98877419876341e-07,8.66276894744694e-06
"HIGD1A",-1.50350827860065,7.91526438269557,73.6478892168289,2.01974331788824e-07,8.72495729140647e-06
"ENO1",1.14241748859594,9.84318115022596,73.3513133836994,2.05812543028278e-07,8.81788657712137e-06
"RFX6",-1.32559272030841,7.67720336876396,72.0218729203066,2.36032395834884e-07,1.00304173416987e-05
"LMO2",2.14628105818759,5.23302337191216,64.3390592089307,2.58232914653416e-07,1.08853503620436e-05
"FXYD2",2.751427452294,9.1518179303393,64.9632202372634,2.77725709294757e-07,1.16110522075993e-05
"ADCY1",-1.83676187057525,6.26163125901582,65.5112135990168,2.79891444070692e-07,1.16110522075993e-05
"SLC39A14",1.52937112250328,7.57726809615911,69.667854684731,2.93111060787172e-07,1.20637127144453e-05
"NMB",-1.85073691576811,5.9672387555208,67.7665690479718,2.96604445937607e-07,1.21121206165302e-05
"KIF12",-2.33975119012286,6.27354144540074,63.2140022667854,3.15973783635989e-07,1.28030617601962e-05
"GNAI1",-1.35839718647298,7.21443445790234,68.0636540967945,3.45812344835916e-07,1.39043163573641e-05
"TMSB10",-1.29087727304771,8.21444720592341,67.5726367116344,3.5626304432452e-07,1.42151674250707e-05
"EGFL7",-3.16947360406128,6.32059727852545,63.9310503924371,3.64284351899662e-07,1.44251083892389e-05
"GRAMD4",-3.23167704051287,5.874037824385,58.5525619581198,3.76931079439654e-07,1.4813674828805e-05
"DHRS2",2.40047788065639,7.04968957575616,65.6376584954856,4.09276970569835e-07,1.59648561579741e-05
"ZNRF1",-2.50168672444881,5.8697862635483,64.3788753266103,4.44550633602754e-07,1.72123419395674e-05
"ENO2",1.05686076073619,8.0105548244699,63.9474247948007,5.1788047800755e-07,1.99041269010696e-05
"RPS6KA3",-1.42278479693136,7.35889362834519,63.84542111126,5.27215769980677e-07,2.00131539089626e-05
"EIF4A2",1.01588751098059,10.0722181965918,63.6267376137248,5.28374830579077e-07,2.00131539089626e-05
"SLC22A17",-1.45565802097898,8.70233084464727,63.3311384154252,5.45762569504091e-07,2.05230284230064e-05
"PARP14",-1.74090437768923,5.7124202916739,58.5853510935065,5.64598807163804e-07,2.10796997503229e-05
"IVNS1ABP",-1.83012927007065,6.64650986003733,58.4132337873649,5.81193938590898e-07,2.12753878209544e-05
"NME4",-1.46212676372962,6.88395667748196,62.9534942943155,5.81233683626394e-07,2.12753878209544e-05
"ACSL1",1.71149826896866,5.98821678805978,62.9878481217919,5.82050977309447e-07,2.12753878209544e-05
"SERPINE2",-2.60650614503008,7.08472456153074,60.8766174622733,5.99609843673583e-07,2.17650045339015e-05
"ARG2",1.58190240342753,6.82033462254863,61.6264562977271,6.14567682224326e-07,2.21541053447348e-05
"PLEKHA6",1.7803889687938,6.26592717873702,58.4289179619083,6.36650898612896e-07,2.27204341885188e-05
"NCOR2",1.12217084872305,7.2984260388743,61.9165370632451,6.38971460821173e-07,2.27204341885188e-05
"EDARADD",1.69718727864452,6.80240322990536,59.4785229634652,6.55776726223153e-07,2.31604388376245e-05
"FAM105A",2.00312778968753,6.85953936030949,62.8351360843354,7.03468225996805e-07,2.45918979892773e-05
"CD99L2",-1.8717409562992,7.43232201675921,60.3336296522923,7.05717371033401e-07,2.45918979892773e-05
"CD63",-0.743708009979591,10.9247058113253,60.6082510075308,7.2484827188111e-07,2.50912709743216e-05
"ARHGAP1",-1.17054288352249,8.35512572634889,60.4802841299791,7.39152905883998e-07,2.52738146894258e-05
"RASD1",1.30089892234778,9.39913900877343,60.4275564877504,7.39792165196509e-07,2.52738146894258e-05
"HMGB3",-3.34380508244762,6.51721706390544,56.1033760594474,7.49079609836104e-07,2.54249293546319e-05
"NKX6-1",2.35041225579312,6.81860125477064,55.6191640937488,7.90079984993766e-07,2.66435360100801e-05
"PLK2",-1.5032685137893,7.78145185607027,59.5423447008435,8.1081349186199e-07,2.70772602061347e-05
"MAP1B",1.13019871985417,9.50006960942672,59.528072064959,8.16908180184722e-07,2.70772602061347e-05
"ID1",2.2361310223688,8.65550332965234,60.2438391238467,8.18482324960643e-07,2.70772602061347e-05
"RHOB",-1.87549274169932,7.53848477452147,59.4982672316446,8.27737855087508e-07,2.72043745329335e-05
"GCNT1",-1.59325090120626,6.61256991108896,58.3606388200657,8.32733867470701e-07,2.72043745329335e-05
"NUCB1",-1.3249726083677,8.35042730130274,59.2889196218439,8.39651909434517e-07,2.72600032957405e-05
"TBC1D24",2.46027825129451,6.30721579554437,50.8364179525499,8.72092907577362e-07,2.80965881324696e-05
"BSG",-0.992180480792791,8.94261876148053,58.845659860193,8.7931948362345e-07,2.80965881324696e-05
"GC",-6.40195074694817,9.37615994227624,94.7404108154196,8.81545906585998e-07,2.80965881324696e-05
"SPINK1",-2.85843770324874,7.43638367708878,57.9986859120492,9.05880390166318e-07,2.86971927236324e-05
"ELL2",-1.96697751665056,8.84726827642968,58.914914673024,9.39038755665452e-07,2.94344077745549e-05
"SLC7A14",-2.91392122259738,6.04048026048672,54.3303591633965,9.40414405653465e-07,2.94344077745549e-05
"NTPCR",1.42149021162264,6.45599617193029,57.7879504625723,9.80895637877031e-07,3.05186993999002e-05
"FSTL5",-2.28527449645335,5.840851990037,49.4733623850098,1.00674899166848e-06,3.11377336062198e-05
"A1CF",-2.28079151887305,6.57287907094905,55.6570586103164,1.06496841090197e-06,3.27446463752037e-05
"PLCB4",1.44810562382167,6.27410312569465,48.954463348723,1.10410113582663e-06,3.37493370582795e-05
"RPL4",0.865684851686946,10.29500025865,56.6653682380471,1.11808371041049e-06,3.39780439204396e-05
"CAMK2G",-2.01849473927081,7.18573575959343,56.5876591063251,1.15413885941232e-06,3.48710047291804e-05
"SEPW1",1.19516986717016,8.11672116029103,59.1545517756434,1.28156630288938e-06,3.84985463517403e-05
"PTP4A3",-2.44803135708223,7.2331803258693,55.9029607366075,1.31668509239325e-06,3.9327502731083e-05
"CXXC5",1.0861072538412,7.64336717949453,55.1874500888619,1.34126272125953e-06,3.98339786592247e-05
"CDCP1",1.35007550994032,7.15043200374832,54.9182486932521,1.35163319539364e-06,3.99151791656641e-05
"OCRL",-1.43530947151122,6.06745717167035,54.7416790991231,1.37119476359345e-06,4.02653653331627e-05
"ASAP1",1.45980747932285,7.12004327329436,54.3763968981857,1.40020894002014e-06,4.08876655278506e-05
"IRF6",-1.36206383538776,6.17832712961656,54.7211195493114,1.41584644474281e-06,4.11146075926147e-05
"ZDHHC14",-1.51807901503843,6.07732625093901,54.7978143846137,1.42812366740193e-06,4.12420022624855e-05
"TBC1D22A",1.89082370177716,6.08493767143744,52.3262901780027,1.49873968680882e-06,4.30434744118116e-05
"CPD",1.22188486042429,7.54222958891027,53.4567934652571,1.64790290003416e-06,4.70687893905933e-05
"OSBPL8",1.43181924229038,6.22521786567418,48.9894077721524,1.72203106868942e-06,4.89187847610847e-05
"FBXO7",0.98735112497364,8.16087487915406,52.8777271226744,1.73896904740017e-06,4.91329254635713e-05
"EMC10",-1.11222504939851,9.03414701362838,52.2481995749133,1.87144542169912e-06,5.25916409635555e-05
"COX8A",-0.8633961744534,9.87503229866418,51.9850855812243,1.93101008221874e-06,5.373441324373e-05
"CNNM1",-1.42407004890206,5.87542278677137,51.2805557766088,1.93267068869739e-06,5.373441324373e-05
"PRUNE2",1.51114657963296,7.20694875790029,51.4895588300992,1.94746667477496e-06,5.38593032224798e-05
"ELF3",-1.73741155346428,7.6418934525857,51.6886931408185,2.01164528077783e-06,5.53414204348722e-05
"MBOAT7",-1.2819621531586,6.79847423173338,51.4080046273058,2.1088735924724e-06,5.77124726065614e-05
"PLCXD3",1.40211914657018,8.05436944265752,51.2630781599843,2.12471762397072e-06,5.7843224065078e-05
"TAGLN3",1.75485213111606,6.38008656155259,49.7903362282775,2.14756359971325e-06,5.81622535528557e-05
"INHBA",-2.8973258278164,6.62510249495209,51.0412271631994,2.16235139573658e-06,5.82608801315211e-05
"CHKA",-1.90575044871759,6.0286726162558,50.987947851882,2.18719352953414e-06,5.86280029685894e-05
"VWA1",-1.38503870644577,7.1696177536303,50.9308696391851,2.24167466662555e-06,5.97818034818966e-05
"KATNAL1",1.72014494762987,5.43561857374841,45.445613908762,2.35651110337311e-06,6.25252971438135e-05
"TLE1",2.42034897429992,4.98727606643467,43.7689161908509,2.48018890066418e-06,6.54744817362205e-05
"DHRS7",1.79951473689202,7.69343223972155,49.3324849722398,2.57564710069728e-06,6.76528009816316e-05
"SAMD5",-2.07965960158111,5.70501193805156,46.3827082853927,2.59682689015938e-06,6.78680707743153e-05
"PEG10",-1.18465511071316,9.34976354131877,49.3936386671791,2.66112660847861e-06,6.9202531256307e-05
"NAA20",-1.12367459227687,9.06138510931107,49.1218946717831,2.75360221419748e-06,7.12528652158921e-05
"PRKCE",-1.86536962999703,5.31509092736489,47.3337771544833,3.04432493188342e-06,7.83876178273627e-05
"LRPAP1",-0.962421440406261,8.78585655882197,48.1706285789217,3.10724973992495e-06,7.96156587773908e-05
"ENPP1",-2.11065635817987,6.31567379305136,44.9171274073483,3.16172952997619e-06,8.06163914789539e-05
"PRDX1",1.05817526618875,7.87294207365608,47.9114908874853,3.22706377027007e-06,8.18828268310759e-05
"TUSC3",-0.846457191569218,9.05093133826506,47.713810511075,3.2931635220673e-06,8.31563561828299e-05
"CDKN1C",2.70555548690474,10.2778432522962,65.7010285292376,3.31554781645906e-06,8.33190790222668e-05
"FCGRT",-1.86272247439478,6.49828971064257,46.2712015949047,3.40109451859492e-06,8.50599093239026e-05
"RNF130",1.35715707023163,7.16754682584297,47.1856083002669,3.47044613163175e-06,8.63810568097104e-05
"GRIA3",-1.37832673532833,6.67329004393263,47.4580894724893,3.50734646644972e-06,8.68857818963634e-05
"ABHD3",1.59483873738193,5.70317715626055,44.3829491390714,3.54410223014413e-06,8.73821809290726e-05
"HSPB1",-1.85074563581961,9.41144068712497,47.0170043352933,3.83102937757177e-06,9.4013101204543e-05
"SLC40A1",-1.87001220652811,6.60636304857527,45.1917117599042,3.87602051269313e-06,9.45321281990714e-05
"USP25",-1.96034617186134,5.36784590159289,43.0397336740183,3.90247160461909e-06,9.45321281990714e-05
"ITGB5",-2.09143274195331,5.47750307543352,43.0221854403156,3.92247261566363e-06,9.45321281990714e-05
"ZFP36L2",1.4045484063646,6.04411139506079,44.2453366722032,3.92452110564348e-06,9.45321281990714e-05
"GNG5",-1.42355731189173,7.4783417431096,45.9111730887515,4.1805369908963e-06,0.000100237003905573
"WARS",1.60244872815846,6.98013528326292,45.4029978473397,4.45473139002701e-06,0.000106323657423156
"TMEM64",1.45266481581411,5.82371501499984,42.8431660844716,4.63297797817898e-06,0.000110075344963371
"MEIS2",1.28937548053448,7.7638073757596,44.7582701753542,4.9090629943236e-06,0.000116107114349907
"OSBPL6",-1.99775100550441,5.03999442845334,41.1663608287529,5.10360095568824e-06,0.000120164514393615
"RASGRF1",1.4766990949256,6.16688536712684,40.0671350887006,5.3645372831667e-06,0.000125741867170907
"SMAD9",1.88180530257858,5.82219603784439,40.2727133301101,5.66774157286084e-06,0.000132255737505998
"MDK",-1.38084624574117,7.53856152035082,43.485068047247,5.84575980639584e-06,0.000135803495591249
"PLIN2",-2.46416882590515,5.89901594608917,40.6852619754225,6.13595631683439e-06,0.000141914352513687
"CD44",-1.8137511700574,7.14510587426578,42.6523995282289,6.34168545062641e-06,0.000146026387006274
"ISOC1",1.46158885120279,5.77064464883036,39.985873105922,6.44551847001961e-06,0.000147766337906985
"MOB1B",-1.11833862477246,8.08405542542923,42.615035853646,6.56539019552201e-06,0.000149857181449753
"IFITM3",-3.72477120753245,4.36881491155852,34.6914160613532,6.72626757176966e-06,0.00015286174172887
"ARL4C",3.05167123313478,5.53843748815071,38.0747812164337,7.22153128375354e-06,0.000163406684070042
"TMEM164",-2.01215706319421,6.43410583814041,41.6533382396266,7.40101884654227e-06,0.000165807680191638
"SEC14L1",-1.58097360791742,6.26086489631913,41.6371837235339,7.41737594530661e-06,0.000165807680191638
"EXOC2",1.4224711936872,6.01322951639427,39.321717223691,7.42280412566353e-06,0.000165807680191638
"EIF4B",0.730889953296386,9.10698922247182,41.6676872134328,7.48112776333464e-06,0.000166399382208298
"SYT7",0.93778098937236,8.42899993055575,41.1290733931628,8.11264619546019e-06,0.000179681362981654
"LDHB",1.9847194562321,6.16228937101955,38.957310558869,8.21276893664345e-06,0.000180611263723519
"HPS1",-1.46967635631641,6.67993791118568,40.216443423602,8.22373842858188e-06,0.000180611263723519
"PSD3",1.3370169633447,5.80291857404481,36.8888560266941,8.73742749768298e-06,0.00019109009845351
"PEBP1",0.693126473581645,10.1236943790616,40.1650349855278,9.29549367502714e-06,0.000202448105997362
"MFSD3",-1.53043473145859,5.1481764860275,39.2927402054425,9.52014766871287e-06,0.00020648054715503
"KLF13",1.68422769767554,5.47304510671811,37.3286821986506,9.60744457432536e-06,0.00020751286276859
"LITAF",3.40690527851888,4.44014055941101,33.9993096133166,9.94649439487942e-06,0.000213951959679155
"MXI1",1.27621480626064,6.24908732820589,39.4334532108321,1.00185273951284e-05,0.000214618207763674
"PPP2R2B",-6.9787156536936,5.66985760490247,45.4265988025031,1.00792089884918e-05,0.000215036838297334
"PERP",0.97572199750331,8.15977831928578,39.4510753752948,1.03680218119169e-05,0.000220299390288169
"LAMB1",-2.42235943454363,5.70768397512705,35.7197864483639,1.04596925492258e-05,0.000221347420869649
"DNPH1",-1.35189993402407,6.36912923025355,38.9412087684573,1.10538232940792e-05,0.000232977154669968
"ENAH",1.63140444236108,6.23103706710326,37.5184516151692,1.14598483532721e-05,0.000240564768443989
"SMARCA1",-1.15924362320356,7.64973643741368,38.6311919492566,1.15907568991289e-05,0.000242339545246988
"SPC25",-2.89622139145287,5.63969727273069,38.0273329716716,1.20868325675828e-05,0.000251704676616556
"NCOA3",1.29452565905631,6.11159185684718,36.8426419044628,1.22709379357695e-05,0.000254524573770901
"CNRIP1",1.45931900849283,5.72821904199569,37.5387974068744,1.29846654251751e-05,0.00026774340684965
"TRAM1",1.14634871312054,7.52452127473024,37.9784723038531,1.30106801874519e-05,0.00026774340684965
"MXRA7",0.749910918144586,9.16685905454947,37.8834392844325,1.3091994410133e-05,0.000268360214830451
"ELAVL4",1.58648409958919,6.5961190050567,37.327142968962,1.34797321178082e-05,0.000274460974813363
"ARSA",-1.44815805699566,6.43562236037202,37.4716143855199,1.34946375601749e-05,0.000274460974813363
"DPP3",-2.11039386055626,5.2361208375627,35.2520434435552,1.40531324049691e-05,0.000284712104964238
"FLNB",-1.18677053921571,7.57924587754729,37.3731650715148,1.41878683742548e-05,0.00028550893085603
"SERINC1",0.9907983897414,8.94145828585457,37.3742885872682,1.42017069107648e-05,0.00028550893085603
"RAB27A",-1.10050396726618,6.8678883292626,37.2604519563138,1.46737436344779e-05,0.000293868421369411
"ACTN1",-1.28310629757348,7.4986163313089,37.0222268869439,1.49954462766036e-05,0.000299164876671018
"IGFBP2",-3.23730685583722,8.18718335137242,48.3138345045249,1.56775896879167e-05,0.000311422590148049
"SRD5A1",1.47855329174296,5.94284836670327,36.4054479394717,1.57290154580228e-05,0.000311422590148049
"SLC12A7",-2.03237171786055,5.41171920453028,35.8002145097331,1.61261231407297e-05,0.000318080172289034
"STX16",-1.04350029526911,6.95676229613197,36.5455733417522,1.63313160981654e-05,0.000320916500921468
"DDIT4",1.60514149153476,7.07323285152502,34.1875724685673,1.64420147603556e-05,0.000321881689709284
"SCN1B",2.00129963501683,5.53433983768339,33.3116530485148,1.7151285269392e-05,0.000334439074453459
"XPOT",1.45559305592037,5.83943654233529,35.4283632445903,1.72114235752785e-05,0.000334439074453459
"CAPZB",-0.781588303350316,8.22175896905513,35.6263467150801,1.86515746005899e-05,0.000361080668286234
"GCH1",-1.13735953854434,8.40693555740403,35.5425594561875,1.89063771054751e-05,0.000364662852879403
"PSIP1",1.19824197911321,5.69275513725486,33.3842245191689,1.92124655644459e-05,0.000369204255534407
"OCIAD2",1.01652737754417,7.43925439425047,35.1271279211585,2.03637076775857e-05,0.000389894139306742
"RPS25",0.613106209443524,10.2515270497922,34.9721704454636,2.07059296063712e-05,0.0003949996133303
"RPL24",0.664428934604503,10.2214407516383,34.865136250461,2.10692165362673e-05,0.000399467923750474
"PIGT",-1.03094006114791,8.18466644363724,34.8919659860948,2.10930068787318e-05,0.000399467923750474
"GPAA1",-1.07951516533018,7.41031642484037,34.8633517072561,2.12553747250715e-05,0.000401089688404147
"COL27A1",-2.32204538353816,5.73321041504916,32.0166471317388,2.23207436417863e-05,0.000419678154732435
"VPS11",1.16854649419091,6.065455721522,33.3778643560604,2.26746029760129e-05,0.000424803404142005
"UCHL5",1.16761826045521,5.67850890982214,32.3108666610432,2.36554843298122e-05,0.000441597202114031
"RAB31",1.66553663815847,6.05335064418181,33.6612528979276,2.38149689454306e-05,0.000442992322696674
"GCG",-6.98587555014283,16.5182542028368,71.4977165140669,2.42774637165512e-05,0.00044806698337146
"GSTP1",-1.02622447387659,7.6091374153363,34.0053892074582,2.43287881199713e-05,0.00044806698337146
"TMOD1",0.944004395086958,8.34085796417965,33.9950757673314,2.43449441893045e-05,0.00044806698337146
"GPSM1",4.50545833591185,6.05834058476726,37.695049715061,2.4626271994113e-05,0.000451589468179537
"NGFRAP1",-0.898316417259691,9.12365690833981,35.5361937808197,2.47091233784862e-05,0.000451589468179537
"SNX10",1.61955207113474,5.37380378981559,31.2995316641881,2.52593283418579e-05,0.000460036617571049
"ADGRG1",1.2894782860894,7.12349310041196,39.7334262721415,2.58242165250234e-05,0.000468691596445477
"STMN1",-1.6071918965902,7.65094316835696,33.4502995925063,2.67712743259267e-05,0.000484198792047124
"PAFAH1B3",-1.0182359013512,6.24636981137934,33.4962288889546,2.69265251980192e-05,0.000485327404172575
"CDK10",-1.29882320360718,5.70045622716615,32.7169748919885,2.71262398638976e-05,0.000487246927039837
"TICAM1",-1.50483299254316,5.08611157473755,33.0184636330294,2.73980919759913e-05,0.000490444612186666
"RRBP1",-1.27282091144401,6.5274568914572,33.3181093524076,2.75155126307909e-05,0.000490865476181379
"ADH5",1.28063805429637,6.42998947049955,31.8092219608154,2.77157546459597e-05,0.000492755950797386
"MYH10",-0.994009347111564,7.51976262419816,33.1901886868456,2.79957643142906e-05,0.000496046983290837
"VEGFA",1.14987385182694,8.77432508209231,33.0571125574407,2.84507630865985e-05,0.000502405873829899
"CD82",-1.41361474989424,7.43112964171824,32.951821767308,2.91699976460216e-05,0.000513372315473922
"LRRFIP1",-1.31864198792055,7.49559103423901,32.7478915573004,3.03133164244069e-05,0.000531703707887163
"CTSF",-1.6137645007316,5.46955078625548,31.6929495065378,3.0492393338213e-05,0.000533055986551301
"TTC7B",1.26598391328904,5.66785498621312,32.1925161843588,3.13493280823043e-05,0.000546209792954015
"NDRG4",2.21665974294272,5.96815849630426,31.6860469992833,3.23523714814291e-05,0.000560058882310947
"RPS23",0.639519597892642,10.8935441158422,32.2942697501298,3.23584814344569e-05,0.000560058882310947
"PTPN3",1.43700618636765,6.76763181242633,31.8666540486664,3.32601096474361e-05,0.000573764333752965
"SYBU",1.86208831384898,5.54179651804775,30.4116031822313,3.49432862905045e-05,0.000600817623159431
"SLC4A10",1.57741954727365,5.94498111851134,29.9112668891031,3.50792372402698e-05,0.000600838028021655
"EIF3E",0.877254172555479,7.82128279416015,31.8783904775803,3.51743708771047e-05,0.000600838028021655
"RAPH1",1.37988702534446,6.29236738980928,31.6473528382256,3.57817279344926e-05,0.000609221797764146
"PMM1",-1.1152385970366,5.87132754962506,31.4348867925521,3.59755785273129e-05,0.000610533600526832
"PMM2",-1.29476917584985,5.3650211130112,31.1479842374713,3.66290072031457e-05,0.000619611070067452
"ST3GAL1",-1.32726613320817,5.95704436517546,30.8112482348502,3.7303606111128e-05,0.000627891970230888
"PDX1",8.80538728497578,7.72504191670414,57.8187347269751,3.73587914179847e-05,0.000627891970230888
"REC8",-1.37852861904808,5.78673216665144,30.6310631273449,3.91776312676437e-05,0.000656350893064018
"TOMM20",0.878443389837428,7.59204738521018,31.1432171372761,3.96342797198951e-05,0.000661805875069348
"H2AFJ",-1.14379864680126,7.55680154234556,31.0988184238178,3.99418800812192e-05,0.000661805875069348
"NT5DC3",-1.23231217773825,6.47157955746175,29.3250602840893,3.99742360830822e-05,0.000661805875069348
"SQSTM1",0.952264483792041,9.81541511689564,31.0746099087978,4.00096913185219e-05,0.000661805875069348
"RAP2B",-1.41379951954665,6.59858128134595,29.8960232692663,4.0556873489799e-05,0.000668740623757664
"TGM2",-1.51178374146318,8.08747184904268,29.8314868801714,4.15315365647657e-05,0.000682658306993806
"RPL7",0.612942155124995,10.3287459594564,30.7711415228759,4.18919450001384e-05,0.000686423813528913
"SLC35D2",-1.37768088351513,5.0397735604064,30.6389783977256,4.32568924735669e-05,0.00070657430299792
"PHACTR2",0.997218794653213,7.00662158964087,29.5198239444209,4.37887230358314e-05,0.000713033194106824
"PPP1R3B",-1.91413821602267,6.06098638070493,27.0284923488458,4.39933486823461e-05,0.000714140476902556
"CHN1",1.65489695752299,6.07254447398805,29.7907109805038,4.44500797393382e-05,0.000719320640240002
"RPS4X",0.723206467085749,10.8592485057231,30.403446896354,4.50535420296644e-05,0.000726836000583505
"CD164",-0.847372839171988,8.94756202229374,30.2495541008751,4.63515954921518e-05,0.000745476275807622
"AP3S1",-1.74043280190125,5.6495667619597,29.8593644008449,4.6714615349454e-05,0.000749010105618393
"RPL3",0.767336444204805,12.0261899078826,30.0960973992435,4.76048765307405e-05,0.000760950121180981
"PCDH17",-1.28706231870848,7.96547177339125,29.9894661710229,4.86549036832746e-05,0.00077453850688439
"ANKMY2",1.32968071418476,5.68394247171678,28.5853271341309,4.87513236588797e-05,0.00077453850688439
"TPCN1",-1.52345760323665,5.23004803003509,28.4407919728213,4.93358197585267e-05,0.000778481687766533
"LCLAT1",-1.03182480424501,7.08535509597641,29.3342290429596,4.9413360077675e-05,0.000778481687766533
"CNTN1",-0.949527830581789,7.84421816549895,29.9242192477347,4.94463210902026e-05,0.000778481687766533
"PKM",-0.62962218516985,9.53835744017257,29.8526510205404,4.97582578607105e-05,0.000781040281795596
"DNAJC3",0.79172170590885,7.51296893612187,29.774397278979,5.07113507449411e-05,0.000793617456119183
"TAPBP",-1.10585647158872,8.34212351994875,29.7247403486568,5.09928825366853e-05,0.000795641185132102
"ATP2B1",-0.936912168101901,7.15347752614727,29.7427981234367,5.14028902091198e-05,0.000799651509294849
"CFL2",1.20379962457263,6.34604275304452,29.4052236689918,5.22950720445253e-05,0.000811116740583779
"FAM210B",-1.02994957161958,7.06081188080975,29.4732387191316,5.36545366026622e-05,0.000829740422550637
"FAM162A",1.0550324029532,7.07155015831259,29.4318451891567,5.41581785002792e-05,0.000835058404191621
"CBFB",0.977037749353503,6.66659536342688,29.1216038148899,5.43870421957633e-05,0.000836120792815455
"PFN1",-0.680671067381744,8.35873257828996,29.2410456505495,5.56523335541017e-05,0.00085306377562255
"NR4A2",-1.58563259207383,5.96721007184306,29.2880503102239,5.58348939760563e-05,0.000853359622259784
"GOLPH3L",1.12896922322957,5.95762649964882,29.1825826575326,5.61280133056422e-05,0.000855338558450705
"MAFB",-0.809916143684863,9.82647886510885,29.1576062161617,5.64949107445487e-05,0.000858427030412081
"NACA",0.651072954029833,8.88107296924031,29.110566112526,5.69752791996975e-05,0.00086321676630962
"CCDC109B",1.47740960149472,5.3658402859625,29.0657776372904,5.85454173157819e-05,0.000883187583290453
"SEPN1",-1.77344411435432,5.90438816101854,30.067072641455,5.86313547736344e-05,0.000883187583290453
"MYH14",0.871773095570522,6.90853344740308,28.9315470944844,5.89724132544725e-05,0.000885772425520482
"UBA5",1.1754075855866,5.78553973468611,27.7031595235419,6.0351270770461e-05,0.000903885651338681
"MYO1D",0.929820851696485,8.10247027467386,28.7996072952775,6.05313746709074e-05,0.000903992844013809
"GLRX",-1.76851412412273,5.4548411343258,28.2156875851817,6.11355748886682e-05,0.00091041495710276
"CTSZ",-1.73629888758636,7.32031544476689,26.8659543075647,6.1687598208768e-05,0.000916025783628495
"BAG3",1.37612230118923,5.8702476035166,28.5597708203155,6.25406242541027e-05,0.000926061878119532
"CPQ",-0.934489689460119,6.62852443357724,28.4652360341554,6.36172316425181e-05,0.000939342570043622
"SAYSD1",1.33001150014218,5.6430353146268,27.74942564701,6.5089022287482e-05,0.000957083394222866
"PTPN13",-0.97248182112181,5.53679419699478,26.6512556441616,6.51849413321868e-05,0.000957083394222866
"EIF3H",0.715531141607447,8.26823287103254,28.3355690046525,6.5865586212254e-05,0.000964368120816392
"PJA2",0.765868567339678,8.22445268996579,28.1155051649247,6.87193606986363e-05,0.00100334105690439
"ROBO2",1.21182659786044,6.3281325269583,26.0709510684107,6.98752271254421e-05,0.00101737552140581
"INSR",-0.910029761765318,6.97338736347321,26.5889223316441,7.15317441146857e-05,0.0010386011846874
"VGF",-1.94584686636281,11.2710599132823,36.5325997072249,7.19577729565319e-05,0.00104189274028751
"HIST1H1C",-1.71550025968068,5.7138119795649,26.9228462929961,7.29524184376681e-05,0.00105337649495495
"MAN2A1",-0.942517955646695,6.32460776315736,27.7959040901971,7.38679951251318e-05,0.00106365843118199
"PLD3",-0.794599743629994,9.12929362882566,27.5336426329057,7.66128624619733e-05,0.00110015228595806
"SCG2",-0.947480094652904,11.2990582596615,27.4418047733247,7.78978073741217e-05,0.00111515606865546
"CFL1",-0.646793559179435,9.44059038752446,27.4303033478532,7.8084392792787e-05,0.00111515606865546
"SLC29A4",-0.693039652007003,7.9869764316532,27.432352559496,7.86737561286503e-05,0.00112051150758707
"G3BP1",1.13877672631673,7.22516620079547,26.4663175508415,7.9182779985757e-05,0.00112469671463465
"HN1L",-1.07147623189618,6.19041773870217,28.5482696181534,7.95902283356896e-05,0.00112742038891775
"MAN1A2",0.745619884617334,7.48159209171328,27.1948693533037,8.19834511542835e-05,0.00115818243022551
"RPL17",0.540242809977878,10.4820437448978,27.1291778135632,8.27222884038383e-05,0.00116547008487025
"EFNA1",-1.85020671965924,5.06916554533874,25.953587089238,8.43647908543231e-05,0.00118541602633212
"SNX5",1.19506383954189,5.94448388060926,26.6695958423698,8.69845607414346e-05,0.00121363620551289
"DARS",0.876428343815756,7.4106246298361,26.892282075515,8.70463489375766e-05,0.00121363620551289
"CSDE1",0.611150250975648,9.43294348519602,26.8652762720874,8.70697488171673e-05,0.00121363620551289
"IQSEC1",1.03109831178424,6.21330947314549,26.3211156694234,8.8392909260959e-05,0.00122880249124211
"BTG3",1.19779054649155,7.48826127828437,26.7134592588855,9.01752268428837e-05,0.00125025440506035
"TOM1L2",1.05732492933206,5.951857356195,26.0300623163576,9.1633127137077e-05,0.00126710676070238
"SCGN",0.723439242960664,10.8237294419624,26.5616161088869,9.23577875632442e-05,0.0012737576664725
"IDH2",-1.9788920012198,5.76116606674148,26.1847587271261,9.30508737113986e-05,0.00127993925497232
"CACNA2D1",1.57090292152539,5.9388044736207,25.3280171254889,9.34377034356064e-05,0.00128188681327537
"STARD3",-1.8658228995713,5.33561141355928,26.1007669023392,9.58399095497131e-05,0.00131140106601139
"SYNGR2",-0.959499483154277,7.46236232292102,26.1794068677796,9.9777805199412e-05,0.00136171955033245
"MTUS2",1.19837982879944,5.67429934355667,24.9624056550141,0.000100071794606607,0.00136217518335608
"BHLHE40",1.34994158765295,6.55464344868559,25.4289341099227,0.000100838564002,0.00136904720529468
"RPS3",0.584297477945348,10.896178307728,26.03337558264,0.000102469046278369,0.00138757954636538
"SLC7A5",1.57281437048588,6.70623919474712,26.0424712835514,0.000102911061135595,0.00138996412546706
"IAPP",7.35699090740645,13.6660384767907,51.7638733397552,0.00010569678170962,0.00142301398997837
"UBE3C",1.03551788329719,6.8245622276718,25.840968593561,0.000106136389783028,0.00142301398997837
"ELP2",1.08501190176544,6.11342662886086,24.7988649235387,0.000106174757239634,0.00142301398997837
"CALM3",-0.776010513650713,8.1785596286908,25.8027815920651,0.000107333602407989,0.00143486634216511
"PSMD1",0.911365129792241,7.51273688678911,25.8094740602146,0.000107837014682022,0.0014379185605687
"SDC2",-1.06571338873361,7.34098084377448,25.7508196037969,0.000109185883615778,0.00145220003475744
"HS6ST1",1.09678199963014,5.79212909677868,25.1394500030813,0.000111196563709574,0.00147518893022829
"ALCAM",0.891335389963866,8.3206742284864,25.5921078000034,0.00011211894627298,0.00148366008144016
"SLC2A13",1.49223781021274,6.82386834009352,25.5132064459093,0.000115377506175535,0.0015229248100493
"ALG2",0.980210511085794,6.46430411410124,25.4059446604505,0.000116787182103705,0.00153764886865508
"DCUN1D4",1.0380169577702,6.70334705971042,23.644055560592,0.000117159641163481,0.0015386769958832
"ARFGEF3",-1.20787713325474,7.8323204925226,29.0402736430801,0.000117773725842088,0.00154078901183935
"CYB5R1",1.05155542399797,6.49380366457021,25.3888923317448,0.000117910006645444,0.00154078901183935
"G6PC2",1.86116212686963,10.1021743858478,31.2291895815959,0.000118538849696404,0.00154277562172896
"LGALSL",-1.54278789049322,5.44061493063409,23.5581496028608,0.000118652343588108,0.00154277562172896
"TSPYL1",0.967132170855184,8.65021484936678,25.2622810534408,0.000120424630064442,0.0015619343457738
"LRP11",-0.674634252790173,7.55190872944332,25.1973579863796,0.000121800851274738,0.00157587388518083
"SUMF2",-0.909402944748846,7.17961956801262,25.1415719516844,0.000122916328024721,0.00158637937428448
"RNF187",1.11564445447072,7.19267173061221,25.1056565822242,0.000123764072804201,0.00159338622794965
"CRBN",1.08256359431709,6.48150885265948,24.5150136828552,0.000127833722514251,0.00164173677538572
"CKB",-1.08726283280088,7.29531043743558,24.9076958955582,0.000128911206848148,0.00165151685832174
"HSD17B4",1.30896925508786,6.23931782953903,24.2886750079758,0.000131151823850613,0.00167611389551871
"SORBS3",-1.28747014034428,5.15655511109706,24.6872431464237,0.000131482052237058,0.00167623582205635
"AP3B1",1.15715282302258,7.0166192057491,24.572415289002,0.000133267448379661,0.001694863631826
"CCNI",0.604494483531436,9.46594724050532,24.7088730875438,0.000133815622445386,0.00169770451097581
"EMC2",1.31718402317699,6.43512711337682,24.1383011260166,0.000134536790261206,0.00170272107190151
"KLHL2",1.3069802315941,5.37269684253042,23.5656942415388,0.000134902969122213,0.00170323144831355
"SPINT1",-0.843683713847774,6.59803755679588,24.5481289111308,0.000139837933953687,0.00176128405006246
"CD151",-0.840812116357963,6.84057789740542,24.4673400827878,0.000141477984374855,0.00177758235132735
"LYPLAL1",1.09657835679933,5.95622988867748,23.0680645532028,0.000141880932206128,0.00177758235132735
"ATP2B4",-1.90112950940102,6.30900567034789,23.5746712215302,0.000142152175790096,0.00177758235132735
"CNNM3",-1.08737405874588,5.76078941574097,22.786858021691,0.000145476820451932,0.0018143909272653
"RPS6",0.530643071735453,10.9892960854393,24.2917354492321,0.000145789973111044,0.0018143909272653
"TBCC",1.06953300328868,6.96782291212135,24.0628911618335,0.000148728695817393,0.00184656744189433
"TBC1D4",1.26682711562898,6.01112227534067,24.0049013030595,0.00014948132204255,0.00185151391070239
"TXNL1",1.11362775113655,7.05392286066021,24.0874047437359,0.00015146696188001,0.00187167330909412
"LARP4B",-0.883866100448382,6.9148055866317,24.0994369564946,0.000152006734008892,0.00187391320439735
"TXNRD1",1.17572879209991,6.84389149579322,24.0324898525306,0.0001540514741844,0.00189305444455322
"SREBF1",1.00977876023221,7.34788909188033,24.0472781924511,0.000154283756146866,0.00189305444455322
"DDIT3",1.54123328586132,7.49208698790362,24.0890570422636,0.000156129873738629,0.00191121978930167
"CCDC86",-1.16097154919683,6.1512097669031,23.6013777084515,0.000157129767695549,0.00191896564426317
"GK5",-2.06859022744657,5.47260222557663,22.6974286403068,0.000157988315534504,0.00192495320582483
"ISL1",-0.717599861257439,7.92758094317683,23.9013771923632,0.000158776352833942,0.00193005580526282
"ABCD3",-0.865317414782886,6.64552590671268,23.8909128195865,0.000159680077159232,0.00193653773390094
"CANX",0.654150942085459,9.21871524780929,23.8408714186027,0.000160189972137554,0.00193822450084027
"RNF6",1.66262694277361,6.93739995756833,23.6370907308148,0.000161934003532233,0.00195480146989142
"CBX6",-0.988042068559425,7.97211878746297,23.784495374251,0.000162356638536647,0.00195538744154621
"PTPRN2",-0.903064611334655,8.47190077548358,23.7009161464308,0.00016513303845065,0.00198425377467022
"MGAT4A",1.11854033046593,7.00725089063385,23.3781532392227,0.000166942785523972,0.00200139894480229
"AKT3",0.968296167253334,6.66401208195204,23.6291130179388,0.000167746521504581,0.00200409305946325
"RPL34",0.494878572912174,10.5158310751709,23.6146913736491,0.000167934333278152,0.00200409305946325
"PHKA2",-1.22047029749236,5.38377513741021,22.7474279030678,0.000169132961303743,0.00201379951875778
"PRDX4",-0.691164627193575,7.95029519606258,23.5481794895951,0.000170671693713107,0.00202750214326911
"P4HB",0.621827652801433,9.28763998018888,23.4624761680314,0.000173450683441855,0.00205584290782444
"AMPD2",1.06759715183648,7.22772851736545,23.4301461372955,0.000174866567106895,0.00206364486292896
"SH3BGRL3",-0.77814897542201,7.78840971170352,23.4287020242138,0.000174898541090019,0.00206364486292896
"TM4SF1",-5.75554555330099,6.60582827590431,24.9732036015334,0.00017752644357934,0.00208993405538111
"P2RX4",-1.4899987845508,6.56862803186406,23.3627859712252,0.000178315064288857,0.00209450076637721
"RPL5",0.517494612134669,10.6944463957207,23.2950092878353,0.00017969066046886,0.00210592619343213
"CSTF3",-1.19041870310741,5.7108422238149,23.179999827428,0.000180778492890415,0.00211393553095794
"PDLIM2",-1.36636749612001,5.90004368336596,23.160575559332,0.000183694002920212,0.00213614633058356
"CDH1",-0.71565461678327,8.06740551399373,23.1948730313731,0.000183859551111537,0.00213614633058356
"CORO1B",-0.877647784698729,6.30251678079506,23.2321630957671,0.000183903931272738,0.00213614633058356
"SQRDL",-1.56072153967922,5.28538452950831,23.834876299042,0.000185934697658767,0.00215494604137999
"BAX",-1.07634153846762,6.10466883735034,22.9672858187938,0.000187768329369635,0.00217138287082983
"DAPK1",-0.97051909185358,5.82346470572714,22.9488669306863,0.000190360716153997,0.00219587319726447
"CCDC28A",1.35088743745187,5.85521470284352,21.6881304877736,0.000191247932539654,0.00219587319726447
"TMEM132A",1.42642389532968,4.95838225212906,22.0665192496549,0.000191259779461917,0.00219587319726447
"RPS12",0.513374370649473,11.0046769064466,22.9949104643204,0.000191566515774364,0.00219587319726447
"GTF3C1",1.12311618038797,5.94817277349114,22.5246851812859,0.000193963089100022,0.00221611325183458
"SNRPG",-0.66435389118722,7.79060031434916,22.9353967516709,0.000194180193101251,0.00221611325183458
"ATRNL1",1.1741743743119,5.55763465999511,22.8065834251747,0.000195226238842222,0.00221842747893558
"MAL2",0.764730064355768,6.67278826111513,22.959795175451,0.000195231804153504,0.00221842747893558
"CST3",-0.594984348457748,9.95376586829794,22.8863327965713,0.000196101272923775,0.00222347365200124
"OGT",-0.79175656330248,7.54289395163765,22.8125211964469,0.000197864727451107,0.00223861240343493
"MALAT1",-0.574907874068711,14.2294110345113,22.7915830671227,0.000200120413746009,0.00225467983768077
"NAPA",0.683307380651426,7.87290860211309,22.8070183635053,0.000200147588422399,0.00225467983768077
"ECH1",-0.721637835378989,8.22552198161203,22.7732440835766,0.000201178734343888,0.00226142203100108
"ENTPD6",-1.28541692203706,5.70496582328712,22.3835382177337,0.000203766460984481,0.00228329184892976
"IGBP1",0.976519501543155,6.50708052001862,22.6677720193481,0.000203997951683604,0.00228329184892976
"RNASEK",-0.757792397811837,10.1428131585042,21.9400321148824,0.000204907781257304,0.002288574727846
"PCP4",1.00371542349874,8.06831123144463,22.5932972627619,0.000209783130788862,0.00233803075614793
"CERCAM",-1.71018753614256,5.83385113430099,21.7691455214341,0.000212730142869646,0.00236583075910562
"CKLF",-0.998979899359417,5.67024590644071,22.4257340561818,0.000219847625846836,0.00243979520233845
"PEPD",0.81776687359924,7.26079260320219,22.3244721210007,0.000223526429063601,0.00247081055087354
"PARVB",0.888938300367609,7.07575608572605,22.2957299272089,0.000223587792340383,0.00247081055087354
"PGR",-0.860841214838934,6.48674620749747,21.9559417684388,0.000231435622016429,0.00255213923265796
"RNF40",-1.1891656110633,5.10111509610432,21.9872552671125,0.000234191006123043,0.00257708713474768
"BACE2",-1.79515213914938,6.02898487937911,21.1956934807235,0.000234963142506555,0.00258015198714656
"TFF3",1.25875894194611,6.20899755967986,21.6083754898332,0.000236061859418228,0.00258678268171714
"CPLX2",-0.942330449928633,7.52077495037832,21.9224688472699,0.000242320838868824,0.00264981385934591
"PCK2",-1.68072029515177,5.48685538668599,21.7119725155109,0.000243348007983296,0.00265549068419351
"APLP2",0.725525839201101,8.77577154755042,21.85040995773,0.000245886784780436,0.00267760463343195
"WWC1",-1.46706464784058,5.85019615882193,21.8462745286765,0.000248856597882049,0.00270431068010285
"SPCS2",0.638443605321837,7.90127296842034,21.7458374910698,0.000251758504065654,0.00273016950363314
"ALDOA",0.654058653213077,9.40610263022834,21.676366813806,0.00025601220352412,0.00277055028534281
"IDI1",-0.829015511850275,7.42755646421306,21.644862209805,0.000258561500811049,0.00279235736516395
"RNF213",-1.04737638548578,6.36936510894825,21.3438375341328,0.000267998109015531,0.00288830126974058
"GNAI3",0.869848206668254,6.75332860334547,21.2203441833189,0.000273041879883834,0.00293660474517038
"ERRFI1",1.24820246108845,6.00118008546881,21.0646347049704,0.000277877839515895,0.00298247939866444
"ITM2B",-0.525711312715329,10.2773875964154,21.2313796506265,0.000282134944577493,0.00302196589202163
"FLOT2",-1.15906651780648,6.14596603804036,21.248585475629,0.000283027718834819,0.00302382476011379
"AHCYL1",0.607647640228242,8.70898413168904,21.2028802324574,0.000284039386230475,0.00302382476011379
"UCP2",-1.53019758432213,5.98167600947709,21.0169122613504,0.000284043994110555,0.00302382476011379
"ISCU",0.612675325984878,7.91008434068752,21.1463671247129,0.000287937393306917,0.00305904218458386
"SLC35B2",-0.887543741527266,6.4553054325698,21.1566310906938,0.000288928903994769,0.00306334965756725
"TRIM2",1.11646540318437,6.53685452709696,20.7741297326926,0.000297506613362078,0.00314790904462263
"H1FX",-1.03467534864013,8.56874163309962,20.9729601459578,0.000299172988881089,0.00315914588460899
"EIF3D",0.825758269974523,7.4094147488795,20.912162604164,0.000304727919008525,0.00321131619487411
"RAB3C",-1.77707456450283,6.38818984349037,20.9333449856586,0.0003061407848968,0.00321588500604493
"ZBED3",1.04854094686059,5.20145746874837,20.4462976336631,0.000306391951982089,0.00321588500604493
"SURF2",1.0662104388809,5.93251664424149,20.6724605439074,0.000307863262430149,0.00322485224994467
"HSPA13",1.05537251244836,6.53302356117718,20.8943592377483,0.000308617991927859,0.00322629248761384
"SLC50A1",-0.979204221759542,6.27574461022872,20.8795625981684,0.000309760364005164,0.00323177130270458
"FAM222A",0.911944019963328,6.57181213252375,20.4215016231729,0.000312243746617036,0.00324663642890817
"PKNOX1",1.44507967045549,5.74067205840384,19.8393143750373,0.000312427419885366,0.00324663642890817
"SYNPO",-0.995741953929196,6.68061963816834,20.7541519877421,0.000318115968202066,0.00329919080514325
"TBL1XR1",0.90052816519234,7.91419577877853,20.6750279435876,0.000320348265468377,0.00331231604649795
"MAP2",0.908004165687825,7.56939379370153,20.6758346201652,0.000320648922810017,0.00331231604649795
"CCPG1",0.968959698756311,6.41654196555119,20.2966639123589,0.000322311950970132,0.0033229281414613
"ANKRD46",1.17117907311755,5.63972682848394,19.7361937977106,0.000327977493988676,0.00337468181314726
"VMP1",0.888643500374608,7.66790441174779,20.5401258894071,0.000331765917386522,0.00340695569779833
"ITPK1",-0.880161569244097,6.49001041403166,20.4715998285112,0.000337850057636791,0.00346263186523041
"ELMO2",0.954724996344117,5.81967536944021,20.0005610833633,0.000342376155954194,0.00350092489868851
"TMEM38B",0.890927272752632,6.18310276668634,20.116737028306,0.000342925874905016,0.00350092489868851
"KCNJ6",-0.965626424007368,6.84264837955976,20.396685316817,0.000343733793797282,0.00350233243699492
"RRAGD",0.932718298070693,8.02158485167946,20.3604607408912,0.000344788080250359,0.00350623987445258
"VKORC1L1",-1.31169973773398,5.04218253604402,19.7346787346437,0.000345764899844,0.00350934588637784
"SLC9B2",1.15205807581566,5.35781443381381,19.6613302206006,0.000348258644564993,0.00352780607585508
"NR0B1",1.16968900685507,6.17205368472583,20.2411963640935,0.000349730052021338,0.00353585876579407
"KLF11",-1.47889499436404,5.57426502205219,19.9842022871032,0.00035079967949447,0.00353982610949343
"RPS18",0.506128236288598,10.72504062275,20.2480893102046,0.000353084910033454,0.00355602085692652
"ST7",-1.1823997359687,5.41410275100051,19.9117509215411,0.00035432034497132,0.00356160085224056
"FAM46A",-0.837930982440487,7.04744258590413,20.8849052459205,0.000358472724185982,0.0035964240485991
"DNAJC21",-0.903234931987379,5.9262423092108,20.0934031704673,0.000361219066611432,0.00361703459995777
"PPIF",-1.05656151870574,5.47756718933559,20.0047202630587,0.000371174340612656,0.00370961429901024
"BPGM",1.03901807110135,5.24610482578505,19.3249541921068,0.000374924706381605,0.00373994549667299
"CNP",1.040857847798,8.1067185060709,19.9823484187553,0.000377403607008944,0.00375750219778238
"OTUD3",1.19291175268843,5.89246791732966,19.1611428112015,0.000379755920595859,0.0037737342147425
"HSPA8",0.68886308613959,10.1696640167291,19.9050003911787,0.000382457922338473,0.00379337297924705
"RAP1GAP",-1.11809127423467,6.5147294274645,19.8595854007953,0.000385053652051198,0.00381188530165079
"BTG1",-0.69111303745694,8.61709180401348,19.8508892453338,0.000387479681316232,0.00382865083977305
"ASNS",0.825244176106882,7.02180720382188,19.8139825989929,0.000393704217153887,0.0038757719329499
"SLC2A1",1.19348191392004,5.35449488233259,18.3993295061364,0.000393731566174937,0.0038757719329499
"RHOA",-0.482617381506727,9.47536324007994,19.7622799327488,0.000395443053882322,0.00388530233579492
"FBXL17",0.977376544951078,5.73142657936946,19.6775735162507,0.000400898679431883,0.00393151481686765
"SLC39A4",-1.15270192666865,5.26800280201532,19.5638663553647,0.000408900783480655,0.00400248014092394
"SNRPB",-0.810764800981147,7.3842042564992,19.5753705775464,0.000413875295690497,0.00404360031883034
"PPP1R14C",-1.8128623515885,5.48223687666111,19.2683371676869,0.00041702534241521,0.00406677512090355
"TMEM123",0.838523003602729,6.7983632526871,19.5580618276851,0.000418068888756194,0.00406935955591923
"METAP1",1.04369648730754,5.36018493570888,18.7544165220458,0.000426057988534054,0.00413941469529275
"LPP",-0.974181996293891,7.68912261204001,19.4320371996516,0.000430700742413964,0.00417290260970879
"PRKACB",1.05879570866597,6.35370069437487,19.2760629812754,0.000431101474888606,0.00417290260970879
"ROMO1",-0.63216491395827,8.59439472962942,19.3300253734094,0.000438012986879903,0.00423196651094501
"GSTK1",-0.893132246423203,6.081705540935,18.938611992549,0.000446602725654819,0.00430699713468218
"NPTN",-0.729729573614569,8.01419244403161,19.1926038956269,0.000452940820453954,0.00435891093816671
"HMGN3",-0.719685301759274,7.40598279557789,19.2023047872814,0.000453653635041647,0.00435891093816671
"TMEM9",-0.754161438329498,7.95367655184837,19.1670992255293,0.000455860135074185,0.00437207509363811
"ODF2L",-1.10713792909226,6.78787522234873,18.6757180278663,0.000458029455753452,0.0043833075920095
"SLC43A2",0.97147889598612,5.99560619691788,18.8633270417606,0.000459869346943187,0.0043833075920095
"SEC63",0.692845716919502,7.4825889784358,19.1347692415736,0.000460197283385507,0.0043833075920095
"APRT",-0.705846518941249,6.72858616716441,19.1462409974574,0.000460385664437194,0.0043833075920095
"AP1AR",1.50697625441306,5.50802884038894,17.702527777984,0.000461473339963121,0.00438567481452224
"TANGO2",1.08968336574471,6.25763659790781,18.5018060955061,0.000464858531534719,0.0044065446299041
"SLC33A1",0.974418459822644,5.57287158952399,18.9784749636323,0.000465355392329647,0.0044065446299041
"GUSB",-1.04920626948899,6.19141068252918,18.9337342808622,0.00046934836225989,0.00443631806425397
"ALKBH3",1.56207952235144,5.35624585502602,18.1515001057139,0.000474579581268287,0.00447766691568472
"CDC37L1",1.22348704531253,5.68535717214415,18.5187077073988,0.000481542564491228,0.00453517654882099
"RAB15",1.22230066612718,6.04674615942509,18.4654126666977,0.000483404995248776,0.00454452861540531
"TPM4",-1.18145982046048,7.13313030362176,18.8946688694014,0.000488379963921438,0.0045830557835141
"TMCC3",1.18182236461374,5.97049026987687,18.6884430329288,0.000496177564269599,0.00464788553483368
"BNIP3L",0.817147184629354,7.90177405963376,18.7688889161398,0.000498223508378304,0.00465870175007763
"ENDOD1",1.41278807649941,6.08913602817242,18.7509521551472,0.000501625711293788,0.00468213855880827
"SHOC2",0.801017604345243,6.39603199343377,18.7055127095822,0.000510244085246283,0.0047540923949774
"UCN3",0.90327414013414,7.71338341170761,18.1930891036407,0.000512064083844763,0.00476256043817896
"SAT2",0.697815514475763,6.71668960114942,18.6842764910566,0.000513947343586513,0.00476540141786812
"CPT1A",-0.968579585690472,6.07465430456334,18.6701326759976,0.000514192921308135,0.00476540141786812
"GNA13",1.04027460136453,5.74457120772029,17.8966615553736,0.000520632371044681,0.00480535330648998
"INSM1",0.721187261319444,8.14635644331031,18.6157701040643,0.000520866429193188,0.00480535330648998
"BCL3",-1.52599138410821,5.02164608239463,18.6211064852495,0.000521261780137712,0.00480535330648998
"SLC11A2",0.832112159835972,6.33674009089592,18.3278010637789,0.000524680288655541,0.00482835188169456
"RDX",0.655627910321575,7.18696626294795,18.5758569949264,0.000526420817192729,0.0048358552046861
"ABCA3",1.06798875937783,5.77572171198418,17.9194472383323,0.000527982978539597,0.00484169654180083
"RPL26",0.456269262623795,10.5627603709496,18.5343586862632,0.000530355118788993,0.00485493205938716
"GNG7",1.04180750279701,5.77355129288925,18.4169524853872,0.000531949879348602,0.00486101751635514
"RAB3GAP2",-0.900307562395993,7.36799231677317,18.5099125912577,0.000535068570555446,0.00488098327799881
"TACC1",-0.683771710053993,7.12473213779594,18.5146373402722,0.000537102041062973,0.00489050116311537
"HIGD2A",-0.682657251967556,7.33363424328642,18.4823624813179,0.000537983196631211,0.00489050116311537
"FAM222B",0.981286747709549,5.78663649202138,18.1588083212693,0.000554336987888763,0.00502959069161642
"RPL10",0.41312021225346,10.9597696893358,18.3469239322735,0.000555208308602004,0.00502959069161642
"VPS35",0.641762084260351,7.49823117244712,18.3296177931354,0.000560510292058259,0.00506303653219735
"RMND5A",0.964542749090976,6.32076911218394,18.0760255201199,0.000560837603241298,0.00506303653219735
"TBC1D9",-1.19397938093149,5.8012860140396,18.3308457259789,0.000564973040452607,0.00509157600421686
"GRINA",-0.847982897097218,7.4907870021667,18.2621633710304,0.000567691259361956,0.00510049139780849
"BACE1",-0.725150962195891,7.19497506992989,18.2766084968698,0.000567913907312902,0.00510049139780849
"TRAF7",-1.35051859082645,5.00044502237064,17.5964658185742,0.000570138208486339,0.00511168510421628
"GNPDA1",0.780296818448559,7.08341047355423,18.2350707319745,0.00057384275248096,0.00513608915619517
"ZBTB20",0.775285907221817,6.69870175171116,18.2026669143602,0.00057524825117629,0.00513986770751875
"SLC8A2",-0.991871611346545,5.53204468649463,18.1631555881632,0.000585436192652808,0.00521499687957384
"CLCN3",0.702730010032116,7.44978920839895,18.1498418132162,0.000586313516811898,0.00521499687957384
"ATP6V1A",0.62606556301014,8.00681356946496,18.1288495687243,0.000586649735065892,0.00521499687957384
"GSTO1",0.60384014572555,7.24959049661795,18.1219940309794,0.000588974212789561,0.00522677115492535
"RPL31",0.452815619939426,10.7472199034512,18.0467726619778,0.000597799422616651,0.00529609759663938
"HSPBP1",-0.973432899459006,5.75779106676028,17.9847213590582,0.000614003179088611,0.00543044774466357
"TMEM106C",-0.861654684206973,6.82311178482849,17.9421987807539,0.000617472769340837,0.00545190906308202
"SMC2",-1.03666962922654,5.26068259279767,16.8455075453644,0.000624343325369342,0.00550327582075135
"DUSP23",-1.28943616818309,5.30990124709768,17.4080815443529,0.000630051768083696,0.00554242380003274
"EPAS1",0.952170587108514,7.16512303355926,17.8551918822199,0.000632384334824203,0.00554242380003274
"NOMO1",-0.945809579466489,6.20757440642787,17.5819295248968,0.000632997724320266,0.00554242380003274
"PCLO",0.751387987888284,7.3628205385417,17.5633292162894,0.000633026020397847,0.00554242380003274
"TBL1X",-0.854425037839664,6.68575478023693,17.7929515073278,0.0006399224563401,0.00559343591854465
"SCP2",-0.624561465014472,7.98804776207642,17.7676815956378,0.000641509485565918,0.00559794671294332
"PLAGL1",0.790533136748137,6.55543331144299,17.6722015200036,0.000646715846058487,0.00563397287891286
"OSTC",0.821837710270751,7.77421015150077,17.7209165811433,0.000649210140282129,0.00564629185233725
"OLA1",0.906574278967744,6.58559177299372,17.6891591049632,0.000656237737879854,0.00569634000467134
"LTBP3",-1.24156969858218,6.20051705172649,17.7048730472083,0.000657144255369585,0.00569634000467134
"LASP1",-0.890035633985357,6.62359410920178,17.6674422391157,0.000660844314611589,0.00571892919283903
"RSL24D1",0.837805739986756,6.64298257121498,17.5059108439906,0.000686988726363403,0.00593244300181487
"ACADVL",-0.657660727293042,8.02990097358179,17.4864264077209,0.000688418239225148,0.00593244300181487
"RNF13",0.652415747624438,6.73706437593115,17.523821888369,0.000688921542395566,0.00593244300181487
"RPL23",0.507953861931151,10.3640749775705,17.469891630539,0.000690427339792441,0.0059356310939064
"TXNDC12",-1.00707347036756,6.61704864222842,17.4738056501619,0.000694603270383557,0.00596172626320994
"ARL6IP5",0.737722045007569,7.90757892798362,17.4189765361981,0.000703060862695765,0.00601796513726649
"MAPKAPK5",1.337285118193,5.14951752172571,16.6523248732941,0.00070422950265831,0.00601796513726649
"MTMR2",1.00391172307499,5.74460949017161,17.1545061132817,0.0007050656716141,0.00601796513726649
"SCN3B",-1.12631125837371,5.90443180623413,17.3784175454,0.000705760977452527,0.00601796513726649
"TIMM17B",-0.792458189727685,6.95193398566295,17.3521347906231,0.000713846220325966,0.00607699380072284
"MBOAT2",-0.939523748387668,6.18450862240985,17.196923215014,0.000715499502567696,0.00608116406491276
"CUL1",0.912727642279869,5.60654015994268,16.8138351634125,0.000717876100236907,0.00608348548371103
"CCM2",-0.963858731328404,5.76566488284065,17.3498177922102,0.000718100352678344,0.00608348548371103
"MRPL50",0.924078732481128,6.09976077058886,17.1126234409113,0.000724043057464216,0.00612390463004119
"SCG5",-0.577574541808757,11.8668725301107,17.2136203704853,0.000736648916901725,0.00622045862462894
"UQCR10",-0.553179548028889,8.04193493361505,17.1826274918778,0.000742884678446841,0.00626299711974458
"SPRYD3",0.576404120640703,7.5502794743582,17.1532046845199,0.000749438617735547,0.00630807673897536
"AP3M1",-0.726464822378562,6.4023915746797,17.0711597836957,0.000753984247713064,0.00633613450610319
"C2CD4B",-1.2744780339048,8.55104701677887,17.1796226990702,0.00075987157087755,0.00636644743723843
"CDKN1B",0.83934774726184,5.33747714184158,16.9707574189562,0.000760027396372064,0.00636644743723843
"TXNDC11",-1.39072978916787,6.97958373890777,17.1732554861186,0.00076334079570449,0.00638397174263579
"PBX1",-0.728858146687059,6.42134303018943,16.979767632077,0.000767287708240733,0.00640672979388867
"STXBP1",0.63606140368698,8.51560269098632,17.0156557807004,0.00077576560029814,0.00646718786723824
"RCN1",-0.833640409008413,6.48831683902722,17.0158051752713,0.000779012124309815,0.0064839114231965
"SETD7",1.19697791271796,5.34872008078109,16.7228255035749,0.000782750077012099,0.00650466558432789
"CHID1",-0.904012316201133,7.48787472164335,16.9913297678951,0.000784869687337587,0.00650646785100224
"HSP90AB1",0.507063889104544,11.0687289692698,16.9622384333069,0.000785456516927953,0.00650646785100224
"PPARA",-0.897500848292311,5.80423224758503,16.5991766684186,0.000790415361259919,0.00653718527421771
"CRIP2",-0.577915928279995,8.3747016313548,16.9307484568626,0.000792491953481675,0.00653782891840998
"MGAT1",0.757747515845998,6.37685985376581,16.942338784166,0.000793422655646772,0.00653782891840998
"CHMP1A",-0.822119020367621,5.84379217702647,16.9581170304539,0.000794245525768192,0.00653782891840998
"TANC2",0.794179819141721,5.80920678597594,16.8326180212296,0.000795942057606895,0.00654149235080383
"GNAS",0.48739163613648,13.278307385577,16.8408238380984,0.000810290451630549,0.00664896105286166
"SESN2",-1.28335495808882,6.48851121249531,16.8529473648212,0.000812324015337178,0.00665520004414958
"DIP2C",0.836597693543873,7.03973494682874,16.8333043809668,0.00081564360301357,0.00666447017160551
"BCAM",-0.945349557349965,5.96197372667986,16.6953269315911,0.000817142997664784,0.00666447017160551
"MMAB",-0.949910956031084,5.82662008528214,16.7941490591711,0.000817280539506243,0.00666447017160551
"OCLN",-1.32321888915625,6.3118567247294,16.6845386266531,0.000818794129002616,0.00666641263597613
"EFNA5",0.826488986596772,6.9950733028594,16.7339123465351,0.000831568360047834,0.00675988774178853
"TSPAN33",-1.14486179330466,4.66987736822815,16.5473078111908,0.000843732973319332,0.00684812461419278
"EPRS",0.817208580780612,7.74992826242415,16.6700062221075,0.000850370263992154,0.00689129514711161
"SSR3",0.639079683336955,8.10760618256137,16.6267653270538,0.000856919145901857,0.00693361668054026
"SLC4A7",0.923260559299955,5.42654030315354,16.3112240754331,0.000861429255477796,0.00695933650445509
"RAB18",0.7816846627973,7.44927886745621,16.6080725401719,0.00086280392846443,0.00695968539210428
"FTH1",0.734487853861502,12.0916899093275,16.5567363799417,0.00087200802228875,0.00702309080508982
"FOS",-0.849606587752862,9.66512273880298,16.5346925677554,0.000877289003158309,0.00705093902177973
"LSR",-1.09405280523355,5.90679427686794,16.5589383232505,0.000878163631754085,0.00705093902177973
"BBS4",1.00778834617104,5.75988870702402,16.3522866407558,0.000880296903857927,0.00705722686574445
"NPC1L1",-1.25210368157275,5.54451351570154,16.1154708296677,0.000903034300823781,0.00722842310935054
"MLH3",1.07364274552466,5.5369915152121,15.6597968417499,0.000908877423326722,0.00726349434657269
"MLXIPL",0.661492390250944,7.79614147094936,16.4156642354189,0.000910442679538455,0.00726349434657269
"SPCS3",0.794683575618941,6.94921190497235,16.4094861908167,0.000911584521016201,0.00726349434657269
"AIDA",0.740333645190639,6.2152981104125,16.4093997119072,0.000915070645418703,0.00728017391720481
"PBXIP1",-1.54972054466948,5.44193675907568,15.9857581794209,0.000921131656056611,0.00731725709150138
"SVIP",0.594858672412845,7.6233438460584,16.3312805673441,0.000927026078859647,0.00735290639483972
"UQCR11",-0.54487644704409,8.75671483298242,16.2991164437124,0.000932790005292038,0.00738741417827497
"CTSB",-0.657177136670924,9.24688714072606,16.2836422221285,0.000936787367825483,0.00740784806599667
"ATP6V0E2",0.726668792656863,7.56666233571535,16.2837220907161,0.000942424041353578,0.00744116384313467
"CRB3",-1.05453654138801,4.93038099508422,16.251343762677,0.000954842719759717,0.00752691347335325
"NENF",-0.554850227807476,8.64241402194101,16.2023301070706,0.00095677527325547,0.00752691347335325
"EBAG9",0.99901893056087,5.65053299180937,16.1270755437596,0.000957604258614867,0.00752691347335325
"G6PC3",-0.73680756849817,7.10918642179967,16.2003335550293,0.000961162214737708,0.00754353588053153
"TMED3",-0.767610803059775,9.01524404347734,16.1730112508204,0.000964141245066901,0.00754434284813397
"KCNMB2",-0.959000191183011,6.70726559842943,15.8585848894341,0.000964151716578055,0.00754434284813397
"TMSB4X",-1.04315156767718,9.59859016535415,16.2424920802861,0.000966341801553069,0.00755017727461568
"SYT5",-1.25189841680501,6.48806644960034,16.1156696061897,0.000971958920658148,0.00758228210085294
"CBR4",-0.986879410064201,6.25740496313423,16.0042525173854,0.000973352073784642,0.00758228210085294
"NDUFA4",0.635797891687046,6.82461312364466,16.1302527827803,0.000979572052897729,0.00760909374074734
"ISYNA1",-0.844684393925252,6.0115550756274,16.0901480636388,0.000979705392677054,0.00760909374074734
"TMEM147",-0.598838468621412,8.07369917660715,16.0914102537891,0.000985399559297673,0.00764196364458299
"EBPL",0.898377467220249,5.7634128739405,15.7599143688276,0.000988980592801431,0.00765837267936753
"STK4",-0.878410326608289,5.77972061554184,15.5845521305233,0.000991310972232198,0.00766506279860606
"VARS",-1.07457739466969,5.34674210166054,16.0667563970156,0.000998844612810725,0.00771190663391678
"MTPN",1.19666847026672,5.57052654625994,17.5935903365731,0.00100464234787452,0.00774522942823027
"MED19",-1.0614420664515,5.09182689690147,16.0003586822518,0.00100882413064926,0.00776601433122782
"TOB1",0.961482538013293,7.5537977656118,15.8972895143276,0.0010133695401277,0.0077798926230869
"RPL13",0.409283294280284,11.2656750150674,15.9720540947261,0.00101644828889536,0.0077798926230869
"DTX3L",-1.11978387313082,5.80397796183911,15.6793794637294,0.00101674214605005,0.0077798926230869
"ATP6V1G1",0.460265740458968,9.36415918392995,15.9692831267293,0.00101732693119701,0.0077798926230869
"RTCB",0.782148466402081,7.3284249304129,16.9605196193945,0.00101806897918336,0.0077798926230869
"SNCA",1.10410198159959,5.45397009878769,15.5214058399478,0.00102171289625349,0.00779634059666715
"FAM107B",-0.94080391319335,6.05425623203948,15.9725631252398,0.00102753414496121,0.00782933086838518
"CDK5R2",-0.72025642154583,6.78136072999978,15.9326061628519,0.00103142723603998,0.00784755482209747
"SEZ6L2",-0.657183763765471,8.66950860644803,15.9108408136111,0.0010333143647275,0.00785008414992702
"POLR2L",-0.549827465382596,8.45746351265253,15.905592682507,0.00103476334021422,0.00785008414992702
"SLK",0.80865789883265,6.55163053815587,15.9316159679071,0.00103770883749616,0.00786102042549629
"DNM1",-1.01111044408618,5.75732832280935,15.8929541828213,0.00104953313953584,0.00793867419717152
"NFE2L1",0.605118951279545,7.26614301684854,15.8559054104501,0.0010515044195813,0.00793867419717152
"FZD3",-0.912658770094386,6.06812592002816,15.7977518416252,0.00105251601657545,0.00793867419717152
"LYSMD2",0.813729722271365,6.47330923225726,15.7999802171665,0.00106615422076367,0.00802995405177478
"H2AFY2",-1.22999902505995,5.01416953349256,15.6797890310074,0.00107852201371133,0.00811141664125052
"HNRNPA2B1",-0.564496462552681,8.80747873771886,15.743137833524,0.00108057184406586,0.00811515665076474
"ATP13A2",-1.36974249238908,4.77661716313305,15.3791389372592,0.00109012866735014,0.00816955963404928
"TAPT1",-0.954210146153708,5.4845127946546,15.6388744905989,0.00109094176861802,0.00816955963404928
"CDK5R1",1.31069788224496,5.06560147432662,15.2526572291658,0.00110103333063746,0.0082333350775994
"CCND2",0.709118124778448,7.03733232303082,15.6759781748156,0.00110466487816808,0.0082421617437064
"SHISA5",-0.595589519831442,7.13277027886953,15.6593884146627,0.00110672666542358,0.0082421617437064
"ATP5E",-0.558511165495992,9.70841445851613,16.0855433496078,0.00110694424030647,0.0082421617437064
"SOX4",1.78599448615472,6.21908648074907,15.1881936270026,0.00110889999022311,0.00824497901692207
"BIRC6",-0.925145422053332,6.90612023786256,15.5740619325601,0.00113532390462565,0.00841723659004716
"ST13",0.573803352686711,8.67896570467605,15.5566406397881,0.00113592133857332,0.00841723659004716
"SETBP1",0.880294924057647,5.45785240143462,15.0351410609861,0.00113689860963713,0.00841723659004716
"DBNL",-0.929882936077997,5.73525986128609,15.5416210717468,0.00114789629342083,0.00848663921599813
"CHD2",-0.790849099288416,6.97676822371476,15.455883664034,0.00116550123936721,0.00860462567538474
"UBC",0.389367601628219,10.3543828958993,15.4300459726204,0.00117490806942845,0.00865819831247164
"RIMBP2",-0.832104390757944,6.66437284145838,15.4284587121956,0.00117611437753344,0.00865819831247164
"GLB1",-0.745736536285698,7.29973806693091,15.437113556096,0.00117932188997435,0.00865819831247164
"TMEM87A",0.804584541837892,6.84458122697284,15.4253082444759,0.0011794090441729,0.00865819831247164
"MARVELD2",-1.03203069639256,6.47408914946797,14.8803490019434,0.00118103986929257,0.00865819831247164
"OSTM1",0.97403500505841,5.98568822309404,15.2912973435489,0.00119258126661729,0.00873056341821931
"REXO2",-0.73364160641522,6.56160134344473,15.3745828642263,0.00120069676225347,0.00876701728220276
"PFDN5",0.517591827657201,8.85086039247395,15.3505520848466,0.00120091531931455,0.00876701728220276
"PGK1",0.507630960972508,8.62748291955063,15.2989684503574,0.00121794608715417,0.0088789458822243
"SLC18A2",1.16937027475979,5.78870630985004,14.7747380535443,0.00121991618717244,0.00888092188071078
"PCNX",-1.69360125094075,5.19276652204261,15.1706174547941,0.0012320880736271,0.00894500033492635
"CYC1",-0.507363394465868,7.4576435097226,15.2576311229368,0.00123214085348134,0.00894500033492635
"TCF25",-0.602320322634033,7.23690739955668,15.2481794764203,0.00123724756424659,0.00896961583677796
"PCBD1",-0.603615148036745,7.79043557941628,15.1924121619343,0.00125432737264594,0.00907857336182215
"PSME2",-0.758999496437479,6.87427440545205,15.1941115769774,0.00125575062953844,0.00907857336182215
"RGS17",-0.96178218662606,5.67793803560212,15.165614660085,0.00127100177255006,0.00917614125016462
"CNDP2",-0.609200495377865,7.02627339588225,15.1410276790267,0.00127320005383531,0.00917933335365129
"ERF",-1.16881199423731,4.93847945073701,15.0796689398707,0.00128711001501196,0.0092668375323244
"TSN",0.717674862465464,6.7944177135971,15.1089746588816,0.0012895629618941,0.00927172710016573
"RPA2",0.620257471895799,6.67275756061029,15.0907360799302,0.00129213126519054,0.00927743148784473
"ZNHIT1",-0.529036146614558,7.25044353578465,14.9918695490072,0.00132601488539741,0.00950354958727222
"NDUFB2",-0.459848234297918,8.42547883076787,14.9825086192431,0.00132726060813253,0.00950354958727222
"MPDU1",-0.883799242142248,5.96442996463075,15.0020651874599,0.00133224639855998,0.00952619962417649
"AACS",0.635556087526311,6.96180811549385,14.9014540897636,0.00134834656674738,0.00962815232839967
"EIF5A",-0.516641900504621,8.05685102806021,14.9109141426725,0.00135394114436643,0.00965491181664846
"RTN1",-0.759147816788678,7.10249058032737,14.8873333761355,0.0013653086362214,0.00972270877592544
"BANF1",-0.682656346054868,7.00206118233508,14.8400079421355,0.00137473560418664,0.00976617830419602
"SLC4A2",-1.01625900624867,5.2770583380325,14.8469081633672,0.00137514965216917,0.00976617830419602
"SGSM1",-1.05097373762368,6.68124107355987,14.4635333791485,0.00138206062682296,0.00980194151479456
"FAM104A",0.772799059520257,6.18837464469686,14.7056853693664,0.00138516132224092,0.00981062090969282
"ICMT",-0.613383826737881,6.45427227350787,14.8302478975968,0.00138944536892294,0.00982764674338323
"LRP5",1.03579602221307,5.12136998492123,14.7671560759088,0.00139843412543565,0.00987785834277319
"VASP",-0.96131242692956,4.68313892008064,14.7912306268585,0.001404376158998,0.00990644289214918
"DSG2",-1.29991510557245,6.456514962362,14.7058733322984,0.00141429707211889,0.00996297950938741
"SEC11C",0.922264002682626,9.28822483125999,14.8003817830539,0.00142163842326534,0.0100012167407913
"CD276",-0.939475926300736,5.49299567801383,14.6662603638037,0.00144305559149292,0.0101382413665773
"MAP2K7",-1.15089344735996,5.12537238090696,14.6634158983227,0.00144841870141909,0.0101622611440505
"PLOD3",-1.3604683424071,6.40286857572049,14.6393711014958,0.00145998462320709,0.0102296777821762
"SBDS",0.521295534944364,7.71707314623873,14.6271666801239,0.00146468018319415,0.0102488397825379
"KCNK16",0.943515960215637,7.78185955224936,14.6001366577911,0.00148307691802689,0.0103636939178162
"ATP6V1D",0.553096709091558,7.98817107857112,14.5724497638738,0.00148769989885709,0.0103821193208625
"KLF10",0.920716501776756,6.89071648116394,14.4580801376844,0.00149280090036444,0.0103956885762591
"MAPRE2",0.615770927674644,7.3453009422951,14.5657338600697,0.00149362198599017,0.0103956885762591
"VAV2",0.915589154149786,4.85139822005339,14.1463228867498,0.00151376820611815,0.0105218968263026
"CCT4",0.614517930552305,7.83136276954112,14.4654924042131,0.00153269588627974,0.0106349720983877
"GPD2",0.816877546686289,5.67619402789198,14.3147363182261,0.00153410540696085,0.0106349720983877
"TSR2",0.632708976135599,6.94661274754129,14.4641237572135,0.00153891209934339,0.0106541636334674
"SERF2",-0.479630997774875,10.6814056551422,14.3782418440553,0.00156850500681373,0.0108446768129833
"EDN3",1.04201148860021,7.37294870132816,14.2892681179324,0.00157661367578996,0.010886340400732
"TLE2",-0.874600141666176,6.46242135336081,14.3384367697393,0.00159292517923053,0.0109844589865936
"OPTN",0.720806994758308,6.73651187887454,14.237506490522,0.00161618606481629,0.0111301772869496
"IPO7",0.621837753689956,6.84164092895463,14.2573074294873,0.00163034720374724,0.0112129274131406
"RPS13",0.388293025395653,10.0017094776996,14.2236117002702,0.00163811779396255,0.0112515659777165
"PRMT2",0.620370714719385,7.78687263371469,14.191045360008,0.00165739088495307,0.0113690054536085
"TBRG1",-0.895448441183279,5.83294779240466,14.0652833821749,0.00166223108033099,0.0113872632462518
"POP5",0.773374366423646,5.8565257516799,13.9858865764317,0.00167160051943826,0.0114364606218636
"ZKSCAN1",-0.660530226708452,8.20566258658254,14.111996883069,0.00168138326186463,0.0114883533460999
"ARMCX3",0.691716489323974,7.12830453068561,14.1351335528058,0.00169019318654419,0.0115334723055698
"HSPA5",0.789720497192791,9.73907016332036,14.1053464330711,0.00169377087949788,0.011540005551672
"SLC25A24",0.75930620962409,5.6961772401359,14.0502723539455,0.00169556614954737,0.011540005551672
"SSTR2",-0.69869015781461,7.12049359488962,14.0839730202223,0.00170875366879743,0.0116146364457792
"ZZZ3",1.14213802027888,5.65113195618469,14.0730493163269,0.00172204792850469,0.0116897980809013
"PPA1",0.587939256100918,8.12584073629672,14.0458839406541,0.00172481297962248,0.0116933818994639
"TPST1",-0.780561600228374,5.74811418770639,14.0051284489319,0.00173348777791262,0.0117369697087425
"WFS1",-0.509920639500981,7.76696305042526,14.0237162273338,0.00173691627467542,0.0117449694278505
"CACNA1A",-0.746041157424195,6.61201612875099,14.0068036313871,0.00174817000273818,0.0118057940624192
"GCC2",0.680643570859677,6.94065564722418,14.0024086663032,0.00175269504305876,0.0118210799871847
"MFSD10",-1.54479770748836,5.39213306820179,13.8114533552645,0.00176046076764478,0.0118581551964939
"RBMX",0.588123925056334,7.19626834889471,13.9623087380074,0.00176317066834437,0.0118611236595058
"HOPX",1.03141201903075,6.98119775187804,13.9406901289479,0.00178602274006295,0.0119994098487263
"DLG5",1.25601338043942,5.40167749516852,13.4846629665967,0.00179240167793797,0.0120145480309992
"NCKAP1",0.515380756016959,7.81455705435039,13.9126145562895,0.00179287305608942,0.0120145480309992
"NR4A1",-1.43851170344397,6.75861341666714,13.9712428585557,0.0017964468915474,0.0120230831013038
"DNAJC12",0.567094059141479,8.08695409556837,13.8665201476262,0.00181335653294222,0.0121207347796534
"PDE4D",-1.20917838757062,5.58016602836933,13.7479183404728,0.00185638990655253,0.0123925287886974
"RUNX1T1",0.916667957752758,6.08513776073768,13.2012488571792,0.00186854149808785,0.0124427487632264
"TPT1",0.385040667565082,11.3142017301281,13.7596638750177,0.00186867376681323,0.0124427487632264
"CCDC107",-0.779964510338586,5.56711719797018,13.1759266679186,0.00187238470668357,0.0124515965163295
"FXR1",0.701124991497944,6.62801068719422,13.7470501467987,0.00187535689069749,0.0124555152067036
"JUNB",-0.481840303146751,9.0850535198922,13.6971914922197,0.00190280861580984,0.0126218028360889
"PPM1K",-0.609773415593259,7.02923674796718,13.6983841488198,0.0019105161673108,0.0126407333724851
"CLINT1",0.691514297729773,6.81533784510778,13.7034979759034,0.00191168531745787,0.0126407333724851
"SLC25A26",0.819273290412017,5.33067381174436,13.5797864231531,0.00191291756220312,0.0126407333724851
"AMN1",1.05099929787369,5.92970633031132,13.1077708660384,0.00194960013052216,0.012866868538181
"FBXO8",1.10026324026332,5.67064544441341,13.3304906733032,0.00196841970402685,0.012974690785559
"RPS14",0.383955576472206,10.6871433638813,13.5551137418403,0.00198186882746767,0.0130468871047525
"PSMA3",0.659259690302146,7.09197645956816,13.5291599788723,0.00200084301273137,0.0131552282107508
"SPIDR",1.20315621143986,5.48820090704793,13.9898071825922,0.00202548545246002,0.0133005181658399
"DDA1",-0.978592292365664,5.14248756293225,13.4212712562141,0.00203651876143318,0.0133373084035388
"COA4",-0.673801285717908,6.60185738757694,13.4681748716996,0.00203849375548644,0.0133373084035388
"TUBA1B",-0.496762529569396,10.6711342853256,13.4572068014709,0.00203874295282715,0.0133373084035388
"PPP2R5A",0.867176740024426,5.8511144611832,13.4028422585136,0.00204270674790467,0.0133465352141222
"HEXA",-0.611141841514038,7.70386170096681,13.4483177960236,0.00205085571487971,0.0133830497149516
"MLLT11",-0.71731859429437,6.67715685398431,13.4263645808559,0.00206837590512861,0.013469497338779
"LMCD1",-2.63565837741135,6.24006305149125,14.5747384765441,0.0020692570045991,0.013469497338779
"CIRBP",0.44623369706751,9.13563156171259,13.3821641659638,0.00208379172799427,0.013547238012719
"PPDPF",0.602480384458358,8.46674037800984,13.3285013810281,0.0021170902499696,0.0137466220330324
"MCOLN3",-0.852053878686485,5.79435960749389,12.6973121375283,0.0021224385069576,0.0137642507144756
"NRIP1",-0.831410709801352,5.48287307230005,13.2280915905578,0.00212750749457561,0.0137800268576787
"ECHDC2",-0.661295121543493,6.00601182492868,13.2895722175265,0.00214851532230105,0.0138988732545391
"GTPBP2",0.767748141223071,4.91768841729312,12.8449596366266,0.00215371396406001,0.0139152816936239
"ALDOC",1.01641245583179,6.62633152975206,13.2290317160769,0.00217286604203727,0.0140121210221434
"ARPC2",-0.456296570931169,8.61147106545195,13.2370813295481,0.00217406354485524,0.0140121210221434
"PITPNC1",0.920590908326895,6.25717877617153,13.2437553600214,0.00217751135226636,0.014017058914158
"TMEM115",-0.75734143002667,5.75715113135813,13.2466599178066,0.00218038825701472,0.0140183141690233
"MTUS1",-0.998179219785336,5.99972675035743,13.2320043573167,0.00218373945221839,0.0140226119370338
"BBS5",-1.06135845356878,5.21473849931817,13.2077165293082,0.00219017849129007,0.0140456073750211
"DDX3Y",1.06462309671894,6.11526765921381,13.7699443486716,0.00219506250343658,0.0140456073750211
"TMEM54",-0.65293367610302,6.20074692881974,13.2278799134755,0.00219538190652233,0.0140456073750211
"FAM172A",0.702647373829922,5.88147675107458,12.8489463926002,0.00221255657610386,0.0141381824245659
"UBXN1",0.748537403556623,6.6865171305913,13.167477046578,0.00221803473946543,0.0141558822749521
"PPP2R1A",-0.454302440258808,8.39861073582266,13.1447946131513,0.00223370154803868,0.0142312031412651
"YWHAQ",0.543722948560667,9.22350707233846,13.1389684662414,0.00223705025409173,0.0142312031412651
"NOC2L",0.862534984839286,5.21246777683966,12.6131074933903,0.00223800439680887,0.0142312031412651
"NDUFAF3",-0.469921018182366,7.89513278185912,13.1066305443324,0.00225907157593444,0.0143477121839725
"RB1CC1",0.684287444837315,6.12442485870139,12.9084145592774,0.00226407594000095,0.0143620448281371
"NAV2",1.03558730738633,6.06179339417055,12.9937693320043,0.00229052325208401,0.0145122000468401
"CDC5L",0.717434436632308,6.38761758444291,12.8847319932677,0.00230698181595957,0.0145987820242381
"PLEKHM2",0.8453861807081,6.19401284173772,12.9309221198403,0.00231237927818243,0.0146152436361059
"EIF1B",0.541711454267846,7.3159042855699,13.0267339657535,0.00231873904798443,0.0146377403427713
"TOMM7",0.458179421547304,9.56741582423788,12.9956313717814,0.00233313138145865,0.0147108295909341
"RAB11B",-0.5968103482351,7.16327391195503,12.9899217379578,0.00234288908205455,0.0147545557010833
"ATOX1",-0.649977919384822,7.16690113804956,12.9746362559686,0.00235085708813808,0.0147869193738841
"PIAS4",0.908547480382606,5.01485862649961,12.717351201959,0.00235656186923,0.0148049866471938
"PPP3CB",-0.884537193122102,6.50395101464933,12.9086335869129,0.00236659620205029,0.0148501780889759
"KTN1",0.503915903411868,7.9976972894198,12.9411417822383,0.00237597136407036,0.0148911298800909
"RPL35A",0.37121567524157,9.99442736458707,12.9241780824942,0.00238279355839898,0.0149084910054296
"NT5DC1",1.08839870308446,5.99394574594388,12.8091519411294,0.00238444585432163,0.0149084910054296
"ARPC1B",-0.759609657287076,7.52443242346297,12.9170500572965,0.00239373156565495,0.0149308576960062
"SLC25A20",-0.781632081137387,5.54478575673275,12.9334278760815,0.00239373612956823,0.0149308576960062
"EPB41L4B",-0.83616346129602,6.31282600037277,12.8691951393968,0.00241585022729477,0.0150140830099522
"TYK2",-1.00506775312822,5.76859978322394,12.8545890198119,0.00241631516926951,0.0150140830099522
"SURF4",0.682443753790924,9.65003614391087,12.8751646390336,0.00241772276510749,0.0150140830099522
"EPG5",-0.925397072674722,6.02517744297694,12.6653998333606,0.00241856856598044,0.0150140830099522
"FAM229B",0.896845958133535,5.45157266988406,12.8610728103136,0.0024218836787885,0.015016827982239
"SESN3",-1.13341409593022,6.16654069199079,12.5506752001117,0.00243657104340347,0.0150899962605094
"MYO1C",-0.799415656963138,6.27546401609097,12.8560981282184,0.00243987024799964,0.0150925464926558
"TCEA1",0.645224736444379,7.3849294764998,12.8341937267041,0.00245276164272123,0.0151543559178533
"EPT1",-1.04736077143017,5.45498165960565,13.0918020778194,0.00247461794557545,0.015266886522885
"GCHFR",-0.980660283911777,5.26795000566901,13.0794025543568,0.00247681648582484,0.015266886522885
"RPL36AL",0.422455609888214,9.16042639693009,12.743584154563,0.00251408719819894,0.0154569711439469
"ARID1A",-0.70284436458606,6.87058921437612,12.7519159590115,0.00251609807168519,0.0154569711439469
"VPS37A",0.811164653596075,6.79534814669063,12.7461674741803,0.00251652619925365,0.0154569711439469
"BRI3",0.543375105024564,7.77574699064142,12.7149731202852,0.00253682503747008,0.0155633620549954
"ADAMTSL2",-0.859624318525992,5.79473908654501,12.4928387756815,0.00255894500814334,0.0156806630217646
"TMEM30A",0.492823440875446,7.72117773572858,12.6798823633726,0.00256512835697355,0.0157001474495325
"TTC17",0.874948640900612,6.67222841459041,12.42962485532,0.00257235682005667,0.01570400876917
"TSC22D1",1.01962031170823,9.16812990275226,12.7116290129059,0.00257754061577456,0.01570400876917
"HMGCLL1",0.749377052947182,6.4443416231851,12.614649279192,0.00257861528612546,0.01570400876917
"ZBTB38",0.744825788373793,6.63184928707646,12.5455845444234,0.00258035897600556,0.01570400876917
"GFOD2",-0.924181236948097,6.05568976597836,12.6700667557079,0.00258078123832352,0.01570400876917
"USP36",0.933081462749256,5.24900365060055,12.4617164979538,0.00258405658926836,0.0157056555722159
"SESN1",0.66651515281157,6.72406339931834,12.6417599248921,0.00260287612140841,0.0158016649089451
"TMEM178B",-0.997200712930827,5.5741262601348,14.2041129893337,0.00260679425824293,0.0158070923292759
"NFKBIZ",-0.915475553939037,5.40531682111218,12.17999182924,0.00261595104085249,0.0158306371596105
"MAP3K11",-1.12435164470086,4.86899860262223,12.5402602285416,0.00261910215928118,0.0158306371596105
"KCTD2",-0.999982410096893,4.81181265903648,12.591991408707,0.00262018219190106,0.0158306371596105
"TMEM163",-0.872065009816835,5.85681530989754,12.618170865577,0.0026227916166487,0.0158306371596105
"LAMA5",-0.854458780106925,6.01732874851405,12.6056964904233,0.00262981122139378,0.0158428039445404
"ANAPC11",-0.47724527410612,8.16800372318552,12.5920179061102,0.00263086929861509,0.0158428039445404
"NFIC",0.594363312024136,7.89949678326273,12.5789348101133,0.00264360078385038,0.0159011522407203
"CLTB",-0.774363733881262,6.30618112539267,12.5787420087719,0.00264802189195086,0.0159094372749737
"PSME1",-0.622350917581807,7.80221677321969,12.5550272143849,0.00266177213258941,0.0159736887910963
"ARF4",0.501044121527216,8.39847377206504,12.5434102849157,0.00266973407242204,0.0160030963263188
"TOR1AIP1",0.708928431620093,6.15328320820011,12.5002208588138,0.00269550445579878,0.0161274927376404
"VWA5B2",-1.12206163133054,5.87144603059402,12.4642710786077,0.00269665748090638,0.0161274927376404
"LIMA1",-0.887130658659097,6.20884608315842,12.4706227970704,0.0027241350267608,0.0162732043255757
"NIPSNAP1",-0.67559366708616,6.38869525976458,12.4708037833991,0.00273533394510839,0.016321450377947
"PIGH",0.895210262145553,5.31876123062907,12.380795746486,0.00274514555351283,0.0163484898701185
"ARNT2",-1.43836469007536,5.96846755874488,12.4703872790983,0.00274612093092864,0.0163484898701185
"EEF1D",0.508480728885256,7.42807257011948,12.447834504091,0.00275157312018891,0.0163623125133418
"KAT2B",0.879617904505993,5.70586860016575,12.0675927938286,0.00276907113476603,0.0164476532061614
"TMEM55B",0.802522690685985,5.88914195037737,12.6812469200944,0.00279092779596724,0.0165586601470156
"NMRK1",0.685806667560586,5.94351233830366,12.17177669299,0.0028006603444522,0.0165975641955234
"SST",0.518974181673253,10.868777945814,12.3763703454697,0.00280637924593221,0.0166126209722397
"HERPUD1",0.873987219091158,8.33123233248399,12.3732400720692,0.00281061310293655,0.0166188627704178
"RPL14",0.371997724380051,10.2444216026159,12.3579097300746,0.00282204910006176,0.0166676278486133
"PYCR1",-1.05570809349027,5.38179128950775,12.3526481444062,0.00283443391283885,0.0167032117425363
"ARFGEF2",0.613938762997394,6.38837817237895,12.3574530412236,0.00283451270730099,0.0167032117425363
"GOLIM4",-0.8356422426707,5.67786613536445,12.0409733223326,0.00283766061361627,0.0167032117425363
"ATRX",0.549441675189241,8.13736214072177,12.3284923121003,0.00285511397981206,0.0167870424887263
"SMAD5",-0.765888113648455,6.70523330114877,12.325478479864,0.00286732269350118,0.0168096384622114
"DMKN",-0.900423211318627,6.27250329561081,12.3187640863852,0.00286949440937099,0.0168096384622114
"DNAJC7",0.810314823827602,6.6947924718275,12.3065270982096,0.00287215112370421,0.0168096384622114
"DACH1",-0.803083229297232,5.81476898309887,12.5209110593872,0.00287494098781267,0.0168096384622114
"CBR1",0.741195075734438,5.69301637979344,12.2406661965517,0.00287503669126018,0.0168096384622114
"TMEM59L",-1.97606686877052,5.62044464685209,12.2082062433246,0.00288304809251072,0.0168376451168196
"EIF1",0.368124042393874,10.6781162799234,12.2725705411054,0.0028958386116611,0.0168656322920143
"RNPEP",-0.891109408199154,5.74300533219581,12.2226474116307,0.0029010622366319,0.0168656322920143
"OSGIN2",1.1306622741357,4.97231519455783,12.0558438585473,0.0029017359289727,0.0168656322920143
"HSPA9",0.580618009357565,7.89017581978495,12.2674702156452,0.00290293348278696,0.0168656322920143
"TMEM179",1.13381031360167,5.17606310544966,11.7187593575204,0.00290397341932522,0.0168656322920143
"ACAD9",0.885537896524599,5.10465922256842,12.0731413305962,0.00291028952038472,0.0168835552975038
"SF3B5",0.427599394759355,8.20363956449719,12.2328020928257,0.00293164442855656,0.0169885869490745
"TMEM246",0.704512437978354,6.15183602384434,12.2237477759492,0.00293555406419758,0.0169924043118059
"TMCC1",0.926134486120625,6.06912315554821,12.1401291609082,0.00294375152488461,0.0170210057749689
"RRAGA",0.557879177851245,7.23503193736589,12.1725649162603,0.00298973249137938,0.0172677698700994
"SLC25A39",-0.480006318377225,8.15701384942735,12.1315678998751,0.00302350741789908,0.0174435687343912
"MAPK8IP2",-0.80426118050802,5.97297386040977,12.0661378668902,0.00303407544414206,0.017485239632338
"RBCK1",-0.728921907565656,6.17248943482196,12.1283781970122,0.00304121889250485,0.0175071047919855
"RCOR3",0.808620448547896,6.13523192764881,11.9258186730992,0.00305454620139929,0.0175644807422597
"TSHZ1",0.770502015305139,6.42838219053961,12.0676651392487,0.00308772318267255,0.0177357462371752
"BTD",-0.991921936870071,5.56123810728204,11.9630731678375,0.00310733554190688,0.0178179002304041
"LANCL1",0.78718508374374,5.35645397801876,11.8744637137232,0.00310884350681624,0.0178179002304041
"MAP3K7",0.839303359133885,5.55777924669315,11.6931965797768,0.00313347185005109,0.0179393837461304
"FKBP8",-0.58671441201681,7.38462163621916,12.2419156832752,0.00314454118638259,0.0179830599356912
"HIP1R",-0.786446400655525,6.11715086536649,11.9855504897029,0.00317127429660723,0.0181161210364656
"FAM114A2",1.09850979059958,5.58650086887673,11.7555427347848,0.0031989033064965,0.0182434143582729
"VAMP8",-0.559461122223687,7.16905903443678,11.9519361912144,0.00320053777817796,0.0182434143582729
"UBE2QL1",0.666145445014065,6.51948235085516,11.9421368663968,0.00321347412764389,0.0182971996352883
"TATDN2",-1.17934444407304,4.71620489015638,11.8477038645025,0.00322711919382203,0.0183548988314556
"PXN",-0.820819134152866,6.24969882263827,11.9224165714165,0.00323742815282522,0.0183642034124781
"YIPF4",0.603883585727289,6.41362585928374,11.9229684187698,0.00323829843629607,0.0183642034124781
"SMAP2",-0.963992140652476,5.6301354547513,11.8474901941007,0.00323929511121194,0.0183642034124781
"SMCO4",-1.13818816825356,5.99874145305804,12.4958313318988,0.0032449670642465,0.0183764277841998
"MLF2",-0.49737859981759,7.46779807297904,11.8982525110142,0.00325109526654153,0.0183912066647322
"MAF",-1.26134126934153,5.19732689872967,11.755945390504,0.00326899220449591,0.0184623866781059
"HNRNPUL2",-0.867543138707294,5.51779184835255,11.8939550086088,0.00327074231182821,0.0184623866781059
"DPP9",-1.0162378927583,5.78275250149667,11.8634203994264,0.00329839306719877,0.0185983824835469
"USP1",0.809456505829485,5.9548103499529,11.6774712939199,0.00330664055543081,0.0186247954560742
"SERPINI1",-1.12205182986335,6.51520228813058,11.6734366101337,0.00332220794645392,0.018692336852653
"PRKACA",-0.809404146690534,6.52497731501008,11.8220270165383,0.00333026736179872,0.0187175349463676
"NUDT12",0.945609327148882,5.42741026195565,11.4664904111873,0.00334196155966518,0.018763086006842
"SIPA1L3",-0.614984036171554,6.54514557269549,11.7928348888429,0.00336216944158882,0.018856287200842
"IFNGR1",0.758571730789743,6.189214307389,11.7427404842744,0.00338936091237137,0.0189884131714525
"UBL3",0.675022664556818,7.15788195290985,11.7630631829002,0.00339529848276035,0.0190013117445271
"SLC1A4",0.733580944255354,5.5271644951015,11.6484444124175,0.00341415475121638,0.0190864030851422
"ATP6V1C1",0.78148658220295,6.83515647902377,11.6172290325747,0.00345334089105107,0.0192760550091371
"SFT2D2",1.16929264391598,4.93955954812349,11.2358432487574,0.00345545504946652,0.0192760550091371
"AGFG1",-0.714550388589012,5.83025060724851,11.6913923584456,0.00347527843454308,0.0193525810895857
"ATG9A",-0.77647808476307,5.4971593194034,11.7130753512813,0.0034765780836275,0.0193525810895857
"MALSU1",0.9826661222355,5.36607564758962,11.4180859778603,0.00351168605582687,0.0194889330176132
"FAM129B",0.846950906584088,6.30628919762849,11.6562446340572,0.00351168717911567,0.0194889330176132
"FOCAD",1.0674306214224,6.14893502883374,11.6220736019348,0.00351225844702347,0.0194889330176132
"KIDINS220",0.694490964810733,7.25132976913585,11.6555422221878,0.00351755491034516,0.0194976240894742
"NEO1",0.787368055612463,6.2165964588092,11.5766404025788,0.00354258519130199,0.0196155644014147
"GALNT2",-0.884143001394951,5.20838410408537,11.5341690006195,0.00358589695268134,0.0198343739382702
"COG2",1.27577688997722,5.78478701981181,11.522134928213,0.00360360675156301,0.0199112605606975
"RPS28",0.366703318092744,10.9352871265772,11.5407991891047,0.00362692508636427,0.0200189413161838
"PHKB",0.938460903476145,6.61625278291506,11.3550270682861,0.00363930649279909,0.0200660918120895
"ASPHD1",-0.887738098463822,5.72146263259065,11.5355598977974,0.00365810195358615,0.0201484709287617
"ROGDI",-0.80046662259016,5.77541392306813,11.275568064971,0.00368097243348607,0.0202530977998228
"SRPRB",1.04038757778635,6.96539921693672,11.0989535452792,0.00368784649651423,0.0202579451576469
"GNB5",-0.84692628619697,6.14473205968755,11.4608310742139,0.00368960470443464,0.0202579451576469
"BTAF1",-0.817273108605121,5.73237174080386,11.24515812095,0.00371409233046429,0.0203548158991129
"PLEKHA3",0.834462596054663,5.0935972298601,11.3654935687169,0.00371503622876481,0.0203548158991129
"TMEM107",-0.826956042803142,5.15341852478341,11.4526996602841,0.00372288567955898,0.0203764643424657
"COPRS",0.756014209004006,6.96809310309595,11.4567983978411,0.00373478572146918,0.020407016645483
"CBX7",0.77320426596298,5.94210725934061,11.4125792528062,0.0037362760531332,0.020407016645483
"UAP1",0.727465741211996,5.4947538292683,11.4465128246115,0.00374303379758953,0.0204225862839254
"ATP5J2",-0.515881092104705,7.69404508113402,11.684065428516,0.00375115071521374,0.0204455315833391
"TES",-0.823955155946679,5.83657818263187,11.423274135615,0.00375634704782741,0.0204525271031186
"ATMIN",0.748146892478266,6.12459909690176,11.3441960095854,0.00376608853742369,0.020465921680287
"SHARPIN",-0.879554563531314,5.27865043849858,11.436574161637,0.00376663796756,0.020465921680287
"TIMM17A",0.71947891594722,6.40127019879731,11.436476251857,0.00377071881139052,0.020466819550507
"UBB",-0.476425864150104,10.4795538120362,11.412921762349,0.0037751767558866,0.0204697602728416
"PPP2R4",-0.703044452286317,5.95148465496052,11.6604683045352,0.00379869106769652,0.0205759152444039
"NUDT4",-0.818296444581201,6.58554114500492,11.2757652777352,0.00386219772804965,0.0208940744016776
"SNX9",0.667937567070919,6.54727330595653,11.3516647245803,0.00386542375098953,0.0208940744016776
"PPIB",-0.582131080827048,7.67632282931497,11.331920172881,0.00388045713069867,0.0209536667584317
"CHORDC1",0.774619013027341,6.08992808428228,11.1466007972111,0.00389649321546471,0.0210185449300661
"PREPL",0.481101386618118,7.72185433284768,11.2663135480665,0.00395914356836513,0.0213344777647882
"SLC25A22",-1.02880203316992,5.6829842898026,11.2634558439287,0.0039799955952909,0.0214247548677503
"GALK2",0.841156355282421,5.94230439880426,11.0673642330906,0.00398658591841351,0.0214381528760776
"MAN1C1",0.908630383549735,6.86692874883383,11.2286514246263,0.00401516968123601,0.0215696730974518
"SPG7",-0.988018876129857,5.53365163577955,11.1491593763323,0.00406568522752857,0.0218168589135998
"ERP29",-0.384102630664234,9.0314461225382,11.1752871334572,0.00406953079027354,0.0218168589135998
"SLC25A36",0.611443391596406,6.16647824777775,11.1764337883714,0.00408336132519963,0.0218685754578058
"APOA1BP",-0.580255510229089,7.44736917191698,11.3846965617869,0.00411121819860991,0.0219952277626755
"SLC25A5",-0.560354497499805,8.50165187566294,11.1344277759821,0.00412313081537708,0.0220320900625382
"CASD1",0.678682233979153,5.6979128962838,11.0458785868998,0.00412653839128083,0.0220320900625382
"RAB21",0.567314991216283,7.22072411291436,11.107687252266,0.0041700878332073,0.0222418868409944
"CHD8",-0.714061125606818,6.01628839558146,11.0986162701983,0.00418042445632702,0.0222742901459952
"CACNA2D2",-0.767484684038569,6.46734384708078,11.0940023286521,0.00418781963964239,0.0222909707295426
"MRPL10",0.704503657420292,5.69353983580327,11.0475458808287,0.00420267742662045,0.0223472989918058
"LYRM5",0.781790312204343,5.76345400821708,11.3115312955337,0.0042088837647865,0.0223575563399787
"BTF3L4",0.66492528431824,6.86370354063003,11.0725876024135,0.00421658893574621,0.0223757465656299
"EEF1A2",0.994741264340961,8.55146533088368,11.0104588373083,0.00422874846167818,0.0224175133967463
"XIST",-0.700325084782392,7.1844457450443,11.5508061492113,0.00425836721539998,0.0225516569755782
"WBP2",0.681762179977889,7.06671351023015,11.0239335097049,0.00428148486192252,0.0226511349931873
"TARS",0.710850784945462,7.37275795116629,11.0180182643532,0.00429062125600071,0.0226765190142727
"RANBP2",0.578757510691745,7.31464031560698,10.9357604065022,0.0043405695353932,0.0229173302641416
"DCAF11",-0.81828751509788,6.30495687426052,10.9750042244686,0.00434803039272371,0.0229335568746386
"SIAE",-1.01718801320833,6.07296831199119,11.1153986133272,0.00444182066206974,0.0234046336699985
"TRIQK",0.78549493918144,6.42366376833387,10.8710528400973,0.00446273315100635,0.0234911441896377
"EEF1A1",0.324976271596102,12.8360730671141,10.8530266752729,0.00450966833720789,0.0237143223325811
"TMCO1",0.503113033298413,7.63288827713875,10.8532117571559,0.00451565493149683,0.023721938017019
"NDUFS7",-0.563570912924878,7.04172404334427,10.6435426356716,0.00452832186547915,0.0237645967779714
"ADM",1.56275945843922,5.79204968961903,10.7955895148737,0.00453354391352366,0.0237681384513422
"FGFR1",-0.676276351438997,7.56265814829085,10.8368167382126,0.00453859893987859,0.0237707982552559
"PTBP3",0.743886044914317,7.28068568172085,10.8305962643923,0.0045528986519208,0.0238218230766667
"PSMC2",0.692840849916448,7.26146581995869,10.8186431453558,0.00456784911434058,0.0238761473206582
"GTF2B",0.754125339051501,5.51125999303783,10.7567637591228,0.00457800422723337,0.0239053227729759
"ESD",0.573045243911074,7.59349939788712,10.7918248209132,0.00458846662417986,0.0239360429586708
"PRADC1",-0.812306119388592,4.82940580491219,10.7756139074879,0.00462785855643283,0.0241174642816295
"IL10RB",-0.721968846639145,5.58448444930684,10.6237897746707,0.00464557813751418,0.0241856941481938
"PLXNA2",0.789498748458436,6.09552836558036,10.7457735825664,0.00467359651351155,0.0243073522150496
"TXLNA",0.741808135980149,7.67781030308293,10.7423081285102,0.00468933706666531,0.0243649749974747
"CTNNAL1",-0.983730719289174,4.88229783333299,10.6562407864097,0.00473256457885511,0.024565158941088
"DCAF7",-0.503819967294022,7.21822450515281,10.7080618731093,0.00473867783201275,0.0245724891150106
"MINOS1",-0.489445063378986,7.85069778629843,10.672516112116,0.00478145313869107,0.0247697280039031
"RPL6",0.396288312816038,10.4853228768603,10.6673954787773,0.00478807895463335,0.0247763470788701
"TMOD2",0.964691518202448,6.07011146842497,10.5590974018466,0.00479221099994982,0.0247763470788701
"MYL6",-0.433573276413521,10.440854308929,10.6509798552462,0.00481366749052781,0.0248626877203447
"LZIC",0.822097351499818,5.71113932126743,10.5331959736391,0.00482180648636868,0.024880140675468
"PARD6A",-1.02694017363195,4.7279030498156,10.6325374998556,0.00484926723979315,0.0249971596276122
"ARL16",0.870608699005566,5.70702318463891,10.2319275610177,0.00486907561091094,0.0250599324346931
"BBS2",0.872481431301681,6.05570789719134,10.2743716424657,0.00487103335635128,0.0250599324346931
"CREBBP",-0.772304518065585,5.8016909958113,10.528708270452,0.00489626955212709,0.0251649960166847
"PARM1",-0.552412975174868,8.85507375510599,10.5775975346039,0.00493027840614716,0.0253148970814648
"CYB561A3",-0.968034922475354,5.23520719379529,10.984486228461,0.00494782951665953,0.0253800833008629
"GIPC1",-0.901202166828553,5.38954693088937,10.5830419821229,0.00495405884805707,0.0253871231360728
"PTMS",-0.60435239394457,7.17425776608919,10.5362030784774,0.00495948804606889,0.0253900529057807
"ZCRB1",0.535499821237931,7.13636511903788,10.5361649023828,0.00500533517844031,0.0255961944830628
"RNF145",-0.533900649262491,6.69291377165236,10.5339727020347,0.00501270852605682,0.0255961944830628
"ZFHX3",0.65653068168063,6.19718298882102,10.5171655850111,0.00501444483463867,0.0255961944830628
"ATP6V1E1",0.441928186177676,8.29644231363879,10.5172553076544,0.00502931759146972,0.0256470663908412
"AES",0.361366630552419,8.93945317361529,10.4859552260074,0.00507974691932529,0.0258570421703796
"ROR1",0.68062502234262,5.94358451669443,10.405780368153,0.00508324978309705,0.0258570421703796
"NOL8",0.828621692407759,5.73055375258104,10.2987351656007,0.00508533371937063,0.0258570421703796
"RHOT2",-1.38194247688432,5.57829463856214,10.402951079566,0.00509088464440778,0.0258601108224679
"PRPF18",0.86892613676537,5.19408577839968,10.2730106189638,0.00511578089186975,0.0259613463318478
"SIPA1L1",0.738839331622728,5.77606860360615,10.323702870087,0.0051446371710401,0.0260824621658842
"DDX54",-0.924072170461489,4.70907959219545,10.4312039956015,0.00515113373217741,0.0260900930407862
"RAC1",-0.394638068584364,8.7649591008891,10.4382975639014,0.00515927738926905,0.0261060434789054
"NSMCE1",0.719616114220535,6.45919786619505,10.3820267116324,0.00516655847986325,0.0261176026830225
"MAD2L2",-0.826289092915122,5.43587069381232,10.414479042197,0.0052124197145566,0.0263239785970892
"AGPAT1",-0.715849462487582,5.85779766559181,10.3669024323617,0.00523786695694699,0.0264206880652106
"KHDRBS3",-0.975199394160916,5.23722769740899,10.3890248000162,0.00524619301474653,0.0264206880652106
"CNPY2",-0.480641822809744,8.0380974152335,10.3861198213587,0.00525140951174249,0.0264206880652106
"MPP6",0.684214156633643,6.62056437896455,10.3864534235928,0.00525210179733874,0.0264206880652106
"ADRBK2",-1.00243339122415,6.55572579839604,10.5601383258974,0.00525684246945075,0.0264206880652106
"HSPA1B",0.735051632052194,7.34844259067698,10.316488872744,0.00528984556873912,0.0265610209296824
"CAPNS1",-0.507595794102791,8.28140971130859,10.3478314228752,0.0053148607443008,0.0266610145014014
"MTMR9",-0.560966586434509,6.47694423729031,10.34013722752,0.00535090036812453,0.0268160654114927
"REEP3",-0.555042162276811,7.33637496109416,10.3321363119695,0.00536212301504015,0.0268465680072939
"CCNC",0.760085705425001,6.76780346930031,10.3197221873086,0.00537096620136945,0.0268651103679982
"SRP72",0.563233977470907,7.2513832525123,10.3096800204547,0.00538860835663039,0.0269275868834675
"DECR1",0.64828148332325,6.61665225164635,10.2041243132818,0.00540150747263556,0.0269662650997766
"PSMC1",0.544947322187346,7.06348414351804,10.2984211664539,0.00541470889514861,0.0270063772852498
"UBAP2",-0.818906435533487,5.47583302285329,10.2692023286805,0.00544650194833849,0.0271390521296142
"JKAMP",0.692178295943773,7.46996597005191,10.2670074284696,0.00547599893183654,0.0272600442063901
"BAHD1",-0.874303017863686,5.24782211499385,10.2238921147864,0.005529622742624,0.0275007974078931
"PPP1R16A",-0.70512213065767,5.21241738346552,10.2040503336246,0.00556898298804939,0.0276639621440295
"CITED2",-0.912383360443148,6.73493472531202,10.2059675137,0.00557792239120777,0.0276639621440295
"EIF3L",0.457847684457822,8.25939315358889,10.2036454325826,0.00557830803516493,0.0276639621440295
"SLC30A9",0.56989192669266,6.675292454851,10.2069613090819,0.00559992322696388,0.0277448328979528
"SH3GL2",0.622430667703007,7.07716250270834,10.1866793623262,0.00561024635435025,0.0277625343293649
"GADD45G",-1.00309618075443,7.30390951790236,10.2199640512254,0.00561411876528386,0.0277625343293649
"ANGEL1",0.824678790265093,6.1412936520785,10.1555758845811,0.00566098568407379,0.0279678375904099
"RPL12",0.43149629624729,9.35710961500381,10.1532667242651,0.00566719294161016,0.0279720656334243
"FGD4",0.853588859108857,5.92568415812109,10.0422357584092,0.00569461042784443,0.0280808761380593
"TMEM126A",0.783587458694172,5.50420157968889,10.0130029106319,0.00570068239020787,0.0280843231419572
"MRPL49",0.543644571134841,6.63359204279448,10.1277803944779,0.00571895914112836,0.0281478337388681
"FADS2",-0.663207911455881,6.71625278621037,10.119442110509,0.00574307215028139,0.0282399229816753
"MTDH",0.512012015169727,7.63434097144268,10.114175812769,0.00575140532730359,0.0282543192159924
"PRCC",-0.95768080338588,4.84262590436448,10.0742160159036,0.00579170640721533,0.0284255862821733
"EXTL3",-0.895226722616526,5.54553336095409,10.102412025733,0.0058040200074001,0.0284592988542967
"BLOC1S1",-0.612965959045024,6.13605969389279,10.0827916985884,0.00581545572196863,0.028488647665164
"EBNA1BP2",0.702419281273469,6.21937050777097,10.0381306153734,0.00582359379757291,0.0285018022283835
"IER2",-1.41854527587451,6.35616639568902,10.1099021269938,0.00583593085142877,0.0285354635738243
"P4HTM",-0.634061298860546,7.82512922522176,10.0631182307596,0.0058417899608909,0.0285374169397913
"MYCBP2",0.709566504195937,7.00304900788868,10.0599823339841,0.00584860717547494,0.0285440426761975
"SSBP3",-0.731871672502666,6.29452416260212,10.0513705235736,0.00587682569674741,0.0286550073851667
"TRIM37",0.706168020929435,5.49171183491188,9.96410470444111,0.00589288190663096,0.0287065179179497
"RXRB",-1.04019495859039,5.42112090665635,10.0171251911063,0.00594341042771542,0.0288942013071011
"FAM173A",-0.780755100342727,5.34447813236552,9.93513717223811,0.00594777290105061,0.0288942013071011
"PIH1D1",0.730629749621182,5.7226713328708,9.99272871446585,0.00594996975088499,0.0288942013071011
"LPGAT1",-0.831088285409945,6.9293411272469,10.0134462383598,0.00595352110345283,0.0288942013071011
"NOP58",0.682068093862707,6.73231955998186,9.9015225603549,0.00599242060745596,0.0290341278125469
"CEBPG",0.840315476633177,6.18513495256391,9.99640747301116,0.00599346162420855,0.0290341278125469
"PLP2",-0.437058883375047,8.23893190929313,9.97717231558501,0.00600909515096827,0.0290829077352881
"SYF2",0.596407542234841,6.50297856151843,9.95922165384967,0.00602451760681767,0.0291305768092839
"ERGIC3",-0.636525947993437,7.84271224994772,9.95713404545903,0.00605274264512758,0.0292400053660646
"RAP1GAP2",0.557911149671694,8.16154104087831,9.92321190065103,0.0061250022872431,0.0295617608083284
"SMAD2",0.707358347955772,6.86232354934671,9.88608149988972,0.00616546028434875,0.0297295764818182
"CLASP2",0.675806138563736,5.92840836996149,9.65099118263471,0.00619198569336385,0.0298299624140211
"PROX1",-0.771116354374938,6.26090496969369,9.86695633467388,0.00621595434835296,0.0299178576232421
"MRPS27",0.567632179203474,6.12516125942336,9.82013268034132,0.0062484022086396,0.0300463646224095
"KLF6",-0.969482817757188,7.42605408483906,9.89836516556564,0.00625476498426394,0.030049316702893
"DAG1",-0.553183543252385,6.33924291940064,9.84488094183021,0.00629793872725878,0.0302289492446112
"DUSP5",-0.980532678299134,5.97816449927446,9.82432551156113,0.00635058395290653,0.030434378660575
"HNRNPC",0.345588543787619,9.15699839083398,9.81114270347264,0.00635238322530845,0.030434378660575
"HIBCH",0.807490564567285,5.78438913643842,9.49171838113275,0.00636231233970653,0.0304540353476612
"AURKAIP1",-0.46551002985437,6.93490370944924,9.79534737278638,0.0063713496112316,0.0304693910502356
"LAPTM4B",-0.579542182231108,8.04959781546492,9.7829092557555,0.00641577292692432,0.0306537889296466
"PSMD4",0.657025761074686,6.89755233466372,9.75929931616474,0.00647158052555739,0.0308921930658342
"ACAT1",0.63593649799825,7.58546640977734,9.75020348130281,0.00649805035505657,0.0309902456258036
"TAX1BP3",-1.09040954248982,4.92960455638759,10.1119833827813,0.00660213425894208,0.0314062243363641
"NSD1",-0.71686276275085,5.68249217157554,9.56275421138239,0.0066029849327528,0.0314062243363641
"NPY",1.40958266675794,6.04577712202416,9.62721461601417,0.00660329836343298,0.0314062243363641
"PFN2",0.415644709481195,9.16022747590428,9.69267986470059,0.00661344793727373,0.0314259021528452
"ARHGEF12",-0.617151020015548,6.93726541292881,9.67529735246886,0.00667476052443206,0.0316876022428036
"SNX27",0.648489100671852,6.75767368650178,9.63066668224996,0.00668064619697141,0.0316876022428036
"THRAP3",0.504987269030985,7.68388255421539,9.65498629278708,0.00670759064076411,0.0317865605433128
"YIPF5",0.624067488292364,6.60451679946196,9.65233205888879,0.00671666970510223,0.031800754120081
"TANK",0.578755936643349,6.05386794343783,9.60726666816608,0.0067265656492995,0.0318187861075914
"FNIP1",0.633678815255691,6.6239009745698,9.60200022360547,0.00679203378724359,0.0320652571736985
"DPP7",-0.524245794499032,7.4110013576605,9.61894287698135,0.0068005128161512,0.0320652571736985
"UBE2K",-0.546668574702194,6.89168332866688,9.61330195351478,0.00680132546787275,0.0320652571736985
"SPTBN1",0.642094494251503,6.84246085284975,9.61679170382397,0.00680320838064505,0.0320652571736985
"EPS8L2",-0.848847948094151,5.4547945269936,9.53728101601564,0.00700532838779872,0.0329881544892107
"ATP13A3",-0.54711330316033,6.71018237717777,9.51192965396241,0.00705360406738721,0.033185588173027
"CNOT7",0.651793360786573,7.84244919323828,9.47880566882352,0.00711460402119257,0.0334424777147244
"ABL2",-0.68956803137032,6.11398200538743,9.37667519155014,0.00714013317670921,0.0335113688241915
"ABLIM1",-0.73087529173289,7.12838239358003,9.90447832509296,0.00714628319103061,0.0335113688241915
"PSMC6",0.581176789824422,6.39849082156893,9.37635287178106,0.00714849363668902,0.0335113688241915
"EDEM3",0.543517747767932,6.83346362436426,9.44879302001556,0.00721107809067626,0.0337593480725454
"GSE1",0.449259587421097,7.38631545306466,9.43978673439515,0.00722010700496884,0.0337593480725454
"SNAP91",0.715531178756948,5.69792946246805,9.20981782110184,0.00722076738953621,0.0337593480725454
"GIGYF2",0.592752610460433,6.61650280320641,9.42707708841298,0.00723076850610589,0.0337758954257511
"AAK1",-0.501514312346789,6.87949931293891,9.41763097584316,0.00728375680481534,0.0339930328739016
"IRF2BPL",0.679024431003637,6.26687733114656,9.39107304246777,0.00734965521919334,0.0342699802236606
"NUDT2",0.613446800189245,5.64184699473994,9.3892488866371,0.00735795177708301,0.0342780872894946
"PAICS",0.646368325271435,6.5981657287738,9.34517912088957,0.00746545623632649,0.0347479427847538
"CCNB1IP1",0.645597055813235,5.76348029807979,9.25105978944423,0.00750633283979823,0.0349071189978873
"RGS16",9.56362466660711,7.15776792691426,23.9952708681714,0.00754133586238496,0.0350387222690544
"ALAS1",-1.05061641005219,5.88427899443495,9.21804342374893,0.00754896419363649,0.035043015843817
"ZYX",-0.860085657666863,5.06351048082197,9.28071018901543,0.00761866959721103,0.0353352138284135
"IER3",1.24349754845551,9.14280986082244,10.4635990599026,0.00764209061275873,0.035390826606838
"VAT1",0.468173603364749,8.07479211468724,9.26828175841009,0.00764420188236468,0.035390826606838
"PARP6",-0.764536068279942,5.66057153253809,9.25661493979548,0.00765240048066856,0.0353974312499598
"ZMIZ1",0.592074411214152,6.31939391726695,8.84648792555921,0.00769111951004814,0.0355450766392764
"OCIAD1",0.437081612389383,8.17726045389901,9.23702219129895,0.00772740333958738,0.0356812166572643
"NOVA1",-0.588214815822708,5.67962860440298,9.24531704039077,0.00773502243535775,0.0356848740243733
"SLC25A38",0.600757457309259,5.43380315997912,9.15526398710195,0.00774313516819625,0.035690800285857
"TMEM125",-0.938324758553667,5.2371097702126,9.1213177317456,0.0077659352186517,0.0357643554078348
"DIP2A",-0.728857112460172,6.00722057366152,8.95407562272381,0.00777813948374461,0.0357890273605044
"PSMC3",0.560380852427799,6.49398029722346,9.20170089592431,0.00779272807695133,0.035824617113654
"SCG3",0.38502323480229,9.46276716100359,9.20285377644347,0.00781859821863156,0.0359119621166847
"LIMS1",0.980044592144865,5.90688497096081,9.06167413381693,0.00784250145719921,0.035990127407182
"NUP210",-1.1114681298877,5.16091513210633,9.14513504223368,0.00787953915401177,0.036128378208789
"PHTF2",-0.56882413338436,6.83383589453381,9.17357383913436,0.00793074509495989,0.0363312923850616
"MAP1LC3A",0.598715287586863,6.99181584415797,9.16731270219623,0.00794522810434901,0.0363657682149144
"ARRDC3",0.672621085414969,7.83555485897564,9.12733966949745,0.00798052954571034,0.0364953875200594
"NOL3",0.86422252164445,5.79683101291346,9.10432024349133,0.0079957600251082,0.0365330748699655
"CREB3",0.529473926942199,6.36128484767086,9.13403725178619,0.00802433644358733,0.0366316214765336
"ESRRA",-0.797646877957472,4.69076259553836,9.14233959254675,0.00803697072275205,0.0366572826944372
"CELF3",-0.552641127737191,6.6624384385425,9.12059238160518,0.00805595571606743,0.0367118400417476
"AKAP11",0.572266610390126,6.7535547545949,9.07856995587102,0.00812718356137739,0.0369799202236037
"COPZ1",-0.436937968599927,8.43801172400456,9.09034044613846,0.0081289321478708,0.0369799202236037
"MYLIP",0.633236989078056,5.40018068596215,9.02603092216123,0.00814662797789335,0.0370237768299844
"VOPP1",0.430724025472695,7.89857163063052,9.08430554308202,0.00815273907237652,0.0370237768299844
"GNAZ",-0.706606634827592,6.56164651067487,9.08101867368929,0.00818119108737386,0.037120734213284
"CACUL1",0.668982926768185,7.86810999342728,9.0645192720964,0.00823252272639472,0.037321245698929
"COX6B1",-0.409620092886046,8.37249128442367,9.04842207997694,0.0082482666234171,0.0373602163263442
"TMED8",-0.636646481078648,5.95863692539941,8.98640110148752,0.00828088281680615,0.0374754757432431
"USP3",-0.735708796119458,5.65758188961142,8.85892177899057,0.00834097911463358,0.0377147905122748
"PDXDC1",-0.417964984316855,7.68214106554548,8.99727679971147,0.00840161053968326,0.0379561091537808
"COG7",-0.761704908804454,5.23165895449242,8.9464222909431,0.00842428660249094,0.0380175697596424
"POLR1D",0.503286679666361,6.87574590011617,8.99086132726413,0.00842976149826392,0.0380175697596424
"CCDC53",0.745920210952775,6.08745180052361,9.0513316489933,0.00844802472256522,0.0380670907110762
"APH1B",-0.637017013467225,6.34845204370243,8.97918187239074,0.00847073804063206,0.0381365613595037
"TOPORS",0.61433641513207,6.03292721821034,8.78032690892735,0.0085235742942904,0.0383414138005645
"AP1S1",-0.645355325751306,6.22764835744539,8.94525304951132,0.00857479351744024,0.0385386463591231
"SELM",-0.712717520285219,6.4115567039191,9.06333068550428,0.00859321090987953,0.0385882417748628
"CAPN2",0.470718506635224,6.72732390705138,8.92471594053206,0.0086084573145317,0.0386235247923238
"SLC39A13",-0.671715356332668,5.5430552603294,8.9104150473988,0.00864187699542521,0.0387402153131111
"N4BP2L2",0.46342148491804,7.7611721499493,8.8972810554399,0.00871390899021435,0.0390296506356902
"TBC1D15",0.661232599696644,5.93914103137203,8.86369822860596,0.00875492178029228,0.0391797740972498
"ETS1",1.00178387825006,4.8778756078484,8.76730265159953,0.00879543053115129,0.0393273869857381
"SRSF1",-0.489793973841985,6.80787343383691,8.85972530401035,0.00882992709705584,0.0394478879797529
"HSP90B1",0.553692390261482,9.54092043813327,8.83861642543616,0.00887634236308278,0.0396213847411048
"FAM102A",0.607742647908859,7.93930517526776,8.82091643046244,0.00893399366075684,0.0398110711436553
"TMEM14A",-0.554120349510907,6.90106836972233,8.82718720935661,0.00893407049005313,0.0398110711436553
"PON2",0.603282128518849,6.3155855747278,8.68124112395829,0.00896031535248746,0.0398672955643155
"GRIPAP1",-0.651860423415005,6.03614214648326,8.78904078400701,0.00896194227818457,0.0398672955643155
"AZI2",0.705695222372603,6.38976682569852,8.78142533324693,0.00902835810299836,0.0401107733464761
"ABHD16A",-0.519214641598595,6.24337279872448,8.38483471151707,0.00903202223623538,0.0401107733464761
"YPEL2",0.769836251609537,6.17600214331271,8.71837205270031,0.00910843132932432,0.0404157644807965
"TRNP1",-0.84098138831022,6.87675427668756,8.75586169043861,0.00914540040933397,0.0405453841726791
"ANKRA2",0.792887626113181,5.23403810809131,8.664932913818,0.00915927358292496,0.0405724771338549
"WASL",0.672662669557845,6.60439858070553,8.74148831427831,0.00921622793993531,0.0407901976647264
"DIDO1",0.634106193018761,6.2204125037314,8.72403178501826,0.0092283476387081,0.0408092835089063
"ZSWIM8",-1.01439444553584,5.56261372731538,8.72667431041116,0.009267753689194,0.040948899859186
"SUOX",-1.08406744250373,5.45537977988573,8.69705790808806,0.00927859358919078,0.0409621695022806
"CD46",-0.447020045763803,8.59994806805408,8.70289265505427,0.00931935906349848,0.0411074175737608
"DHPS",0.550951090649214,6.70697440658018,8.69710894327035,0.0093467654676599,0.0411646023678239
"COX7A2L",0.397072976259188,8.47908544597463,8.69245922897843,0.00934807404067476,0.0411646023678239
"DST",0.710411036908345,8.21370902850337,8.67595952990009,0.00941419067694538,0.0414208540979743
"LRRC8D",-0.733141047548979,5.4132847199914,8.65645480848791,0.00942471380539357,0.0414322784363265
"SLC39A3",-1.12705935397469,5.39835286810349,8.63793457493298,0.00947509114353983,0.0416187406783888
"TCERG1",-0.717723814751809,5.97359695166867,8.64237561755022,0.00949040541189153,0.0416510067908959
"GLUD1",-0.681750727329584,6.2712330450187,8.65159610273757,0.00950073483569201,0.0416613598877199
"TMEM106B",0.496541318405827,6.63253186148951,8.64861111248878,0.00951486437062939,0.0416883454025816
"RBFOX2",0.802962717155168,6.81443070369023,8.62365453514568,0.009527280220091,0.041707783677065
"TRAPPC9",-0.681708952888289,5.53462032124205,8.61102658851684,0.00955515422165917,0.0417948042816841
"MAST3",0.632240389315559,6.51293873202372,8.37628988496327,0.00972716174036929,0.0425116006830354
"RPL7A",0.312662965674088,11.4590207637348,8.56130557271366,0.00979240306613225,0.04276097813423
"CISD2",0.479915166271162,6.68238184753344,8.55999070143104,0.00983176963073914,0.0428970449581582
"THAP11",0.789183853893383,5.05941731559712,8.49147702791909,0.00984378503502597,0.0429136483553634
"CFDP1",-0.506597929482813,6.96565154051039,8.5438952214973,0.00986964678417929,0.0429905364507543
"SYP",-0.5245590214324,6.90031170221711,8.53596421270101,0.0099012756356681,0.0430923961262591
"EFR3A",0.481015509601658,6.86105157986425,8.53023439176398,0.00993420758157184,0.0431708606543141
"NR1D2",0.635593652263367,6.00250696198216,8.48474846309226,0.00994335855097616,0.0431708606543141
"LZTR1",-0.952612077514392,4.98351852862335,8.50578181501498,0.00994408192611329,0.0431708606543141
"CCND3",-0.594652832084983,6.77602346369854,8.50259485238092,0.0100209047026246,0.043468272929974
"RHOQ",0.794101375611978,6.6749805750533,8.49521863231709,0.0100487531376601,0.0435529292293112
"TRIO",-0.828832598591729,5.16760331796893,8.35195282328028,0.0102239915549674,0.0442757281340633
"APC",0.508997670429615,6.60246445503521,8.32376206274756,0.0102671766969614,0.0444259375786565
"COPB1",0.439943783837781,7.64929951970772,8.43128843697761,0.0102836887055378,0.0444605797054145
"YIPF2",-0.5875965949549,7.12147436949172,8.41000098748083,0.0103549022760825,0.0447314662785813
"ATP8B2",-1.04305243191841,5.01642476303198,8.35350930890533,0.0104388327351548,0.0450263237981538
"ARHGDIA",-0.536203816326696,7.00696681461098,8.38768976878186,0.0104403873050244,0.0450263237981538
"GAA",-0.601434323557448,6.79953227242492,8.28225455428633,0.0105437605947813,0.0454119846664707
"CLDN7",-0.480287721822211,8.09879338902052,8.35470390294237,0.0105471875617171,0.0454119846664707
"CCDC88A",-0.703548914997697,5.92354253203044,8.2809247609799,0.0105766986174036,0.0455015668091921
"DDRGK1",-0.586297023996545,6.22945185434774,8.33798958981859,0.0106347568093443,0.0457137120414823
"LPIN1",0.553097444068603,6.83247714185483,8.32300067061816,0.0106906618106846,0.0459162607103108
"CMTM6",-0.467626207168371,7.84995555070864,8.30684079497562,0.0107351842810907,0.0460114464758609
"TSPAN2",-0.573076813452008,7.08323588461655,8.31010678113637,0.0107354945157516,0.0460114464758609
"MRPL42",0.568761011488401,7.46775805373887,8.31111223510675,0.0107392318156783,0.0460114464758609
"LIN7C",0.561037157037235,7.46072364655137,8.29024392928111,0.010816365955503,0.0463039679356383
"BET1",0.807797784189171,5.93412232958628,8.23951195581893,0.0108310188526783,0.0463287524901385
"DNAJC9",-0.744863870902552,5.03527603898221,8.20711617701101,0.0108724865889028,0.0464681008995871
"MED24",-0.703028999662496,5.52122689945687,8.18937090665666,0.0109111481363988,0.0465952379975133
"FASTK",-0.531438219150964,6.03614572535837,8.25416894525216,0.0109801311145626,0.0468515472129132
"PPP1R2",0.535434568657593,6.39310232128252,8.24652820720616,0.0109967397833417,0.0468841426162537
"CREBL2",0.539734241483391,6.79263294085447,8.23980610589771,0.0110122195464907,0.0469118757697693
"SGCB",0.615891506475457,7.0127577884459,8.23664057454129,0.0110380813111354,0.0469837548968278
"UQCC2",-0.733140975241718,6.64728439054269,8.5347878400383,0.0110501433573758,0.0469968261423949
"MTHFD2",0.860276168201964,5.49711672650518,7.9223582487917,0.0111888901564931,0.0475318500012106
"MRPS14",0.686483271937806,6.64674504212954,8.18359801707356,0.011198155077682,0.0475318500012106
"DNAJB12",0.820936269260506,5.88583032887309,8.08579334565098,0.0112032215805417,0.0475318500012106
"RAB24",0.627198160479911,6.54628712204811,8.18186106126316,0.0112310135096547,0.0476111172870762
"TAF10",-0.480210080074672,6.92984174756136,8.17050199284682,0.0112809020322774,0.0477478662337678
"ZMPSTE24",-0.595467750847888,6.61229887066989,8.1757223017214,0.0112815409984127,0.0477478662337678
"SIRT2",-0.605688094933642,5.9148328013893,8.14719900047055,0.0113377193775079,0.0479468116393476
"COPS4",0.486110825074296,6.63262809704281,8.15212896367011,0.0113863753803616,0.0481136492426435
"GSTA4",-0.70828247569329,6.61563116371082,8.02869259808708,0.0114046322831021,0.0481518682906096
"GRN",-0.470439086336448,9.3697646441593,8.1348234685264,0.0114213459670831,0.0481835152299786
"ACTR3",-0.494878811567151,7.0341695422302,8.1178517523939,0.011508437085701,0.0485117747152895
"ATP6V1H",0.492366146568821,6.94489132549977,8.11048244166879,0.0115500940573219,0.048612658048674
"S100PBP",-0.760497375982376,5.80367418556028,8.10095581137973,0.0115541770779971,0.048612658048674
"MAF1",-0.479983648364466,6.60808589075459,8.1074504900732,0.0115602705097574,0.048612658048674
"IGFBP5",1.67759667263542,6.87528399053969,8.71888053067872,0.0115937404129139,0.0487142131336824
"PTPRF",0.404539289911405,7.57357833429452,8.09261999192024,0.011613847302245,0.0487575515820929
"MMGT1",0.654598134446827,5.68420175656124,8.01602240750018,0.0116266641943024,0.0487575515820929
"DYNC1I2",0.426277464341584,7.1708276709142,8.08927038670948,0.0116320388029213,0.0487575515820929
"UFSP2",0.801117021270153,5.85217462162796,7.99875165963363,0.0117068817062325,0.0490319476590363
"SNRPN",0.543425603141646,8.8346485798959,8.01947828521917,0.0117714266681239,0.0492628080018284
"SKIL",0.914705108133846,6.50696948346962,7.85893682802446,0.0118118409585052,0.0493923941520856
"PSMB7",0.556083420989172,6.95369938807541,8.04082923227665,0.0118408887077314,0.0494368701763686
"MED15",-0.70931260904324,5.42465180166884,8.04993591869731,0.0118413930477929,0.0494368701763686
"FBXW11",-0.464523049204328,6.46321599525242,8.03806589189544,0.011854990899461,0.0494541400091641
"NAGA",-0.686984250070498,5.45409720655722,7.93634619740726,0.0119144123713144,0.0496623871330625
"MPC1",0.602349807732741,6.46378205744318,8.0131960048621,0.0119774081085702,0.0498851889908337
"CNPPD1",-0.570186079428087,5.8250872483012,8.00634610693008,0.0120018605004506,0.0499096370473387
"MNX1",1.0596470123805,5.95806488327399,8.01467961270973,0.0120023749317974,0.0499096370473387
"PRRC2C",-0.488361585180043,7.94170824633459,7.99569004508427,0.0120344509061237,0.0500032391783058
"TAX1BP1",0.406302237015741,8.06742198391412,7.98248851616135,0.0120821129751128,0.0501348354512133
"WDR5",-0.715263312005111,5.22240847905571,7.98721518157854,0.0120910531587672,0.0501348354512133
"NAV1",-0.597473380987099,7.62287962579546,7.98228630235888,0.0120948971693094,0.0501348354512133
"PIGS",-0.559370067214386,6.00477622294476,7.91615456847863,0.0121350269262104,0.0502613199233768
"CACYBP",0.612412924152842,7.18310706018854,7.95563979018572,0.0122231722529783,0.0505863193715894
"HN1",-0.817829078124556,5.57606364638363,8.08588135968635,0.012248753892738,0.0506520859156184
"IGSF8",-1.02166868537935,5.25815441812002,7.93186462591605,0.0123365678501328,0.0509161122922933
"OGDH",-0.753645011076533,6.11531883423923,7.92942456312977,0.0123507890845756,0.0509161122922933
"B4GALT2",-0.9075420165793,5.18992344621586,7.92593545220825,0.0123509457334983,0.0509161122922933
"ITGAE",-0.756635070782255,5.25951372591981,7.88462237222865,0.0123515650251823,0.0509161122922933
"GSK3A",-0.688454152264613,5.99328949675812,7.92523024515678,0.0123630470019827,0.0509232834352748
"EIF3M",0.830921813994517,6.83733944777374,7.92017379788243,0.0123843160226716,0.0509707242917357
"RAB5A",0.575838973892564,6.58757778057637,7.91671606738832,0.0124016352646024,0.0510018469929795
"ZCCHC3",-0.919679879686885,4.93800240350978,7.96917908601334,0.0124302277102053,0.0510792454726755
"HSP90AA1",0.423193406857632,10.5337651820423,7.89897060607942,0.0124518495616338,0.0511172854672895
"GTF2H1",-0.800257235399635,5.59204341668615,7.85320387274788,0.0124656010974133,0.0511172854672895
"CHCHD10",-0.448853181086296,7.40877577023753,7.89581310447728,0.0124688232199721,0.0511172854672895
"DVL3",-0.936450441298065,5.87041758649052,7.8894711516052,0.0125048886446304,0.0512249631234193
"JARID2",0.65673589114488,5.2884112111559,7.67845065553718,0.0125888872606442,0.0515286716612274
"DHX40",0.579209813980354,5.99168666924074,7.85721845031212,0.0126353312006697,0.0516566113834959
"SMARCA2",-0.38547568489843,7.91707978763427,7.85984586373109,0.0126399093092579,0.0516566113834959
"FAM136A",-0.718104166460397,5.67355180160874,7.85617111653961,0.0126566394248857,0.051684573651467
"RAB8A",-0.586211412203775,5.79310268305149,7.85571212660412,0.0127035041439015,0.0518354536769503
"DYNLT3",0.473746490019729,7.65784016748452,7.84251514149466,0.0127216286168473,0.0518689179253204
"RAP1GDS1",0.647411097309274,6.36152974463418,7.81891229642609,0.0127652573340158,0.052006235451988
"MANEAL",-0.583527942172282,6.44305391735212,7.83332865600705,0.0127773219618032,0.0520148457121069
"RPL11",0.317492668610979,10.8917308696731,7.82278551341082,0.0128070367669909,0.0520952382731996
"RNPS1",-0.383344401975398,7.50329150261139,7.82034628222822,0.01282267433882,0.052118288311829
"MBD3",-1.18984773643615,4.88959550492088,7.69162184544219,0.012849529552537,0.0521622064524919
"SLAIN2",0.647978774629676,5.86093474254891,7.81222966407347,0.0128534382840653,0.0521622064524919
"LDOC1",0.536686813742677,6.60430384995853,7.80608710898144,0.0128800948127949,0.0522298336590215
"ANXA6",-0.436509871364934,7.81829066371762,7.79970417256838,0.0129207686809107,0.05235415340707
"PSMB1",0.379181090378491,8.8148192636661,7.79118508199104,0.0129595181664359,0.0524704891215806
"PNISR",-0.386054064392447,8.21552684675419,7.78406441106339,0.0130010727586053,0.0525979932733977
"CEBPZ",0.599846139737247,6.50052582631786,7.76026292111653,0.0130168416373214,0.0526210605091097
"HNRNPA3",-0.531713450705684,7.84003521926313,7.77634774002917,0.0130335133567943,0.0526477390386119
"PDS5A",-0.55416714855285,6.68653163828267,7.78081836775181,0.0130448982262033,0.0526530370875402
"OTUB1",-0.525438531342346,7.12890228822704,7.76357774209526,0.0131104975592212,0.05287698359726
"USP13",-0.620167029615699,5.23761095989948,7.68409511699676,0.0131471257229519,0.0529838289544097
"NPDC1",-0.48123842990876,8.26607300889204,7.7500508768872,0.0131638889493613,0.0530105142822121
"MEF2D",0.608762562817708,5.76517142564619,7.73426165605593,0.0131827075836978,0.0530454292070733
"LYPLA2",-0.520817062594464,6.51427127700379,7.74670442226496,0.0131957015642156,0.0530568708278114
"RPL37",0.326437286270438,10.3083662563638,7.73590934615048,0.0132267576691903,0.0531408626724502
"BUB3",0.530937665304727,6.76306029270719,7.73952442236139,0.0132436951185298,0.0531680448422082
"RERE",0.639094374580005,6.63193438816526,7.72453166223028,0.0132846501609639,0.0532642397890477
"XPR1",0.516033412501543,6.53136973775685,7.73015310811098,0.0132880368633859,0.0532642397890477
"TPR",0.472837640777057,6.92327102418989,7.70272914013221,0.0133095440577058,0.0533095684211709
"TMEM126B",0.522286976316062,6.25990361714742,7.66467006053188,0.0134064715341412,0.0536566820129832
"FAM120AOS",0.617174820638163,5.82185609027194,7.69721971183461,0.0134321019609994,0.0537181307958254
"RAB22A",0.488212061655825,7.2850909736239,7.68454982422918,0.0135270049082211,0.0540563108985256
"PAFAH1B2",0.422612959440098,8.43873553879788,7.66854626394402,0.0135675942460703,0.0541770932958056
"FAM98C",-0.912054912329736,5.16329180642864,7.65647470558195,0.0136135466381633,0.054319090288305
"UBE2S",-0.858155944258373,5.3600807569276,7.66573151725912,0.0136289862028329,0.0543392150131256
"YRDC",-0.862167070747666,5.36237199172172,7.64891223210917,0.0137077447633735,0.054611335954109
"NPC2",-0.399792043834573,8.74374161870473,7.63856084351246,0.0137181335580151,0.054611335954109
"PAK1",0.683414060217339,5.60271389074538,7.4864603584626,0.0137303397025227,0.0546183300038709
"RUFY3",0.517649698167691,7.75727293546303,7.62775398142332,0.0137901732477423,0.0548024282335129
"PET100",-0.439565009269744,6.78769123969586,7.62514484225664,0.0137975885891148,0.0548024282335129
"ABHD5",0.722980642152061,5.21873205475878,7.2936876516117,0.0139061025166039,0.0551664950011611
"PIGP",0.522959395954476,6.77768814051566,7.60371466052721,0.0139194742209784,0.0551664950011611
"VAPA",0.411694656600479,8.31157757132223,7.59993580236812,0.0139209119775266,0.0551664950011611
"HABP4",0.493884971378662,6.44231986473322,7.59509061135349,0.0139328366628847,0.0551719221491655
"AIP",0.569006972697256,6.43197052831973,7.58857080607893,0.0140241118908442,0.0554655228338882
"BTF3",0.338916468908379,8.54571990479816,7.57865312299973,0.0140282037854219,0.0554655228338882
"PLEKHG3",-0.707283491446616,5.1156445343953,7.52697594935748,0.0141012961197262,0.0556839628061871
"NDST1",-1.20018860044314,5.08471230226129,7.54333204120237,0.0141047573666332,0.0556839628061871
"MBD4",-0.579077311628421,6.40238658258781,7.5704381673717,0.0141165865019139,0.0556886019966066
"RHOBTB3",0.551030787568609,8.09134402652569,7.55014088900456,0.0141841366209052,0.0559128824415322
"LAPTM4A",0.324895630732826,8.92640521087022,7.54560085001591,0.0142027907869149,0.0559134171037801
"ARHGEF10L",-1.11497804515373,5.56598330124861,7.54019700531925,0.014205666331322,0.0559134171037801
"ING2",0.914710242352379,5.44483026473571,7.42725823507545,0.014254910485066,0.056065024157592
"FAM63B",-0.941939657870518,4.95031820168327,7.48203584832281,0.0143008057675064,0.0562032419148543
"CKAP4",-0.42416915633302,6.98237606849345,7.52192357359706,0.0143417703363306,0.0562811885415963
"SOX13",-0.86687926976898,5.15295712952573,7.50421561060479,0.0143421739310132,0.0562811885415963
"MARS",0.5472107555282,7.31854780001931,7.51660049727029,0.0143872642978293,0.0564157768077674
"AP2S1",-0.500329731065768,6.674017298129,7.48167100967408,0.0145674273977464,0.0570613712075419
"LTN1",0.738109019686285,5.63814638437128,7.31047019731357,0.0145737383895291,0.0570613712075419
"NRD1",0.487425146324007,6.98050258299292,7.59752596078057,0.014585623340004,0.0570651595794915
"TCEAL8",0.465251234416428,7.06421414965664,7.44324412821951,0.0146799420136816,0.0573215531795082
"TNKS2",0.811813461418507,6.37100107190438,7.44584268778569,0.0146829313141356,0.0573215531795082
"SOD2",-0.64352804605754,8.2295280552113,7.4605064309857,0.0146840558077983,0.0573215531795082
"FANCF",0.803865672106435,5.34448530593063,7.460333132558,0.0147061498206389,0.0573649590391638
"MYO1B",-0.52540519682424,7.01156691779223,7.43936537776798,0.0148110685161952,0.0577109144021908
"TOP1",-0.400698426357011,6.76765535242315,7.43686655623723,0.0148169212029348,0.0577109144021908
"GHITM",0.450430959235379,8.5377264318825,7.43071750802269,0.0148342249664738,0.0577352895753974
"QSOX1",-0.683089426290504,6.58105399395126,7.43303906901671,0.0148540713234448,0.0577695169699749
"MAN1B1",-0.572799987734324,5.95839612385509,7.2863716262475,0.0149224082457989,0.0579604024434587
"PSD",-0.682244506355956,6.45744712741971,7.35341706031505,0.0149253303403282,0.0579604024434587
"TNFRSF12A",0.737131009301299,6.84297569696826,7.41588574478557,0.0149414171565767,0.0579797976818312
"FBXO3",0.589432877934956,6.3542014818465,7.3531202362778,0.0150116068848305,0.058173881798441
"ZFR",0.468830891000501,7.41883421083215,7.40350428525327,0.0150136917057771,0.058173881798441
"MRPL12",-0.822395575028283,5.15218170697981,7.51783345659081,0.0150462175707364,0.0582567253646215
"ALDH2",-0.703497008897764,5.78999123705415,7.29629792256998,0.0150904478121938,0.0583847303585026
"FYTTD1",0.52666611058712,6.85800903872008,7.36420222294055,0.0152473952321965,0.0589483246144166
"RPS20",0.277995829851995,10.1526528160785,7.34989292706006,0.0152912675475045,0.0590522082698443
"OGFOD3",-0.715181911747063,5.51571535741875,7.31524440284813,0.0153129083841223,0.0590522082698443
"IL13RA1",0.558078481846849,6.17895766149554,7.34583080451959,0.0153178273634071,0.0590522082698443
"MATR3",0.377932201374155,8.12300908677675,7.34815693196159,0.0153194555986051,0.0590522082698443
"MAT2B",0.669732680068989,5.65302105030495,7.30432171399015,0.0154118299873079,0.059364506517066
"TUFT1",0.751843340491691,5.70942894917279,7.29542678627076,0.0154656864392399,0.0595280876420524
"NFE2L2",0.591233940934852,6.95062996897966,7.3187018010866,0.0155142343330847,0.0596710101979645
"ZCCHC17",0.637771924267227,5.88949765560093,7.30367818560454,0.0155509685212917,0.0597683179858762
"STRBP",0.888882504075223,5.78506075917445,7.16758584535928,0.0155711527117063,0.0598019215459875
"CLIP3",-0.661641113047971,6.07445007926918,7.29697624292786,0.0156003445092756,0.059870044603512
"DDX24",0.351603015020266,8.32768226047818,7.29608290303298,0.0156124596740814,0.0598725801294376
"MESDC2",0.523214953489031,6.40902394944863,7.36436496210603,0.0157644711459102,0.0604112101757131
"PPP1CB",0.382790008393957,9.76482722120882,7.25855686830524,0.0158380722708896,0.060648793963326
"PLXNB1",-1.10724477302344,5.33394690683184,7.23716987266881,0.015899469265514,0.0607986131669333
"PFKP",-0.746070371449973,6.61701522344844,7.25283659840358,0.0159058890719502,0.0607986131669333
"HMG20B",-0.642482477246791,5.22612747020896,7.23184855402056,0.0159278065307367,0.0607986131669333
"ARID4A",0.771863671027479,6.01227777876542,7.03035391422749,0.01592958304908,0.0607986131669333
"RAB11A",-0.352807991487282,8.62176861977558,7.24239031459333,0.0159353548954847,0.0607986131669333
"CHPF",0.4593592432489,7.59377139815103,7.20702805885102,0.0161512153120423,0.0615492245642012
"RAI2",-0.538651404834006,5.83357226229166,7.2056178595475,0.0161556411138481,0.0615492245642012
"DPM3",-0.495305328302988,7.6094907444253,7.19374083607481,0.0162358049708363,0.0618095794483333
"SYS1",0.539333814768428,5.77561821454935,7.11688339696345,0.0162949997165916,0.0619897842202505
"TTC39A",-0.47612780204189,6.9493907287651,7.17946589073471,0.0163393772173727,0.0620973470959488
"PDE8B",0.652984896278281,6.24364830073207,7.14937256327255,0.016347034552138,0.0620973470959488
"ARF3",-0.4080485714749,7.71485063528048,7.17279263130509,0.0163643132508447,0.0621158856683158
"KLHL5",0.760820940293085,5.61051589906989,7.0942349659786,0.0163756821218556,0.0621158856683158
"ARPC3",-0.311829785410614,8.55874165022541,7.1631295796123,0.0164220557716473,0.0622466174897754
"NAA40",-1.03164497700237,5.18610812701224,7.12255257451825,0.0164452895817727,0.0622895135100914
"INPP5F",0.689812392682315,6.51637619511815,7.16342752563365,0.016463082496397,0.0623117539526916
"AHCTF1",0.581700751893345,5.66429157164684,7.06320851445976,0.0164969117035829,0.0623946146704978
"RCHY1",0.75937373392151,5.91333404920496,7.09022219982482,0.0165391477015015,0.0624740938706677
"TTC3",0.353579324783254,9.22940925376336,7.14424866086004,0.0165418300969972,0.0624740938706677
"UPF2",-0.72089584792871,5.48745361166909,7.14814704790963,0.0165548236148517,0.0624780238518626
"RPL18",0.27055924008772,10.230269188856,7.13703342600524,0.0165857853977119,0.0625497115972872
"PPP4C",-0.563253286734795,5.82169052430871,7.13175514815642,0.0166623775199628,0.062771640016665
"CDK5RAP3",0.547800777763063,6.53454661262365,7.11068830604239,0.0166690072273261,0.062771640016665
"ARPC5L",-0.507189148696996,6.07650280401424,7.127514906482,0.0166849424930322,0.062771640016665
"HSD17B10",-0.52993287498747,6.56291892762548,7.12455691624277,0.0166926687628017,0.062771640016665
"PPT1",0.394864081713295,8.42215409124898,7.1182818492113,0.0167400183396283,0.0629044398714862
"AFTPH",0.651823839929891,6.79763106335329,7.11287710175291,0.016774307288623,0.0629773319462982
"ENDOG",-0.738832002043901,4.33142047665482,7.10881011881846,0.0167835131817856,0.0629773319462982
"SLC37A4",-0.606860320254931,7.4617223499435,7.0894444497907,0.0169138184904086,0.0634207526896453
"RPS27",0.300138294867207,10.6442039657152,7.0780673551805,0.0169661932745495,0.0635715356602652
"NDUFAF2",0.510377007855673,5.6186030635962,7.07811707253778,0.0169948748384023,0.0636333888111238
"CACNA1H",0.580040168024499,5.70004493153689,6.95381913592955,0.017030899966345,0.0637226300100825
"CHMP7",0.758244761615863,5.23470361929401,6.97037355784345,0.0170556815441368,0.0637697048864114
"RIF1",-0.849726672940909,6.0171963054777,7.04272481186319,0.0170679755872764,0.0637700560362358
"CHGA",-0.602161091051686,12.0048531669683,7.06862960833781,0.0171482331768606,0.0640241534396073
"CWC15",0.441503794743623,6.60450393302379,7.05170602132041,0.0171755120256795,0.0640394749683267
"TCF4",0.616962156310259,5.71767165422323,6.81031291717378,0.0171844919693803,0.0640394749683267
"LSM2",-0.483320893527525,6.29935904856811,7.04964811545747,0.0171890919036852,0.0640394749683267
"STXBP2",-0.78654751496117,4.93086600597777,6.82369968387528,0.0172349747875145,0.0641646817765943
"TCP1",0.542419555498452,7.52777178708734,7.02800054866864,0.0173141574676835,0.0643118929909139
"TTC1",0.656379772427684,6.56530325252101,7.03214756459683,0.0173154354050089,0.0643118929909139
"CLCN4",0.6949250804665,5.6793115418076,6.98562108928192,0.0173166496509452,0.0643118929909139
"EPN1",-0.596073132103595,5.61615723262588,7.03238942789486,0.0173345508575339,0.0643118929909139
"CCDC90B",0.577976238063228,6.38967441048352,7.02314338238416,0.0173496239513247,0.0643118929909139
"ZC3H7B",-0.733179054030537,5.66803084704292,7.02704573566053,0.017352977481644,0.0643118929909139
"PPFIA3",-0.658458706261988,4.68483359272965,7.1239285824259,0.0173606430094087,0.0643118929909139
"MRPS9",0.61594573855741,5.84332420538049,6.95686627080649,0.0174026970455267,0.0643815738084622
"UFL1",0.44005480556374,6.77100752235434,7.01925342905753,0.0174160753228368,0.0643815738084622
"ANP32E",0.470169272718519,7.59194141935951,7.00789971433603,0.0174164043170395,0.0643815738084622
"IL6ST",0.478009444807556,7.28477343145221,7.01153802333032,0.0174305166287946,0.0643882052429041
"ITGB1BP1",-0.641659832028706,5.75032742624215,6.99803903053532,0.0175171367700798,0.0646624815658242
"SRSF10",-0.583535659116293,6.80043345351847,6.99317689341327,0.0175782805268556,0.0648088244490034
"MARK4",-0.962748608471214,4.77391549379785,6.9324898974138,0.0175815789303017,0.0648088244490034
"CLK1",0.55982701000307,6.84449120606465,6.98438257062366,0.0176004729536094,0.0648327499143878
"MCFD2",-0.420278781123063,7.06251962686951,6.98158002270291,0.0176398727175709,0.0649321230244671
"SPRYD4",-0.661138559801824,5.60144282271699,6.94492651961428,0.0178888283401576,0.0658021855974692
"CAPN1",-0.906256196916841,6.28571469260737,6.94443852001789,0.0179067383009106,0.06582174479526
"HNRNPAB",-0.543906602857776,6.59448959973837,6.93303373824426,0.0179599508370282,0.0659258548371072
"PHF20",0.579447871483223,6.44576934715612,6.91732679370092,0.0179602864526575,0.0659258548371072
"PSAP",0.289473319682297,10.777725934488,6.92821432208702,0.0179788904453467,0.065945767241027
"SDCBP",0.447789845803728,7.95077852560541,6.92819337479016,0.017990943961298,0.065945767241027
"KIF1BP",0.828534009013206,4.91361139384124,7.27908418526972,0.0180133940744827,0.0659510819635825
"SDF4",-0.420374997072383,7.33983886084254,6.92352340854915,0.0180176286673036,0.0659510819635825
"PI4KB",-0.668833115257868,6.4133661594288,6.9235814453159,0.018053281162698,0.0660353398442423
"PDIA6",0.452082952426181,8.05152249261851,6.91558275621763,0.0180760287440136,0.0660723092622091
"MED27",0.482317836664043,5.80753978576541,6.90772396720729,0.0181168201496524,0.0661751355151875
"WNT4",0.385524765618879,7.8163108492265,6.89595764824162,0.0182154827857954,0.0664612472579349
"TSC22D4",-0.58526355364701,5.29787626591897,6.90236028115537,0.0182205791698146,0.0664612472579349
"LRRC10B",-1.10397724299731,5.07771895734741,6.90048044817803,0.0182383448364604,0.0664796572246714
"HMGN5",0.580638160889625,5.73738934121765,6.87178991944176,0.0182521561370266,0.0664813177840002
"DAP3",0.404416195843661,6.78241437372535,6.89275143735381,0.0182642380596564,0.0664813177840002
"GOLGB1",0.426435333883529,7.77892608341251,6.87716122231126,0.0183768811145057,0.0668447860720399
"LGMN",-0.528207087764058,7.43939877240947,6.87301973189666,0.018395825795556,0.0668671637227893
"COX6A1",-0.318924633776968,9.07056013338205,6.86437398206153,0.0184316053054067,0.0669506608279089
"TERF2IP",0.337045863940257,8.28784541147937,6.8598505898162,0.0184691148997877,0.0669937164636736
"PSMB3",-0.512563048666632,6.70975798073318,6.96477786388826,0.0184787945369342,0.0669937164636736
"SIDT2",-1.08138488064774,5.47784314844948,6.82401211664808,0.0184819091525956,0.0669937164636736
"REV3L",-0.507318687636353,7.05348010523018,6.731083315892,0.0184960903986958,0.0669986587068488
"TTLL7",0.624375258735616,5.63055588246951,6.78965015629343,0.0185216611352242,0.0670201533656982
"FAM3A",-0.57660049046541,5.208813763099,6.8240634564615,0.0185276681869971,0.0670201533656982
"PEMT",-0.482296040874343,10.1421315630952,6.83985393594316,0.0186089080957881,0.067236073663315
"ACADSB",0.69740400526711,5.48565932704881,6.65751471190717,0.018613085630537,0.067236073663315
"PTAR1",0.594202217782997,5.51114428053551,6.80488277625124,0.0186805467357611,0.0674315785102866
"GNPTG",-0.535975636684392,6.46379316346926,6.78401629993316,0.0186930088504697,0.0674315785102866
"TUBB4B",-0.520885085509675,8.02927193366278,6.82618389769185,0.0187111613807045,0.0674505107151326
"TIMM13",-0.417739507703996,6.62924694091026,6.82650968189614,0.0187368659838263,0.0674966219830875
"TAB2",0.509263176805652,6.23048271713035,6.815180358756,0.0187985320044377,0.0676721258864985
"TMBIM4",0.41903662181295,7.77496437056038,6.80821639263477,0.0188678434387105,0.0678748917096628
"OXA1L",0.56672271280374,6.30497506940869,6.79875196528597,0.018905688467929,0.0679309374304676
"CXXC4",0.787742133259356,6.44220154309846,6.72120331611085,0.0189094153360112,0.0679309374304676
"GNE",-0.608337366191967,6.90216834737956,6.79138141935254,0.0189607296295144,0.0680684984707911
"TMEM51",-0.917722481926838,5.29495207964056,6.77626062113782,0.019025330157512,0.0682535351635657
"RBX1",-0.443482303774426,7.39688589281674,6.77269082300628,0.0191214842967786,0.0685514392450355
"ITGA3",-0.90681449265598,5.33419633922229,6.77244837907641,0.0191582127391085,0.0686360370029609
"SFT2D1",0.661903635395443,5.13772201347063,6.74923381220888,0.0191919916374422,0.0687099591019936
"MIF4GD",-0.683917029165642,5.66700299687846,6.76519663396819,0.0192297415562834,0.0687979870737122
"PRAF2",-0.375399344773512,7.18130513640426,6.72654316618853,0.0194625787464976,0.0695833783228065
"YIPF1",0.543836690529112,5.83255519224327,6.70603537469624,0.0194813796636009,0.0696029880394
"PGM3",0.573256025348876,6.40009988735219,6.71974733475846,0.0195013830165867,0.0696268640899581
"IFNAR1",0.499459816613059,5.97132988682201,6.57178823795483,0.0196906570436697,0.0701453211543528
"CYFIP1",-0.701056612439561,5.54405500128066,6.677936207007,0.0196928506608315,0.0701453211543528
"RPL32",0.279863144564893,10.347974013242,6.6951613509614,0.0196938384210414,0.0701453211543528
"CYB5R3",-0.377721152727522,8.41086148609303,6.69463142785226,0.019700273857775,0.0701453211543528
"KLHL12",0.669982294670199,5.73872527700779,6.6530089652651,0.0197142735166746,0.0701473843918709
"GBAS",0.595397298229361,6.46108666627092,6.76688308537005,0.0198035362674441,0.07041706399315
"TTC37",0.470195560645712,7.39091101999334,6.6464529940779,0.0198838746337844,0.0706546653370437
"PIM3",0.564062545139164,6.8609202603811,6.67005303463115,0.0199119519763607,0.0707063675138841
"TMBIM6",-0.262517861724208,10.3029335338984,6.63832560116197,0.0201402720604314,0.071468568947641
"GPRC5C",-0.445750268560005,6.45732769870731,6.63756598678088,0.0201792010315855,0.0714871913749963
"SLC16A9",0.686210672858894,6.00102036022728,6.5156041276771,0.0201821297759211,0.0714871913749963
"PCMT1",0.458216671566936,7.82865967333825,6.63472084968702,0.0201865495445752,0.0714871913749963
"GNB2",-0.455612747745523,7.34191403787222,6.62799457646261,0.0202313319109697,0.0715972727817458
"SYT17",-0.65530121270459,5.99001093888058,6.61424135890863,0.0202954953797549,0.0717757471921374
"MAP3K2",0.445804458170749,7.05562926568941,6.61570252265415,0.0203407339042937,0.0718870967665607
"SERP1",0.384328239805445,8.37686852039108,6.61122059803576,0.0203588529242324,0.0719025163749748
"POLR2E",-0.342051090116179,7.46562789830433,6.59280836856063,0.0205200236392921,0.072422797814031
"SPIRE1",0.670940968035178,6.27037434434087,6.58459490043805,0.0205469715796826,0.0724689746605946
"PPP3CC",0.608471791625782,4.78808098412174,6.48043553272155,0.020569027711819,0.0724978475048403
"DAD1",0.410095337582496,7.87195586029083,6.56889252588756,0.0207142990576096,0.0729606746456369
"NDUFV3",-0.427487216830448,6.54062866230318,6.5661970307038,0.020745007302412,0.0729886612808573
"SF3B3",-0.416293254438941,6.93108149307824,6.56635810104573,0.0207501723098056,0.0729886612808573
"HS2ST1",-0.654935508307941,5.55153071671755,6.55854707514257,0.0208124967100175,0.0731586552140294
"GTF3C3",0.505404008054905,5.80709675111089,6.49806666684131,0.0208459623306268,0.0732175046258433
"FBXO25",0.579863687394199,5.42093519909522,6.53793929768224,0.0208572535656937,0.0732175046258433
"LEMD2",-0.737599627610349,5.3263627822075,6.5532679999924,0.0209051299286447,0.073336318212769
"CRADD",0.611235152676261,5.62556053848511,6.43506153396097,0.0209557219471164,0.0734644927012593
"ANXA5",0.391019745675671,8.7212243889226,6.53519678820954,0.0209824659701539,0.0735089474705057
"HBS1L",0.515067033043428,6.3098573282453,6.43232418270122,0.0211272208995098,0.0739210010089529
"PNPO",0.603800917600289,6.50955070047749,6.49978015035175,0.0211283672292664,0.0739210010089529
"TAOK3",0.597637155885518,6.21045464202317,6.51854293643676,0.0211510260771077,0.0739507781304628
"NUS1",0.518465289613079,5.98396315494291,6.51376221178056,0.021237198704943,0.0741687721454186
"ALDH18A1",-0.563937311967022,6.53891044415354,6.50833294664967,0.0212417547162219,0.0741687721454186
"SGPL1",-0.491051410642648,7.09696919982156,6.49327198184396,0.0213804741517682,0.0746032966564036
"DVL1",-0.628768505025451,5.3079141856164,6.48554541974228,0.0214605311359489,0.0748326859557072
"TUBG1",-0.700985799219164,6.03880480940822,6.47930951816501,0.0215223803197527,0.0749794974964828
"MYL6B",-0.401796671705634,6.56589696631567,6.4747804321804,0.0215313230805856,0.0749794974964828
"GDAP1",0.541352970088838,6.76066489765717,6.40275984172815,0.0215590383410418,0.0750260275689917
"PTTG1IP",-0.447689542093439,7.65573503249462,6.46284325345922,0.0215977625101654,0.075110781530695
"SSR2",-0.39791010952076,8.70084723214504,6.45499164565924,0.0216614111594314,0.0752820452994334
"KCTD3",-0.774936692690773,6.04267646012588,6.42849093403144,0.0217529415343343,0.0755499172092792
"ARFGAP1",-0.661938460559901,5.02574240937548,6.42755330794361,0.0217827260266117,0.0756031267869187
"CSRP1",-0.689514497638308,6.5659473848447,6.43560460115874,0.0218187398511435,0.0756778720649816
"PVRL2",-0.717709501366466,6.28774940520784,6.52817289425418,0.0218431165241141,0.0757121817450558
"TWSG1",0.540330326482559,5.42459750220202,6.4000447112515,0.0219288088698693,0.075958836290793
"RORA",0.516601523155673,5.43439617315332,6.36009434944596,0.0220310723515868,0.0761889743662561
"TMEM141",-0.413067909855685,7.11866642710672,6.41399273832196,0.0220322813233969,0.0761889743662561
"LUC7L",-0.540625472250697,5.72298745531547,6.40274935191638,0.022038976323279,0.0761889743662561
"CRK",-0.632451890813377,5.68600676211748,6.40217735667936,0.0220673935459858,0.0762367918472359
"ECD",0.761655201134051,5.400196537987,6.32345104153726,0.0221559655730815,0.0764724561644215
"CTAGE5",-0.513734978799835,6.74245404243307,6.48985598045871,0.0221648691580445,0.0764724561644215
"LPCAT3",-0.448398967307357,6.83260970418739,6.38981491292864,0.0222521574455852,0.0767229729340856
"CLIP4",-0.685274485880952,5.66398956309396,6.30433382651046,0.0223198236344674,0.0769055492006335
"PPP4R1",-0.622816194554781,5.37534154853345,6.32944689259335,0.0223495092793852,0.0769329221120056
"COPE",-0.431520327693489,7.70467561257637,6.37631403753422,0.0223572046466686,0.0769329221120056
"PIK3C2A",0.653194095567741,6.22597575779094,6.29269779598912,0.0223988052315886,0.0770253650957328
"PPY",-0.617157469873859,7.36623180344958,6.35308865073365,0.0225789835391601,0.0775939164754699
"HELZ",-0.481713159990559,6.71954959020797,6.35188655084686,0.022598427520599,0.0776097113338836
"HSPB11",0.66584209214686,6.13536161461661,6.346295855396,0.0226174159946852,0.0776239221301508
"JMJD8",-0.67173065345523,5.55453133313794,6.33922561549011,0.0227461356168954,0.0780144690744831
"NDUFS6",-0.389845776895873,7.88526168254596,6.32177250252709,0.0228502171783273,0.0783200558630273
"SUMF1",-0.860318620077713,5.6750464721642,6.23820514550427,0.0229305330879795,0.0785438377790753
"BCL9",0.691143840244537,5.59115404065199,6.23054309858633,0.023077100421206,0.0789941086454771
"MTF1",-0.791611821033332,5.36858281993092,6.23240736025017,0.0231013732906961,0.0790254438419297
"ARID5B",0.522068638263031,7.0493940149505,6.29605249227325,0.0231290885248963,0.0790444584217426
"APLP1",-0.339089801081183,8.69204866946717,6.28925192272766,0.0231506592244083,0.0790444584217426
"ACBD5",0.538042640318824,5.58357641059895,6.27685349135252,0.0231522988030778,0.0790444584217426
"SPOP",0.425880023619111,6.77351786097813,6.28420708625771,0.0232166273789422,0.0792123441969524
"CUL5",0.519945845039798,5.85260075015992,6.26017063438536,0.0232664344315706,0.0793304975693538
"DDAH1",-0.702227128548311,6.67731628212926,6.2565523714991,0.0233344278307118,0.079510465626552
"RPS27A",0.239024904814033,11.2187933434227,6.26708173563113,0.0233562715367699,0.0795227324361488
"BTBD3",0.521755387770593,6.78068255777679,6.25767313615971,0.0233684555236129,0.0795227324361488
"SC5D",0.620800612208127,6.63326983763615,6.45466808520198,0.0234125431664156,0.0796209259146744
"RNF5",-0.697540134466695,5.00989135339854,6.1710616420772,0.023457906788473,0.0797233282076387
"TNFAIP1",0.84907211910571,5.30764815209617,6.19698101859876,0.023486266423682,0.079767845741771
"CC2D1B",0.584951741472345,5.25863157970942,6.14438894001291,0.0235261595916209,0.0798349374490166
"DPM1",0.541740961350508,5.67616346359174,6.22319868742617,0.0235459097044609,0.0798349374490166
"YIF1A",-0.445911889323634,7.84677778148462,6.24689834514272,0.0235518411223232,0.0798349374490166
"RPL15",0.30473726895125,11.4667252335742,6.23535801159943,0.0236574015567266,0.0801166343374287
"FKBP11",-1.53476799769953,6.54669527515802,6.83011005158682,0.0236655985109987,0.0801166343374287
"SHC1",0.589379438868768,5.93917215705278,6.2334706299692,0.0237520747775268,0.0803573429528367
"RAP1B",0.427105608453269,6.68975835695465,6.2103998848296,0.0239416613700454,0.0809463544509878
"FUNDC2",0.43066406325744,7.37374977207347,6.19442988991128,0.0240670825022376,0.0812970099663246
"CTNNB1",-0.415314333403109,6.83126753724766,6.18464118024999,0.0240764820026536,0.0812970099663246
"DRAP1",-0.513997768872617,6.01123419911559,6.15954348252877,0.0241133362528649,0.0813688886983377
"RPL18A",0.262709664747978,10.1846727044924,6.17862412739246,0.0242073534077605,0.0816334427499122
"ATXN3",0.626116613921494,5.34910539030177,6.09353971350985,0.024234609631379,0.0816726657274134
"SPAG9",0.513739899847221,6.3961910266397,6.16703584814406,0.0243409658808368,0.0819511070599655
"PLEKHF2",0.685144333240904,5.11618469623884,6.06391021075837,0.0243485879594656,0.0819511070599655
"AFF1",0.561291528090806,6.20105827891789,6.15912709722413,0.0244146471517774,0.0821205667067829
"COPS8",0.593873229786728,6.34229287933322,6.05573555223752,0.0244459320133011,0.0821729174492121
"PRPF4B",-0.499708546205104,6.18460249208501,6.15241933524188,0.0244761929307672,0.0822217612140874
"CHCHD1",-0.490917351805386,6.22879857612037,6.1486485471727,0.0245352887863689,0.0823673439218692
"UBE2G2",-0.422441622880467,6.58184017716713,6.14643048949467,0.0245542888502596,0.0823782206805566
"MAPRE3",0.464266349980761,6.54337106405601,6.14595177293765,0.0245818337359149,0.0824177324808385
"LRRC41",-0.716678715840292,6.60704622835443,6.14059529093125,0.0246210157711659,0.0824961855358233
"TRA2B",-0.438116166537073,7.07943867170726,6.12704356332461,0.0247377379918982,0.082834180963262
"TMC4",-0.654390452530301,5.50072160287073,6.09661800114502,0.024775244450714,0.0828942831713208
"DNAJC19",0.47996550483297,6.23034101790358,6.12275243522237,0.0247991705241234,0.0828942831713208
"CD68",0.516335286001974,6.40507022471115,6.12557739660032,0.0248032636081779,0.0828942831713208
"ABI1",-0.550478113286592,5.72080329141504,6.1087058397458,0.0248562975299327,0.0829782560534648
"COPS6",0.405077118639795,7.28082053759281,6.11061290798541,0.0248601394642674,0.0829782560534648
"FAM96B",-0.412298124694023,7.43094693135487,6.19131416196603,0.0249080512934504,0.0830851206833856
"POGK",-0.662726475086527,5.95312303105217,6.09869450601699,0.0249634636533199,0.0832168523698361
"PDIA4",0.554088764047033,6.84134140124147,6.10041866006713,0.0250169944597944,0.0833421478912336
"TMX2",0.440588513249137,6.79286523786254,6.09781452049857,0.0250412948696392,0.0833699670596205
"FAM131C",-0.74981069512492,5.30924489644215,6.08376661891711,0.0251583066505561,0.0836919690000094
"MIA3",0.535093731591153,6.35870716396956,6.08502912861249,0.025170035444426,0.0836919690000094
"JOSD1",-1.05498799832922,5.52419438887296,6.09171101174173,0.0251996041352019,0.0837370189540369
"USP14",0.509768335580715,6.46551761779144,6.08067801813409,0.025253819561101,0.0838638594954732
"ISCA2",-0.446269788927482,6.17795786954684,6.0739993058134,0.025289325929639,0.0839284486566496
"BAIAP2",0.532328077695191,5.64055461799431,6.05293141030924,0.0254590511128714,0.0844381092430069
"CARHSP1",-0.63789771046882,6.0204129736174,6.02247447696249,0.0257120364622479,0.0852230910514709
"PRRC2A",-0.625335222410776,6.51521713064648,6.00978928926916,0.0258314198408879,0.085564532007808
"ADAR",0.354292927390994,7.77824912574856,6.01458099372838,0.0259128883428534,0.0857800299987934
"RPH3AL",0.473936145645065,7.4409513380986,6.002268471385,0.0260231301991822,0.0860904440196996
"DNMT1",-0.637267389883265,5.84407255191482,5.90500797015446,0.0260739558542605,0.0862040273562427
"PUM1",-0.41912111511861,7.3710211765712,5.99482517818394,0.0261083231056606,0.0862630877833677
"NUDT9",0.482125598804146,6.49984995455705,5.9892680241132,0.0261360920781911,0.0863002863504138
"RAP1A",-0.422940203169129,6.47739824086047,5.99123071677164,0.0261661161863533,0.0863448796124171
"ATP6V0D1",-0.402139991946302,7.60655023881532,5.98194921787737,0.0262476789188707,0.0865593802580045
"HTATSF1",-0.438355331191769,6.64336448023094,5.97621499553745,0.0262853010511098,0.0866287948260725
"FOPNL",0.594645053612958,5.75915982844358,5.92459693562269,0.0263684897959529,0.0868482017413018
"MRPL33",0.435364332990593,7.37097827872981,5.96640123486439,0.0264227531422563,0.0869721225910412
"MINPP1",0.619560869989912,5.34339317680485,5.92974155858621,0.0265441001153955,0.0873008987734904
"ATG13",0.562961870489448,6.41413309633064,5.9482932647647,0.0265560415247465,0.0873008987734904
"APBB1",-0.596739951097571,6.67910735151182,5.9402089149632,0.0267219707040214,0.0877911633374732
"MAEA",0.498484337942526,5.73484402857519,5.88339802064862,0.0268847910333368,0.0882706047306856
"TNIP1",-0.572726036436654,5.04446185919575,5.89123958477343,0.0269195016782598,0.0883287301457148
"DNAL4",0.723915282630545,4.63328158768748,5.89947153839172,0.0269362915347751,0.0883287301457148
"CNBP",0.408357163181278,8.46874660328813,5.91425552941903,0.026989727340362,0.0884484669643086
"ADSS",0.621605380378328,4.92233419810268,5.88699650889646,0.0270340339531289,0.0885381550582737
"CD200",0.544551814193314,7.21962590822873,5.89554275302898,0.0272272286673145,0.0891150433588309
"GLTSCR2",0.484650073422558,7.29953508599516,5.96600728009273,0.0272625440067241,0.0891747919418942
"COBL",-0.512124965276018,5.53726976900658,5.87594939887467,0.0273626907278833,0.0894463942680714
"PTEN",0.579965277823341,8.6342974400661,5.88077604788558,0.0273842994874104,0.0894610833879339
"ANXA11",-0.40192157206805,7.93498467387901,5.87063481924859,0.0274627078891683,0.0896573036076163
"GSR",-0.444656569556053,5.78050978601748,5.8691548348322,0.027478668524852,0.0896573036076163
"PCMTD1",0.568572375275488,6.28645007121759,5.85997543820936,0.0275127672709255,0.0897125605272163
"CMTM8",0.39707298129048,6.83594281352298,5.86330655474222,0.0275778498221444,0.0898240165347904
"RPLP1",0.235805072970817,11.0488110106624,5.8599524875277,0.0275813174934644,0.0898240165347904
"MAPK10",-0.72974706970518,6.14897733501439,5.79961872734999,0.0276451389490151,0.0899459811047872
"RPS17",0.339825940778831,9.94222566239909,5.9123770339095,0.0276531837833161,0.0899459811047872
"PIAS1",0.433347339924492,6.80470185997039,5.84824837400592,0.0276935135355377,0.090021141324786
"TPPP3",0.683473742559897,7.39296383729605,5.85415498354852,0.0277308320558964,0.090086425827328
"FNTA",0.657480209253486,6.07872788427803,5.83907851480285,0.0277524063150493,0.0901005141669334
"EIF3G",0.444462357547318,6.61435887041891,5.82035792611495,0.028005265387542,0.0907856900443656
"STRN3",0.506368336970982,6.4393944958533,5.78817042397502,0.0280089051776249,0.0907856900443656
"GCLM",-0.417834088428661,7.25216809039317,5.82392657951408,0.028015557306593,0.0907856900443656
"RUVBL1",-0.709162464106593,5.25089411316167,5.7969151665929,0.0281463978868466,0.0911531733299549
"STX17",-0.664627335646253,5.74183486150881,5.73455839706885,0.0283514263194924,0.091760312923831
"SEPT8",-0.633236113850855,5.32498621011331,5.76837733960459,0.0284365238050778,0.0919787808967462
"UHMK1",0.444174902930586,6.47929340713723,5.7832285305368,0.0285462813383582,0.092276692984291
"DUSP1",-0.601115248311219,7.86143829559331,5.77645512772014,0.02858193246497,0.0923348337419026
"JTB",-0.310321729106024,8.21971375720734,5.76916279745302,0.0286423192060211,0.0924727625014651
"TIMMDC1",0.363794837268804,7.15909218845821,5.76573580151804,0.0287056432464623,0.0926199983020114
"HIBADH",0.521201023573779,5.90365866114493,5.74534163105189,0.0287885322043246,0.0928301405502805
"TMEM200A",0.482067572836084,5.76112757336279,5.74586061526347,0.0288205499366833,0.0928760878662414
"ENPP5",0.727495754707547,6.69323647894616,5.69773408148242,0.0288497032342944,0.0929127534230786
"NDRG1",-0.5612793819108,8.12433625813659,5.75024527814691,0.0288806855998751,0.0929552608562484
"GPS1",-0.560349451741257,5.96747438276457,5.74631998036906,0.028925248121849,0.0930413981125569
"WHAMM",0.73071334359253,5.60057986171655,5.73043032968302,0.0289878017438567,0.0931852642774531
"DEF8",-0.499144186802363,5.66609523839447,5.72007362097022,0.0290594837075208,0.093358279864297
"EIF4A1",-0.548882678518782,6.35237817236621,5.98777420641455,0.0291459773039273,0.0935786384322039
"FBXO16",0.560601884350093,7.36234640071009,5.70434389437353,0.029307237621683,0.0940386317056703
"IARS",0.477440973275518,7.19766912824182,5.71559170426253,0.0293278561521544,0.0940470577345467
"TRIP10",-0.765017311362408,4.48898543334183,5.66150332829399,0.0294205939723748,0.0942866000573901
"CCS",0.540312254682648,5.81668249702326,5.67124680271597,0.0295384221294748,0.0945180340110568
"RPL19",0.23782785445392,10.8808481596527,5.69484987678116,0.0295403840206199,0.0945180340110568
"COPS2",0.499929329234808,6.49380198173046,5.69884048558493,0.0295470571214974,0.0945180340110568
"TPMT",-0.523710384831109,5.85004243915343,5.65128682564516,0.0296462237841527,0.0946843675980663
"NDUFA7",-0.463524123570873,7.31686171234523,5.68944042903209,0.0296512196452654,0.0946843675980663
"FDPS",-0.397014677732387,7.16117874775951,5.68817706522167,0.0296533976961994,0.0946843675980663
"GOLGA7B",0.784362381244881,4.9250407358766,5.64561556817375,0.0297655858411359,0.094932301487683
"COG1",0.491959173581258,6.19245230767718,5.68021756902592,0.0297677622380972,0.094932301487683
"IFT27",-0.553709519605,5.09143688452771,5.67593700417767,0.0297855317466616,0.094932301487683
"EIF2A",0.574935474466932,6.51100679958006,5.62484967004673,0.0299213270320897,0.0953069935385332
"MTF2",-0.528612099838648,5.67040924995404,5.59289471181513,0.0299651373486137,0.0953884122540829
"GGA1",-0.74295735190834,5.37572517719705,5.65242180076095,0.0300032503071103,0.0954516064243856
"USP38",0.485699777681289,5.52090080152166,5.6582618478331,0.0300310317364839,0.0954818752351589
"RAB4B",-0.684804946159427,5.81995365464044,5.90549683815579,0.0301045517506502,0.095657441945683
"TMEM205",-0.343308613504576,7.65129627941751,5.64624312592209,0.0301547720433235,0.0957588052675892
"FAM3C",0.387135901627538,6.78479332629215,5.64534845368806,0.0301816670335161,0.0957860191767995
"MAP4K4",-0.414148574108583,6.80656919104251,5.64374692100753,0.0302047149600876,0.0958009982380932
"ORC3",0.529790570961909,5.91309044874783,5.54366103944032,0.0303172199696089,0.0960995201826232
"G3BP2",0.336475605212119,7.62933613624783,5.62867280064905,0.0303869743394517,0.096262251437766
"VPS41",-0.419721817833002,6.87557617353073,5.61574772594836,0.0304142236423411,0.0962902162195742
"ARHGAP44",0.669036483472574,5.36335343763241,5.6252533698183,0.0304928464546753,0.0964806951686368
"TBC1D10B",-0.832219632764876,5.05435969641204,5.61644314026396,0.030560796882094,0.0966371961903845
"FBXO11",0.495865172083805,6.18874925932117,5.59559368063719,0.030595716710058,0.0966891240891617
"SEC31A",0.326097084651452,8.32026495413155,5.61182254893226,0.0306196137507795,0.096706175876329
"GNL2",0.508304040500071,5.95065736469587,5.54408310312294,0.0307492869675866,0.0970497937403563
"EPHX2",-0.495767579734332,6.44338083798845,5.59174724958271,0.0307655458633577,0.0970497937403563
"SDSL",-0.735238622054239,4.87761170240404,5.59032923709206,0.0308101942928938,0.0971320178341111
"MAP2K3",-0.481200720031883,5.65928972267369,5.59753096592425,0.0308413776122736,0.0971717183721244
"MARCKS",-0.469107623856678,7.8130787568359,5.65886243558187,0.0308940758200923,0.0972791170551941
"NAT14",-0.526425681631111,5.64981973298394,5.59169656811358,0.0309164401329297,0.0972834264213672
"ZDHHC5",-0.768232814517978,5.77537899373741,5.58703640263392,0.0309463167501079,0.0972834264213672
"DYNLRB1",-0.325572561461446,8.35115749119739,5.58374703902112,0.030951279536777,0.0972834264213672
"ARMC8",0.812190009862346,6.33682885669061,5.5589086175047,0.0310392010175867,0.0974446496062275
"H1F0",-0.634029438008909,7.28717645166592,5.57767734250928,0.0310398587324218,0.0974446496062275
"SARS",0.425930520421426,8.36199662962702,5.56666759397205,0.0311925147737769,0.0978651108778701
"ACTR10",0.39055380451441,7.57735161356855,5.56409382289648,0.0312342708463867,0.097891408391545
"NAP1L1",0.339147453654949,8.67322877156017,5.56180681896767,0.0312383526300166,0.097891408391545
"HYOU1",0.583455974105457,7.41877806989703,5.56010123587077,0.0312707121195081,0.0979340996097476
"HMGXB4",0.646124541829733,5.30943648372879,5.46912301626734,0.0314512389167382,0.0984387432768297
"PFKM",0.505548204978313,6.40402057536125,5.5344583283073,0.0314695121514411,0.0984387432768297
"GRAMD1A",0.514964957326307,5.76899071735693,5.53773218562818,0.0315806281156718,0.0987272387324262
"SF3B2",-0.306890339524692,7.99407513771015,5.53152001791234,0.0316423522771406,0.0988610731336603
"NMD3",0.524914815717676,6.57778330488161,5.53041589819736,0.031696385529507,0.0989707330721227
"ASPH",-0.485644699875778,8.39657621727443,5.52270242288743,0.0317829578325668,0.0991818033378069
"F11R",-0.531381950545925,6.56689888647422,5.51860917013253,0.0318177354977205,0.0992310879752895
"XBP1",0.274981417806106,9.2734105383376,5.50635242220221,0.0319765429022231,0.099666899075683
"CELF4",0.525455811815842,6.40162264519098,5.47527383744959,0.0321813875794289,0.1002455976625
"ZC3H13",0.534304673511142,6.2504772967067,5.4027226718844,0.0322501204631225,0.100399868767565
"SYNE4",-0.487476002993141,5.79592125758687,5.48546197326267,0.0323491405827303,0.100648189182102
"PIGF",-0.837692612210416,5.35046538618852,5.38792371703988,0.0324356346720212,0.100857264979569
"FAHD1",0.590832424323174,5.94974372512279,5.31018021982489,0.0326513190657846,0.101467565253779
"ODC1",0.644634875659744,6.97569049747417,5.4366326098402,0.0329564003648095,0.102239590439002
"MTIF2",0.634247090541583,5.69851915322428,5.40877779295815,0.0329577750176766,0.102239590439002
"PBX2",-0.717067025470448,3.96312882606232,5.42937834929045,0.0329584292882569,0.102239590439002
"RPL29",0.287474987400737,9.34468225529937,5.43348418471335,0.0329794674558245,0.102244173423247
"GNG2",-0.477601713620433,7.09313851841689,5.42788366421428,0.0330892538735939,0.102466194483887
"ALG5",0.570342703021073,6.57448433407909,5.43015527113994,0.033090288174632,0.102466194483887
"BZW1",-0.449506428177095,7.5083391386723,5.4211637503934,0.0331620419424451,0.102576360016048
"LMAN1",0.426400281785691,8.16725384658287,5.41945534505466,0.0331812146851789,0.102576360016048
"SNAP25",0.416259842720739,7.91395379386002,5.42040395041805,0.0331847378586449,0.102576360016048
"TERF2",0.504220713346618,5.94504106514603,5.39875513848066,0.033297420119546,0.102804511371027
"MED6",0.703142493531929,5.5400461629982,5.38828522735544,0.0332978836332788,0.102804511371027
"ELOF1",-0.495973151900382,5.87134285562828,5.4081661034053,0.0333637229056196,0.102946977348096
"AK1",-0.445936976690383,6.05286245804859,5.3978965698689,0.033494309531209,0.103288941545504
"PES1",-0.648098495040377,4.92716163061669,5.39065191106827,0.0336264499033731,0.103635291064228
"MRPL28",-0.695904207066166,5.70716715186496,5.43920829671568,0.0337409661535455,0.10392694760435
"ABHD14B",-0.447726509321361,6.59057356624075,5.37927382897769,0.0337997586133229,0.104043498613031
"CBX3",0.56784718038352,6.34297172626762,5.37607890512514,0.0338186156769732,0.104043498613031
"PRKAG2",0.436223797260761,5.93760025575762,5.36244786610168,0.0339088674189237,0.104252622473488
"SLC38A10",-0.368695330935887,7.06080124917624,5.36921890711206,0.0339264799746323,0.104252622473488
"PDE6D",-0.677779729681374,5.22725085877286,5.34259409684595,0.0340714636951774,0.104636627928726
"RAB1B",-0.337450930122995,7.39893666934453,5.34946862072984,0.0342005593499031,0.104971417335258
"PLEC",-0.627695442975283,4.72670608956672,5.28821708807318,0.0342932047036664,0.105194002926094
"TXLNG",0.518472619746255,5.41876091601283,5.24818299747702,0.0345632220367316,0.105953090418373
"GLT8D1",0.463613254646893,6.69163374913854,5.32668159304291,0.0345812076245924,0.105953090418373
"LRPPRC",0.468167508682439,6.89273388513783,5.30458017944282,0.0346706709220156,0.106164965969171
"MCL1",0.403489527745584,7.27094745215651,5.3109443882241,0.0347551896990672,0.10636146168444
"SCAP",-0.542974179359058,5.51817260026473,5.31458662611835,0.0347763748194672,0.10636402058593
"RANBP9",0.555675759281334,5.52564426191317,5.26173854609204,0.0349381790813632,0.106788767593224
"EIF2S1",0.478228099170224,6.59919017867593,5.30120587393735,0.0349693577021476,0.106788767593224
"KIF21A",0.419823913420935,7.04560963713119,5.29941306185768,0.0349765391466616,0.106788767593224
"ABR",0.521660625591849,6.80039120882391,5.2806955977677,0.0352185473404059,0.107424371474615
"NSMF",0.515876684398037,5.5870671586235,5.41881494629792,0.0352258222130267,0.107424371474615
"BTBD2",-0.773988725515386,5.12453919074918,5.22926371858704,0.0353849548904128,0.107846740065416
"BCAS2",0.565591472071613,5.97852813587514,5.1602022332535,0.0356154393238564,0.108471443569266
"PRKRA",0.497757662717244,6.30747629489042,5.25201048705173,0.0356314269386703,0.108471443569266
"NPM3",-0.620795474684498,4.77482694054516,5.25498780342063,0.0356919938946596,0.108592579794753
"OS9",-0.326486163159163,8.04266002795014,5.24695592603261,0.035721014312249,0.108617650849404
"SNW1",0.438560487704209,6.57871431817424,5.238144873916,0.03589705942097,0.109036393975393
"TMEM160",-0.574534414753428,5.43081732867786,5.16279190337751,0.0359076100463602,0.109036393975393
"KCNH2",0.462273834103712,6.89111219753832,5.23515660800288,0.0359261723490781,0.109036393975393
"CUL7",-0.712190103105151,5.42832211984303,5.20009668763402,0.035942166982897,0.109036393975393
"CLTC",0.309092940195746,8.6824513496229,5.22744533960491,0.0360211400452968,0.109212586436639
"IGF1R",0.482575167382466,7.38832098084792,5.22157913385678,0.0360839036967345,0.109339457752366
"SLC30A8",0.316422331419626,10.6412733074003,5.21709160732195,0.0361808965340557,0.109510219943316
"MAGED1",-0.517322862087467,8.74445932521419,5.21699117591557,0.0361821599085722,0.109510219943316
"MADD",0.5532005795716,6.3132359479928,5.18879497820417,0.0362125946488283,0.109538907540177
"KIF5C",0.441771353303161,7.4898516384983,5.21127338469467,0.0362872459936268,0.109701234707165
"FUNDC1",0.575997968798778,5.07337559423228,5.16734535147452,0.036379221812352,0.109915718157898
"CALCOCO2",-0.38605220490047,7.86340822666924,5.20288087154717,0.036414978820357,0.109960193121898
"STK11",-0.728158934798738,4.46687498210234,5.15131710735764,0.0364961315449257,0.110141616388757
"POLDIP2",-0.459384324951736,5.99699393082163,5.19797658595889,0.0365528420059789,0.110185588420677
"SCAMP3",-0.414173807769176,7.19907469661754,5.19364409173191,0.0365659208723046,0.110185588420677
"NEAT1",-0.56446062089446,8.82154557743812,5.19736807535312,0.0365739422058303,0.110185588420677
"UBN1",-0.667242504427929,6.12064941837026,5.1886663715496,0.0366809984214255,0.110444457804603
"THRA",-0.566544891195628,5.46565268405412,5.09713335914246,0.0369366380752574,0.111150148082539
"MRPL55",-0.414646607649474,6.31968000135315,5.17082604515065,0.0369652556131785,0.111172261846999
"MKRN1",0.571541883791623,6.45715155750538,5.15186895595868,0.037219831068388,0.111873523286063
"DDB1",-0.43064391344227,7.54545431757768,5.13739832734178,0.0374565627392649,0.112520375539159
"PCSK1N",-0.231902769871087,11.4659326944523,5.13209550169987,0.0375305905404946,0.112631932547528
"COG6",0.59919936743913,6.0999885811214,5.13529478378415,0.0375477429470395,0.112631932547528
"GFPT1",0.375416337086487,8.04403963563823,5.13095305509284,0.0375583429176088,0.112631932547528
"CCT8",0.373639458147622,8.01586448509563,5.12905901347995,0.0375899264110067,0.112662009948585
"GOPC",0.471239299003408,6.23125608498896,5.10532704816539,0.0377383509971241,0.113042040493964
"MTMR6",0.50129072644416,6.02570876940989,5.11076406243317,0.0377905073529291,0.113133437533654
"HSF4",0.748857754552402,5.50666198679755,4.99008880299389,0.0378279298713913,0.113180646501295
"RNF8",-0.610492611141153,5.20241634439578,5.10202754492128,0.0379891470451422,0.113597981467367
"VPS13C",0.36926203377621,7.68206146171715,5.10282326332125,0.0380547633430474,0.113729129785082
"SEPHS1",-0.462106574413642,5.56165905060193,5.0992952959386,0.038141650006609,0.11391350735843
"AKT1",0.466540338270229,6.43820092515565,5.09586314442152,0.0381600442671917,0.11391350735843
"MCEE",0.528161247420663,5.28640050090345,5.04843984221782,0.0382440671718079,0.114099166156986
"APPBP2",-0.562815943089856,5.97371962651597,5.06985238546677,0.0383331959997306,0.114299837701422
"MDH1",0.408717491917651,8.20620352353741,5.07248944553516,0.0385304399897307,0.114822468544083
"PUF60",-0.594694144269039,6.61706903211977,5.07284007634947,0.0385625467835917,0.114852667827826
"HNRNPL",-0.394199943529692,6.22909334511556,5.06699836275154,0.0386578157181453,0.115070844395641
"ILVBL",-0.482567870078172,5.67265247305054,5.06361845072106,0.0387053266289581,0.115146694530202
"AKR1A1",0.407177266515169,7.44865629531183,5.05972868972728,0.0387638835737261,0.115199799913517
"PNPLA6",-0.763090815522803,5.6849308669198,5.05816166719582,0.038772279412343,0.115199799913517
"HNRNPA0",-0.361796106156126,7.02922611340471,5.05690830943162,0.0387892955515189,0.115199799913517
"TUBG2",-0.546732024145711,5.77791893209993,5.05440669196279,0.0388869705426528,0.115399466447127
"DUSP26",0.481063454173903,6.87650937643522,5.05144214329925,0.0389006810560239,0.115399466447127
"RGS2",1.27879249461454,6.64802692407652,5.2489187546354,0.0390132852706477,0.115667862796186
"SMG1",-0.802793082116035,6.63971212384531,4.96353236338273,0.0390931476297813,0.115773884289042
"EXT2",-0.542011715816685,5.5043545876714,5.0342667179336,0.0390933433652497,0.115773884289042
"RPL13A",0.236264426770592,11.2292880000481,5.03219800226776,0.0391966097055794,0.116013974479651
"PAK2",-0.447392437376793,5.88909188043636,5.03361032175603,0.039226687660359,0.116037292813071
"HCFC1R1",0.408012213941802,6.23630671247793,5.0264547995576,0.0393257048105153,0.116264399912083
"RPL27A",0.224717532863779,11.1582351346831,5.02199054874615,0.0393714324095824,0.116333791523396
"NDFIP1",0.319588096134638,8.28571863658237,5.01982433892764,0.039412148861601,0.116388306270954
"RPS15A",0.254650222753155,10.1583261490549,5.0115695988838,0.0395512856804817,0.116726914246911
"APPL2",0.588049168016057,6.47118942287051,5.01520496178502,0.0395714735116753,0.116726914246911
"EML4",-0.474236949764345,6.47535593887137,4.98318952848964,0.0396791882114531,0.116978633266365
"ZER1",-0.577842239900794,5.15380801254223,4.97379981022457,0.039736754276765,0.117082308119871
"PIGO",-0.795420147480946,5.37371539667449,5.00001472598699,0.039830828836731,0.117293375960334
"RGL2",0.535226895190167,5.52484622083258,4.98645835591633,0.039934366070906,0.1175320559981
"ETNK1",0.518234218657443,6.99677061508762,4.98759706479076,0.0400176202678786,0.117706523807933
"SLC39A6",0.574590402190137,6.86225484576911,4.9810732144078,0.0400386836293295,0.117706523807933
"MEGF9",0.511142475315067,6.45991400788368,4.97390699147894,0.0400835949330715,0.117772316309817
"SPG21",-0.426804275256575,7.07218603572673,4.97458133049864,0.0402159673424607,0.11804070802861
"TCEA2",-0.48494518236714,5.49129682852216,4.97799987747718,0.0402201073271388,0.11804070802861
"RNASEH2C",-0.441311944844256,6.26096257655974,4.97121268359856,0.0402501618563411,0.118062624030917
"RPUSD3",-0.690950548871102,5.01095072116137,4.88658007937392,0.0404006529492043,0.118437584388946
"PEF1",-0.424290314357325,6.76416504813785,4.96118941516838,0.0404635794118123,0.118482183426981
"PSEN1",0.59891516791827,5.55190633530216,4.93760631829298,0.0404692186530349,0.118482183426981
"N4BP1",0.500054186447312,5.38479508074814,4.92612522855437,0.0404838682993281,0.118482183426981
"AAMP",-0.526652996321849,6.60687490027414,4.95091498102123,0.0406623083117215,0.11893782067452
"MECP2",0.435011232483268,6.3079367583527,4.93856743290963,0.0407990776468573,0.1192711291164
"CIB1",-0.381566985846322,8.46206301801424,4.93777968040728,0.0408773147723878,0.119377860369597
"FAM8A1",0.492154142749929,5.76502529704531,4.93454054178813,0.0408879905006204,0.119377860369597
"HERC2",0.434793744678945,6.35421388383099,4.92176991504428,0.0409041032948055,0.119377860369597
"MRPS33",0.356174907533372,7.00862375964733,4.92737557625913,0.0410610310015243,0.119768978261701
"SRPR",0.344877892727026,8.01498295151553,4.97688672186114,0.0411612046267114,0.119950826531892
"MTIF3",0.437251322024684,6.21576608602328,4.92022932800544,0.0411837690203527,0.119950826531892
"VTI1B",0.447682536243164,6.29803741547884,4.92261091481456,0.0411922199396874,0.119950826531892
"SHMT2",0.48324562318208,5.29921209284286,4.87472898749347,0.0414859753880684,0.120738971800353
"NCOA4",0.429739392106596,7.13152982604978,4.95936259821432,0.0415107590529908,0.120743871769607
"TIMM23",0.554200542327059,6.00875280053806,4.93116296466613,0.0415951178879934,0.120921958398521
"BSPRY",0.618268920345987,5.39965717329631,4.83179780487179,0.0416184841657982,0.120922632982005
"AK2",-0.328908507780016,7.70358878363737,4.89272731086798,0.0416772917143261,0.121026224328212
"DNM2",-0.526717584102754,5.58561008521459,4.89412514800635,0.041708922557049,0.121050826321874
"POLR2H",-0.472521745756867,5.93737595319572,4.89259032117105,0.0417582582238459,0.121126756790257
"VPS33A",0.590095433561436,5.52312000924166,4.85215414346022,0.0418001254289068,0.121180951534607
"ATP5D",-0.33708148237043,7.96427975915923,4.85550735324428,0.0420968712709549,0.121973584331087
"HAX1",0.308482722293973,7.95863376521143,4.86838825348887,0.0421232097848407,0.121982281188566
"YWHAZ",0.362747670602207,8.45326179710675,4.8652775345322,0.0422119112454171,0.122171461838203
"LYRM2",0.431501379906969,6.73974329228693,4.84706054165456,0.0423598063661008,0.122531659034648
"SLMO2",0.554752591644326,6.85272714705093,4.89796109705564,0.0426333198907243,0.123228831437095
"ACIN1",-0.428697217470609,6.10922382655453,4.84465698213444,0.0426479732293295,0.123228831437095
"ARHGEF9",0.741895413301327,5.97533036752983,4.83467185892877,0.0426954912844489,0.12327343700597
"ARL8A",-0.495425144367301,5.88308955861825,4.83940943993437,0.0427105786144654,0.12327343700597
"CACNA1D",0.427793557418285,6.18531437363331,4.77513185915549,0.0427499702436637,0.123319036679707
"TMX4",-0.452226345981533,7.69198530909403,4.8336979044342,0.042788568286294,0.123362298087401
"URM1",-0.569757736549678,5.63585303953728,4.83382605197643,0.0428617533932213,0.123505173641879
"HLTF",0.441887848092734,6.66033148604817,4.81534589528769,0.0429592838382553,0.123718003648794
"RPS21",0.252185235042173,9.48811565990123,4.81129064927259,0.0431943838177552,0.124326566197911
"PMPCA",-0.570725730274059,5.29108782489397,4.78973264351281,0.0432198393686856,0.124331370599956
"ALG8",0.6651910491787,5.62934687058073,4.70521730132447,0.0432916004784737,0.124469304565997
"LTBR",-0.390548664383896,6.67188348407348,4.80619700966005,0.0433318940864909,0.124516663216101
"TMEM109",0.432110121057771,7.35524299331399,4.80306879727872,0.0433615812066089,0.124533508223596
"RANBP1",-0.443897917204276,6.01703551515172,4.80332634563419,0.0433958122703048,0.124563377669897
"MYADM",-0.518655001705423,6.81295015414145,4.79727563841843,0.043481894245931,0.124686094549027
"ZCCHC11",-0.709280682456474,5.49865964614232,4.84491157875455,0.043499430331366,0.124686094549027
"RHEB",0.39009264553731,7.55740522110478,4.7953016551954,0.0435101275028554,0.124686094549027
"ACAT2",-0.554832957713958,5.3458728264442,4.6968812796652,0.0438365114507405,0.125425074484276
"RPRD1B",-0.613428460196228,4.87957477198036,4.7787506476139,0.0438680420958832,0.125425074484276
"HEXB",0.313053482166801,7.87156018156574,4.77752010088676,0.0438703349934258,0.125425074484276
"HNRNPA1",0.317696483643141,8.85777926395567,4.7747044182404,0.0439023670470548,0.125425074484276
"RGS9",0.574978217291353,7.04781203914037,4.77691435338856,0.0439065829450592,0.125425074484276
"ATP9A",-0.350169914573636,7.92252901698424,4.7734476541039,0.0439312025923104,0.125425074484276
"AEBP2",0.683669360968356,6.50099321792634,4.74631664856849,0.043935969271228,0.125425074484276
"MORF4L1",0.274259780552987,9.48970350647785,4.77078917731339,0.0439777123319645,0.125475710894748
"MLLT6",-0.528697575983054,5.50615692107199,4.81648984454645,0.0440272578453019,0.125548541602506
"RIN2",-0.362527206752677,8.73775212727962,4.74430170645324,0.0440516448101027,0.125549589652348
"PDCD2",0.414198258085668,5.8960213382129,4.74852470761521,0.0441185297723661,0.125671692163574
"DSP",0.324608395125965,9.37307324643237,4.76066382196386,0.0441812815764869,0.125781894771404
"RAB5B",0.368787122254997,6.54459426832969,4.75705850816041,0.0442868731845729,0.126013873781036
"ELMSAN1",0.652160905580764,6.68008764805066,4.71761222741495,0.0447067259666842,0.127139312637572
"CTNND1",-0.738820094720812,6.57930393037335,4.72769315036491,0.0448149372967116,0.127377747281083
"CDKN2A",-0.53134255173449,5.18271844736525,4.69041060306838,0.0449059882529332,0.127567174238088
"ICA1",0.452106636453459,7.14058029280506,4.72022112403418,0.045017930942579,0.127815711589821
"SAR1A",0.410437027861632,7.78335157185094,4.71628371133729,0.0451038675281002,0.127990182176645
"FAM195B",-0.623746091225984,5.71539688326454,4.75891348363795,0.0452039505128756,0.128204584552795
"OPA3",-0.469253592011313,5.74577265230034,4.67578685273995,0.0452387035430413,0.128233570184098
"SMARCA4",-0.5092307797932,6.58076479194943,4.70662570543235,0.045292659356637,0.128316927077041
"INTS10",-0.525345977014185,5.80424860044082,4.69008306322054,0.0453437339335195,0.128353712164351
"PRPS1",0.366259272821048,6.91880039830243,4.70242075783732,0.0453547553792913,0.128353712164351
"HNRNPH2",0.490472741642215,6.85844789091466,4.8130634244382,0.0453949978774495,0.128398081117656
"BLVRB",-0.458194752000275,6.22590914034849,4.70054285979597,0.0454441192745305,0.128467502135192
"GADD45B",0.716126038686299,6.46439464397233,4.65660947667896,0.0456075530613524,0.128859826946859
"REEP5",0.314465756380417,8.46619351141132,4.68664568727116,0.0456617927734053,0.128939965627072
"ARL8B",0.480002360904372,7.02741306179267,4.68788020909433,0.0456852527915318,0.128939965627072
"ARAP1",-0.430581434911222,6.17931992799249,4.68594131726867,0.0457381638483194,0.129019634341697
"WBSCR22",-0.528630767441249,6.53532098480158,4.73005216515919,0.0458595048010155,0.129292142176326
"RPS27L",-0.365193513334896,7.34816045260968,4.66999995928024,0.0460265173361155,0.129693049119071
"SLC44A1",0.558777215171252,6.61699891173397,4.66082248975767,0.0461267042284502,0.129846684332018
"SEC22C",-0.384118310724933,6.37650917558185,4.66612605847476,0.0461490814372765,0.129846684332018
"CIR1",0.36739349006301,6.33438967564361,4.6618828211894,0.0461555652360606,0.129846684332018
"NEBL",0.478552703225793,6.98763103574333,4.66132907888648,0.046223626058746,0.129930127803395
"CRY2",0.484739509592028,5.33311799422855,4.65535972379484,0.0462349412118452,0.129930127803395
"NEDD4L",-0.593232265673731,5.58810183745738,4.65750713637942,0.0463453224924597,0.130170338886667
"DCAF13",0.484443235824259,6.1008477411339,4.59797970810815,0.0464367213383793,0.130350259003683
"DNAJC10",0.595469817076427,6.76631208598574,4.64650866307443,0.0464592562701095,0.130350259003683
"RTCA",0.43765892430896,5.66648637401907,4.59892182064111,0.0464978143705092,0.130388452636616
"USP11",0.378759661197757,7.81581634302854,4.64074816736105,0.0466215285815598,0.130665270721615
"PSMB5",0.280140880743209,8.57611224839906,4.63632547946679,0.0467013475619157,0.130744234037761
"ESYT2",-0.554255298909595,6.58834189182153,4.63934926737391,0.0467019502837896,0.130744234037761
"CHPF2",-0.609330958845249,5.44472658905451,4.63306619110087,0.0467247425258348,0.130744234037761
"SGMS2",0.511521745749884,5.84348424323534,4.62806508768699,0.0469787975976535,0.131384791355235
"B4GALT5",-0.627559039306323,4.70040563538922,4.59408645359966,0.0471110934187113,0.131684323689628
"ISCA1",0.499905550362721,6.17075761872766,4.59956584031439,0.0474911391105463,0.132675672972114
"QSOX2",-0.48591522165696,5.63835110481601,4.60166019240011,0.0475327590384156,0.132682798686371
"MAGEH1",0.44408148228838,6.79344151090333,4.59908017616609,0.0475444579949443,0.132682798686371
"UBXN4",0.311693908369125,7.95966650455582,4.59355404791969,0.0476302012161335,0.13285115355215
"CDC42SE1",-0.441807463064445,5.90505564684038,4.59064169002664,0.0477187822472726,0.13298827385395
"TCF20",-0.771782812230345,5.19939427978708,4.59026881549605,0.047730247130287,0.13298827385395
"MAVS",-0.754106531838553,5.56673882728814,4.52702979688798,0.047789394342215,0.133082133312071
"MRPS35",0.369768033187648,6.52367970020915,4.57863784417385,0.0479676286238286,0.133507345482829
"TRIM13",0.438862673654696,6.10041421427549,4.5611144113054,0.0480550365217989,0.133679444331795
"SF1",-0.370677530312235,7.31900344446606,4.57100674153881,0.0481024752558108,0.133691598186148
"EDEM1",0.53556226910811,6.40304757925452,4.5619681314053,0.0481140441128157,0.133691598186148
"PPL",0.375175728791702,7.5120990332074,4.57071042106862,0.0481361369401818,0.133691598186148
"COQ9",-0.59704296603574,5.55387847423944,4.53571349929289,0.0482363101067225,0.133898668575591
"IFI30",-0.666088552772894,5.98657900172546,4.81303441654507,0.0483484349390977,0.134090307183627
"PSMD11",0.374957371307472,7.44561087148923,4.56056415873768,0.0483566537289339,0.134090307183627
"ATP1B1",-0.435855607254566,8.40517248223403,4.55243194226846,0.0485069071923092,0.134435633029799
"ZFYVE27",-0.731507982407827,6.2026764689455,4.54710596804299,0.0485730429173416,0.134547586289849
"RBM42",-0.543286199656004,5.71986343220168,4.54573061613651,0.0486806319302766,0.134729303043385
"ZDHHC2",0.393001427759991,6.76207517190665,4.5459174606714,0.0487054691874282,0.134729303043385
"DDX55",0.492126326363511,5.14193966319963,4.49352534521744,0.0487159714467185,0.134729303043385
"CFLAR",-0.506753169540698,5.90879254292686,4.43885289817673,0.048801445101353,0.134833097278751
"PHF1",0.550313417514785,5.90532548703733,4.53541858660444,0.0488050927972826,0.134833097278751
"MRPS5",-0.411904858406773,6.30761147817506,4.53627195642186,0.04884908920024,0.134883354067435
"DDX42",-0.575659206533158,6.30249321633459,4.53727736386614,0.0489025564726598,0.134959695186163
"NDUFA12",0.383115881808686,7.12705496726469,4.51915313160777,0.0490948638275189,0.135418919908412
"SLC25A1",-0.335459870199306,7.21123628600875,4.51745724029309,0.0493135196920353,0.135950299277568
"USP22",0.357440394551639,8.1623735129748,4.51219149650011,0.0493940218631181,0.136100449277026
"PPP5C",-0.457660462780449,5.52868676055602,4.50789621095149,0.0495495981902621,0.136457191644099
"SRRM2",-0.48609013971379,7.88415259326052,4.50236945923844,0.04963157953705,0.136610988014829
"PLOD1",-0.697869127087143,5.05422435783646,4.4943624249618,0.049672318271729,0.136651161898067
"SFMBT1",-0.621368290463305,5.25509836214922,4.44124545335464,0.0498125781097128,0.136904075846031
"THUMPD1",0.444497396411236,6.93304692380522,4.45589614500454,0.0498166352131531,0.136904075846031
"SHC2",0.453225538921195,5.34508581850883,4.48338214663946,0.0498687316190571,0.136952548514857
"ADRBK1",-0.68973636474276,5.00311591862995,4.5408429799448,0.049886675410807,0.136952548514857
"ANKRD10",0.405857747319039,6.74792291210604,4.47939494951082,0.0501739159904234,0.137592637361642
"ETFB",-0.352824789503757,6.87387384640395,4.4784430293657,0.0501869832793212,0.137592637361642
"TRIM41",-0.536348038670961,4.89586383123671,4.449100190791,0.0501988060931034,0.137592637361642
"GGCX",-0.79291128582926,5.05292735803831,4.46659799194227,0.0502916500125419,0.137774871391801
"PABPC1",0.284012272698688,8.9367960492545,4.46219912905218,0.0505176349628883,0.138321465663183
"PDE8A",-0.64905480705951,5.49074683510572,4.44423437590137,0.0506400126272132,0.138524963839996
"USP2",0.488743831155152,6.09004838473653,4.43314103822749,0.0506449599958354,0.138524963839996
"LMO1",0.389538150862211,6.45553485485283,4.45074410218909,0.0507973462524408,0.13886910505309
"STK24",-0.633924264945962,6.54330054629596,4.4505982966378,0.050836406235775,0.13890323857522
"VPS37C",0.459591032125448,5.53032155771452,4.44834371078159,0.050926368868421,0.139076348001691
"HIVEP2",0.541982700904351,5.38887012012695,4.44099549676363,0.0510487393654565,0.139337734027802
"RUNDC1",-0.432558615073443,6.53406892640065,4.41040126554298,0.0511556379234304,0.139556638531196
"EIF4G3",0.380630730573498,6.72101703253154,4.43566398109768,0.0511915715233003,0.139581817606829
"ARL3",-0.300405763372575,7.40013459753397,4.42966595087202,0.0512855531117914,0.139765164815085
"SLC30A7",0.495102795454917,6.47142620766092,4.40528116851935,0.0513778657753815,0.139890030727254
"NDUFA13",-0.331453848895516,8.58098439218115,4.42433856909915,0.0513848974548169,0.139890030727254
"CDC42BPB",-0.556349575690482,6.18980389433978,4.40768200291978,0.0517030262134398,0.140682830826471
"BAZ2A",-0.461731416296353,6.59795581749728,4.40950267052171,0.0517552511740314,0.140716722422629
"YBX1",-0.243014677185179,9.13158275785381,4.40837302170006,0.0517693241283175,0.140716722422629
"PLOD2",0.360189403400583,7.69172801472031,4.40777788848505,0.051807150821856,0.140746349971851
"UBE2L3",-0.282642491595069,7.57162978098064,4.40482258774203,0.0518617921910101,0.14082160404281
"TMEM5",0.626282971935306,5.08356815337571,4.41175205276598,0.0518944758051887,0.140837188491029
"PARK7",-0.265626729806679,8.83460638382059,4.40141724547032,0.0519348805131358,0.14087370028135
"FNBP4",-0.453960385190723,5.95971579687506,4.40279740972099,0.0519979941609732,0.140928197138072
"ABHD14A",-0.451601925312932,5.75563126125864,4.39685593843277,0.0520088946392463,0.140928197138072
"ARMCX6",0.541792043487909,5.21032976544734,4.39375403828173,0.0521502695373834,0.14123806159166
"CLCC1",0.691225229968368,5.94191238822234,4.28382812170377,0.0522494677829811,0.141433437649737
"CLIC1",-0.264315528875962,8.70463788526244,4.38303781635778,0.052372578212295,0.141693305546411
"ATF7IP",-0.4518502473756,5.51627263578236,4.34860147738787,0.0524397416253593,0.141718474022462
"MYO5B",-0.955130385997341,5.08947866408635,4.35800779130198,0.0524414391384793,0.141718474022462
"FBXW5",-0.47212148216177,6.39937639368419,4.38196126153006,0.0524677739613993,0.141718474022462
"RNH1",-0.329435519610797,7.39827170426342,4.37872794191059,0.0524903320657137,0.141718474022462
"DICER1",0.376046915275931,6.88562671197866,4.36352466512811,0.0528543898110027,0.142627720981988
"LAMTOR3",0.474171607171027,6.93322483075701,4.35826271062785,0.0530261262108804,0.143017317700863
"PPCS",0.405965655499646,6.54675940822458,4.35304499705184,0.0531674494514214,0.143324527221547
"AP5M1",0.48188072830608,6.11758161441467,4.34418685301954,0.0532976489822535,0.143601449087752
"EIF2AK4",0.725545397413811,5.17046749860593,4.2909088276061,0.0533278449974679,0.143608781968967
"FNDC3A",-0.309249819516502,7.69917762055169,4.34130084083001,0.0534105973015068,0.143744766786565
"RBM47",-0.377688056574281,7.2127067082697,4.34130019946083,0.0534333426183846,0.143744766786565
"DAP",-0.300815850052533,8.59158110487127,4.32807816368277,0.053707491424074,0.144407951478207
"MRPS11",-0.41002451998111,5.53052454559761,4.3174200301996,0.0539830119875252,0.144999388887266
"BRK1",-0.27100191601834,8.39353146092564,4.31610654022536,0.0540048354036866,0.144999388887266
"SMIM7",-0.315306479758215,7.22870792360823,4.31671488538465,0.0540106772840076,0.144999388887266
"NME1",-0.456505639824918,6.36532360063542,4.31281326678113,0.0541544094288354,0.145310625300063
"CDC34",0.691615032038182,5.34593073719711,4.30468245869363,0.0542899614737904,0.145599604219345
"SNAPIN",0.443658969346473,5.86001878101234,4.28079945460396,0.0545129573934647,0.146122681177251
"WTAP",-0.355416027201742,6.82795446520344,4.29646096102029,0.0545736654696041,0.146145749656544
"SPR",0.424620082950227,5.73518349243207,4.29582762910304,0.0545774829404198,0.146145749656544
"PBX3",-0.476674688761664,6.17586742449394,4.28040411055432,0.05467003499185,0.146318624117972
"STAT3",0.418450923832678,8.09758791235287,4.28853473275922,0.0547128552188166,0.146358287732218
"NFIL3",1.51440338506827,5.23972849370025,4.4656572784101,0.0547570864510999,0.146401683314527
"ADAM9",-0.394522568706578,5.9646661786357,4.24401132435284,0.0548758250802805,0.146610425617906
"EPM2AIP1",0.385857354287551,7.26982839237374,4.28304808579394,0.0548912574965071,0.146610425617906
"ZBTB41",-0.788582913925077,5.81281436180066,4.26493917286077,0.0552878878442317,0.147594376793564
"CIAO1",-0.427914995053747,6.08426753441681,4.1594878859112,0.0553666171051509,0.147729100361727
"UBN2",-0.463302798342486,6.02402117925459,4.24876979786147,0.0554404771122818,0.147850700951988
"LRRC42",0.508987558852457,6.1102543005746,4.24999004979902,0.0554922649893089,0.147913344772625
"SETD5",0.334938435926721,6.96257089619074,4.25024669842619,0.0557082024355747,0.148413238598751
"UQCRQ",-0.260058875893378,9.04743691172971,4.24644647741935,0.0557633537203352,0.148416065805228
"C2CD4A",-0.559592490292181,8.21948813762651,4.25393759947672,0.0557660518923796,0.148416065805228
"SMIM22",-0.494437338450913,5.81076398921125,4.33385475334576,0.0559810339181641,0.148912399129895
"SEC24C",-0.381211808624841,6.68690866068728,4.2365470317432,0.0560690865644444,0.149070760667523
"ATG101",-0.734309576227742,5.14311301794545,4.31763567663816,0.0564373867190494,0.149973675841622
"SEC23B",0.446544878436233,7.33024576950758,4.21755186760016,0.0565363415393406,0.150160293305962
"UBAP2L",-0.314278492884734,6.92990703288156,4.21544685724786,0.0566137323523263,0.1502894763868
"TMEM198",-0.893100238994935,5.06935935077862,4.21102168725823,0.0567392618950358,0.150502603738023
"CPNE3",-0.395699610737516,8.13724372472861,4.20882385080077,0.0567516035905193,0.150502603738023
"GOLGA5",0.406459114760656,5.81597239392113,4.2002243799588,0.0568128976649115,0.150588750555016
"SUCLA2",0.536184025327221,6.5024569188051,4.16684263306534,0.0570246513447595,0.151048242868042
"RNF26",-0.7138154122664,5.05524684144901,4.19768281161032,0.0570440465700238,0.151048242868042
"FXR2",0.382036681746733,5.68287861378925,4.1959857974451,0.057086109742342,0.151083086391505
"JAK1",0.437458674713354,6.89486628669607,4.28153758140774,0.0571522027890337,0.151181459503178
"SYTL1",0.506122615335552,5.7295943521717,4.18685777194586,0.0573117320478377,0.151526769556929
"FAM60A",0.523090509717697,5.98844658774389,4.21999355775196,0.0573787800148501,0.15162734233449
"TMEM175",-0.639907428789358,5.40172718343261,4.18249627738696,0.0574837163613855,0.151827885508318
"NOL4",-0.505299982720349,6.88490141558653,4.17791519160599,0.0575893130318966,0.152029969301881
"PCID2",0.421977747434397,6.07890747684833,4.16147544330941,0.0576488310634978,0.152048425432979
"PIAS3",-0.526781055036645,5.33561037978569,4.17568136345666,0.0576544823432493,0.152048425432979
"EFCAB14",-0.339476590161914,6.99813482648128,4.17418816141631,0.0577121349487721,0.152064660497238
"DNAJA2",0.486474553170725,6.44899489209525,4.16734379700276,0.0577472244565467,0.152064660497238
"XPO1",0.367678449096742,6.79328814312763,4.17384912273183,0.057747914881771,0.152064660497238
"PPP1R11",-0.401658868224862,6.18409088406172,4.16402627050084,0.0580096336582633,0.152676915977715
"SCYL1",0.432476516319429,5.79919696986787,4.19871364732666,0.0581816972263677,0.153052708305095
"NECAP1",0.395920140451959,6.74950824271374,4.156964791599,0.0582222288944601,0.153055816310288
"SLC39A1",-0.380671961124332,7.3062539885276,4.15286395295686,0.058244345622617,0.153055816310288
"MRPL34",0.380682239787792,6.46817043110162,4.14610721640335,0.0582957450047442,0.153055816310288
"RSRC1",0.475101111785409,5.74609370246212,4.10456407753865,0.0583000057918084,0.153055816310288
"ADSL",-0.619366616395671,5.75459625211568,4.13615035144188,0.058634870041458,0.15385766350738
"COMMD4",-0.419090149770909,5.62177570471706,4.12371227618788,0.0588010314682877,0.154216252626563
"USMG5",-0.288549261685065,7.86545024309512,4.17061243600347,0.0588781724396739,0.154341127052245
"RGAG4",-0.574466807261313,5.17820882482497,4.11343142064229,0.0590648061029453,0.154752752631627
"EPN2",-0.481501407463623,5.26364704619893,4.12406013119861,0.0591224557679932,0.154826190530712
"ABAT",0.518587479833131,5.78778927691234,4.09934577497733,0.0592299045013379,0.155029900264644
"SNX13",0.485690967677507,6.19513911621901,4.0954371874292,0.0593803123078484,0.15534579200857
"U2AF2",-0.421505738224141,6.28983009197707,4.11042818823685,0.0594508490867752,0.155452520348461
"SURF6",-0.752690076408564,5.04253716011146,4.10928872891825,0.0595015660974138,0.155486814146997
"DDR1",0.360787711826693,8.82170361931277,4.10593982521533,0.0595234580271937,0.155486814146997
"TM2D3",0.389088800107963,7.10676541940903,4.09975167921943,0.0597269648586187,0.155940482175824
"CHURC1",0.406705595883126,6.99819344599931,4.0720712790837,0.0602041544400033,0.157107895785271
"GGA2",-0.326407714048405,7.41111014790555,4.07995291126202,0.0602712747971834,0.157140121947897
"PRRC2B",0.494539730514716,7.06376445942655,4.08073690963463,0.0602766299034885,0.157140121947897
"NUPR1L",-0.66233500556491,5.81837275512858,4.11559340315311,0.060396230938632,0.157373429270304
"SNAP47",0.418858262925977,5.72047796465677,4.05371612950699,0.0604622278783845,0.157466898415703
"AP2M1",-0.30673982280913,7.85514475048463,4.06848115061366,0.0605828385182785,0.15770243871267
"ACSL3",0.464148625188753,6.22216277565421,4.06155223548953,0.0607146006054297,0.157966758270075
"NFATC3",0.478261825223075,5.09153249353268,4.04250928258058,0.0607708886802802,0.158034544841704
"MARK1",0.548529928843254,5.70716456784539,4.04577983825799,0.0608271461136005,0.158102184353948
"ISY1",-0.487338656343715,4.83559818146243,4.05668476765272,0.0608772978470473,0.158153894555923
"GTF3C6",-0.462984851352448,6.52016192090396,4.05014765106104,0.0611584527119979,0.158805381185103
"AKTIP",0.441573867228524,5.77592566706597,4.037832215849,0.0613304937373404,0.159173034143534
"RAB13",-0.356535217379629,7.27038268125898,4.03478305645458,0.06154822715828,0.159658850300908
"GTF3A",0.397483923475915,6.71272232587869,4.03061679807345,0.0617120140672468,0.15996833858716
"WDR18",-0.520530110768424,5.87196620609646,4.02992980030142,0.0617287428602069,0.15996833858716
"FASTKD1",0.567628893843138,5.30619677078201,3.93702874292251,0.0619890454553772,0.160563300592298
"ERI3",-0.46451009364573,5.64526272568351,4.01957257686145,0.0620271987250351,0.160580064237831
"LRRC47",0.439326300153224,5.61255955593374,3.90244097404052,0.0620569599694697,0.160580064237831
"RPL21",0.250355386391127,9.60356732187159,4.01206725520747,0.0621663661053027,0.160783570327767
"DBI",0.281892926684813,8.63092429618277,4.0073685527737,0.0623425867763365,0.16115959499501
"LURAP1L",0.646289642906213,5.20279655980706,4.0009888423248,0.0623939963513863,0.161212762693374
"XRN1",-0.455373907020702,6.47962009328121,3.97562840835906,0.0624808439040341,0.161277800821063
"JAGN1",0.367921933319785,6.22855702066121,3.99925210447718,0.0624835548829305,0.161277800821063
"RBL2",0.408353030164517,6.28127706960028,3.99889163823437,0.0625380747469613,0.161277800821063
"RFK",-0.371620315688495,6.72870263211314,4.0016497447869,0.062542587002926,0.161277800821063
"SLC31A1",-0.409658390641867,6.80606712719299,3.99435208826562,0.0626469000563806,0.161398735119902
"LMTK2",-0.430877133416563,5.60866253580114,3.99022476189587,0.0626829842997036,0.161398735119902
"MMS19",0.378856159487453,6.12108026536689,3.99802281330374,0.0627103897462574,0.161398735119902
"DDT",0.461483853309988,6.56705671319382,3.97409014594043,0.0627129961791698,0.161398735119902
"MAP2K2",-0.441645622980386,6.78273243508084,3.99468658618353,0.0627489086477981,0.161411685778563
"STMN2",-0.307762925839699,8.0663597772281,3.97996398298363,0.0631714942940827,0.162368283755254
"RAI1",0.495563101782243,5.55176052392662,3.97771217775122,0.0631829135561864,0.162368283755254
"CD2AP",-0.593408456762581,6.03589076247554,3.96055816242046,0.0632552408950683,0.16247427231377
"MGST3",0.373990768936579,7.72694647474964,3.9757272742022,0.0632931240533205,0.162491728598579
"DYNC1H1",0.293278012742108,8.07865693385377,3.97350398444666,0.0633563996034957,0.162553220323625
"PHF21A",-0.535588565120767,5.27180623414991,3.94556380942971,0.0633792735832307,0.162553220323625
"TMEM214",-0.510002357500687,6.47014523020094,3.97029525898112,0.0634803357041373,0.16273257220477
"SMIM15",0.387426656257167,6.18722846011835,3.95752782468613,0.0637692381197215,0.163393042966561
"CBY1",-0.455698947587704,5.75495616821538,3.96024285720503,0.0638258217808295,0.163394398002218
"IRS2",-0.640534252505792,7.05620861686494,3.96405323585531,0.0638322863440844,0.163394398002218
"MLYCD",-0.507474726810205,5.23883678785633,3.95459080439034,0.0639159705229896,0.16352852566014
"NELFCD",-0.417779462540796,6.60277047810509,4.03289714385097,0.0640734073462513,0.163851125341906
"PHF3",0.330131768661478,6.98587397933943,3.94966040770351,0.0641097648924903,0.163863932074839
"MTX2",0.416141242574831,5.87337158670956,3.93966785572083,0.0641982439132506,0.164009883154722
"CLSTN3",-0.655380502851529,5.75334223937045,3.94095739260044,0.0642986399940826,0.164138935619324
"FBXW7",-0.365896509849762,6.33359656714874,3.92621672236667,0.064311563066458,0.164138935619324
"RAB6A",0.38290875039877,6.34825316336682,3.93897835046786,0.0643736370512663,0.16421717953488
"NOP56",0.473706670034728,6.69608193153942,3.9344616128163,0.0644557102687795,0.164346340280444
"SCOC",0.347795165327208,7.80571970427145,3.93480909193033,0.0645226218119662,0.164436735354046
"NKX2-2",0.447241043129947,7.18856105609075,3.93293042153577,0.0645803422579483,0.164503630108331
"DYRK1A",0.416442778826127,5.87944740570995,3.92864657012705,0.0646952089399387,0.164715955737486
"NABP2",-0.386724041334768,5.43947781049417,3.92764904015616,0.0647779981054193,0.164846444058922
"CNIH1",0.420117288569403,6.63949188902433,4.00693679124367,0.0648195569683251,0.16487193395301
"VPS26A",0.595050148214268,5.91864795836649,3.89005259553915,0.0650279358589468,0.165321508139453
"ELOVL1",-0.620760319760322,6.0612002249255,3.90957957264489,0.0653648606013476,0.166097290405077
"COX17",-0.227369890210772,8.94051006748933,3.9054947652783,0.065408028133815,0.16612622111538
"BOD1",-0.442745737796471,5.49638338391778,3.90612732016899,0.0654694801252811,0.16620154085228
"COPS7A",0.395302633460679,6.46002156475198,3.90222054137536,0.0655063052801603,0.166214299854077
"RBM8A",-0.447267680430166,6.35324485817197,3.93568252809722,0.0656590208449996,0.166520961648138
"PPP1R7",-0.393163030697689,6.22707770237961,3.89832981140366,0.0657124027142687,0.1665755232723
"PSEN2",-0.526198757352638,5.52841353906534,3.86903909915947,0.0665591563687934,0.168640189209735
"DTNA",0.490546156234208,5.60150790430796,3.85595123201033,0.0665966730444743,0.168653493218734
"BFAR",0.557797492016913,5.77972559214513,3.85174996443546,0.066666520437005,0.168748620980254
"CYCS",-0.316435565107456,7.77353795307616,3.85956217610232,0.066857882332921,0.169151089522835
"PSMD10",0.367648247490009,6.67501384799127,3.85744561104649,0.0670074631377092,0.169447513217613
"TAF12",-0.455484159941803,5.32381114706109,3.85429070787586,0.067044804998887,0.169459959250088
"SLC35A5",0.576845316855129,5.83383637914331,3.83492743100506,0.0673112733973756,0.170051245069155
"PPP1R21",0.369829540412858,5.67538306811912,3.80919864127093,0.0673721499812046,0.170122815435631
"CDC42",-0.285313703380507,8.40262810126691,3.84028299711422,0.0674715498173471,0.170291545579562
"MLF1",0.512553610951753,5.13618953044512,3.83409699146512,0.0675607364990733,0.170434348301475
"BNIP3",-0.287302758767299,8.13028380393611,3.83615733366088,0.0676086843064708,0.170473030810382
"EPB41L1",0.358912604343035,5.86468046827677,3.83527172897442,0.0677028327020098,0.170628113082645
"APEH",-0.411726186708506,6.39348816410295,3.8323506057448,0.06775278374122,0.170671711139931
"GALNT1",0.62943676318364,5.49706146800363,3.80506539778644,0.0679823012306457,0.171167383686216
"EMC8",-0.53505770588157,5.28826899506895,3.82585685993131,0.0680155162898089,0.171168562179505
"EIF2B3",0.410897940113643,5.86249331453174,3.81492010228404,0.0681320286556594,0.171379265535675
"CTSL",-0.378754698568792,7.04809598886516,3.89555642058947,0.068218461941452,0.171514141687335
"KIFAP3",0.413364710056271,6.35905084600489,3.81734543177593,0.0682665248497887,0.171552464129734
"SBF2",-0.51275343766195,5.52947531458685,3.79958256553573,0.0683664387536584,0.171720987681582
"COQ4",-0.510783357639446,5.30145781959463,3.80160632557468,0.0685351862879553,0.172062160771922
"MKRN2",0.627643191410949,5.07404812518901,3.75928047569693,0.0687839173504718,0.1725350715681
"KLHL20",0.609499553161812,5.11938231151154,3.77087008010425,0.0687895712928869,0.1725350715681
"ARGLU1",-0.315623420745901,6.64086696484351,3.79590605550264,0.068993818581949,0.172964359581701
"DKC1",0.485146958490573,6.25304881418758,3.78808858174427,0.0692537273427098,0.173532709885112
"TKT",0.352822456843119,7.68749719007577,3.78106926373397,0.0694154020138013,0.173773684484423
"NIPBL",-0.450209024454448,6.75974407554416,3.78242053288572,0.0694163866851874,0.173773684484423
"POP4",-0.393775345575926,5.52745610489535,3.77550068108751,0.0694728343509801,0.173831740140054
"PPME1",0.385128516193633,7.11002555511454,3.77247796081455,0.0697369881717512,0.174409204389351
"CCSER2",0.439579826358248,6.19905105723871,3.76640819280443,0.0698206993201874,0.174535052772176
"SLC7A8",-0.457749775715367,8.81919489061779,3.76694781051639,0.0698799959287537,0.174599779502675
"NDUFS8",-0.389725926907872,7.08943100198507,3.76234405003027,0.0700738284907667,0.174987040562208
"PEX1",-0.548719015888214,5.10002038657763,3.71408780397429,0.0701019443155277,0.174987040562208
"SIK3",-0.389761788777402,5.89901568004946,3.75687014045709,0.0702604108611719,0.1752988866689
"ATF2",0.368194737788974,6.56817682316048,3.75424553333248,0.0703403275388241,0.1754145477316
"UBE2R2",-0.315325431407726,6.80087364841096,3.75312874654087,0.0703761849112576,0.175420275885142
"ERGIC2",0.357683111945601,6.47259258460425,3.75080039946202,0.0704813039278474,0.175474398766415
"LLGL2",-0.367060712233226,7.19096614698914,3.75032974867605,0.0704871812404543,0.175474398766415
"HINT2",0.385750607207691,6.36786390662247,3.75065926798286,0.0704986105623629,0.175474398766415
"CKAP5",-0.47296790621881,6.20034811112001,3.73949686617604,0.0707888049720665,0.176112843212276
"PNPLA2",0.541520625568498,6.04317393100797,3.73538974543286,0.0709871700142667,0.176522330002175
"EID2",0.484812861418425,5.02958633359675,3.72455071837345,0.0710754981270628,0.176657930913056
"HMGCS1",-0.508477090123182,5.84663122040943,3.71845634133239,0.0712160966296421,0.176923259069933
"NT5C",-0.688096208455988,5.12080005886759,3.72077076378826,0.0713632624397436,0.177204642647287
"CMPK1",0.404579337836957,7.3038224658939,3.72222162805254,0.0714440030698393,0.177320894608761
"KDSR",0.808182119976122,6.04603853354056,3.71303185676516,0.0717320213495381,0.17795124612911
"COMMD9",0.504210813752705,6.71466493553857,3.70876293131046,0.0717755302252455,0.17797471370368
"LDLRAP1",0.317467238677994,7.72454798941344,3.70713516181236,0.0719255827916226,0.178262219654723
"DNAJC30",-0.435491051293694,5.22607108212018,3.69931641179685,0.0722008652433004,0.178859678970015
"FOXJ3",0.427221440069516,5.84232586639365,3.69157651633456,0.0722468276712865,0.178888758047283
"SSBP4",-0.462490868374396,6.13742693969822,3.68783430229312,0.0726389001528076,0.179761957946397
"CCDC25",-0.463856105005961,6.27885637373453,3.68771371431299,0.072669231219827,0.179761957946397
"SAMD4B",0.400063206620149,5.9980997314528,3.68672027038333,0.0727026552704579,0.179761957946397
"USP39",0.426847089879867,5.88191411734102,3.68165298523727,0.0729079122516879,0.180184235148734
"DNAJC4",-0.376701975901718,5.7998183327432,3.63546890237489,0.072949429775855,0.180201639621169
"PRNP",0.341785070720499,7.21722140496914,3.67433795414111,0.0731037624878722,0.180485094288714
"FOXO3",0.386599701599554,6.21501437891059,3.64441059072763,0.0731332369817289,0.180485094288714
"ADPRHL2",-0.82910035734049,5.35303939174526,3.66930925960198,0.0732072570308542,0.18058250707894
"UFD1L",0.507704031777758,5.59290664157622,3.6873524687756,0.0733179305380064,0.180692073757915
"SEC13",-0.364046185001695,7.68324019322443,3.66726151070123,0.0733208127875528,0.180692073757915
"FBXL3",0.539283499807155,5.25598454858782,3.65175786254239,0.0733718213894695,0.180732568521563
"DEAF1",-0.602682386415356,5.53403367342958,3.65768370078295,0.0736182338956593,0.181254125564113
"PIN4",0.387376301041595,5.94821489401197,3.64825811109882,0.0740859274260365,0.182319747013132
"PRMT1",-0.445745738684738,6.4632388201156,3.63355546955283,0.0745919132612426,0.183478555584242
"AP3B2",-0.575256454046307,5.24184468136248,3.61697676192012,0.0746789022638977,0.183606125180336
"EAPP",0.39573404757754,6.48793741727367,3.62786308730409,0.0747874579993673,0.18378311548119
"FAM213A",-0.317911767843947,7.50512118256052,3.65997686050668,0.0748212109707237,0.18378311548119
"VPS13A",0.369013070286318,6.36629845793947,3.58930604036824,0.0752107437333665,0.184653150537486
"EIF1AX",-0.320857762609293,7.79598762793658,3.6104484465176,0.0753700449491509,0.184957382605264
"VWA5A",-0.3350863297386,7.67122324619077,3.60706782081284,0.0755030923623542,0.185156004409975
"FAM49B",-0.438966848301436,5.99137690971105,3.60748044193141,0.0755218292332249,0.185156004409975
"CYHR1",-0.495151369838419,5.3582157041572,3.60182448208437,0.0756681286678367,0.18542771146122
"DLG1",0.349674968467935,6.00486222433455,3.59120887120416,0.0758256755690299,0.185703051781748
"PKN1",-0.447849586119991,5.40896133025466,3.5603633320569,0.0758515430560612,0.185703051781748
"PDE12",0.450924547660308,4.94658047695232,3.58508338069503,0.0759211160955718,0.185786364153349
"CEP57",0.459861680811121,5.82602417757828,3.53686166128944,0.076027347142891,0.185959262291011
"DGUOK",-0.351023010401186,7.54896652786554,3.58948726344739,0.0761449891087801,0.186159896198126
"NCOA1",-0.401297888167039,6.36857889969947,3.5803017532229,0.0764648627671461,0.186854529071469
"MAP7",-0.431266594277458,6.22713881263585,3.57998914931986,0.0765728216815958,0.187030906041916
"PPID",0.507423865309973,6.37604693907652,3.56062573224608,0.0767705849268192,0.187426364975471
"SETD2",-0.344752909447994,6.34870194270471,3.56303325111674,0.0770534901790396,0.188006927616367
"TMEM131",-0.35944610495123,6.01475686743235,3.56397200027885,0.0770803225333603,0.188006927616367
"CDKN2AIPNL",-0.427387502000302,5.28482681941367,3.51896784901566,0.0772076160506673,0.18822957513845
"EEA1",0.431989783933305,5.99457063026638,3.49511165653789,0.0773344322469424,0.188450851913645
"KBTBD7",0.493822925511238,5.25454233948931,3.53443234842612,0.0773868764456452,0.188490775014626
"SS18",0.443579736191352,6.80521578550308,3.55610386265601,0.077439018858297,0.18852478741492
"STYXL1",0.366612590045774,5.95955351649844,3.55616345198047,0.0774729755820257,0.18852478741492
"BRI3BP",-0.438577405514939,5.2514858634069,3.51070159978025,0.0776573358461141,0.188885479044969
"SLC41A1",-0.708037404937547,5.14469977112193,3.54800228440709,0.0777106591987664,0.188927263084629
"ITM2C",-0.363145803325623,7.78491765255223,3.547086103013,0.0777654754922476,0.188972636168284
"SNAP29",-0.535560814291993,5.67525465581724,3.52568728283236,0.0778222820323568,0.189022801200339
"MSRB2",-0.390046740739174,5.93125222675802,3.54347629603828,0.0779261810080451,0.189187249479355
"ARPC4",-0.300608536009016,7.64889639190345,3.54122660955877,0.0779625795836356,0.18918774534989
"ERCC5",0.579076992087802,4.63543189370785,3.52091547327043,0.0780068636419811,0.189207367172453
"LAMTOR5",-0.251661530543889,7.63770667803508,3.5366545808509,0.0781483686202653,0.189462672902656
"TAGLN2",-0.269870183576848,9.1679681076006,3.53296003941538,0.0782669718831063,0.189625082217549
"CPT2",-0.514068577879837,5.67625687263672,3.53507190529888,0.0782879141812649,0.189625082217549
"TMA7",-0.276763540467783,8.87628539690546,3.52421945556797,0.0786019531909065,0.190297549480717
"METTL16",0.421270108132417,5.46531845986545,3.50606449852083,0.078703764322493,0.190441820060691
"NAA35",0.887748678754759,5.51917646231744,3.50967206472816,0.0787344123112979,0.190441820060691
"ATP6V1F",-0.253477430001504,8.14478738017673,3.51959053466959,0.0787831400904002,0.190471541744922
"PCGF2",-0.623974278070453,5.25836116219758,3.53620869772549,0.0789286016689741,0.190734998115454
"PDE4DIP",0.38635134575389,7.5122386555999,3.51289472740545,0.0790805414903132,0.19094268049933
"TFDP1",-0.438436328696186,6.00850892375022,3.51275347263215,0.0791141396681964,0.19094268049933
"SCARB2",-0.226315097526082,9.01027166994297,3.51072222239506,0.0791241335300456,0.19094268049933
"UBA2",0.468076867885772,6.57905894541429,3.50895487796368,0.0792615675240501,0.191186069888422
"GNG4",0.247338604634395,8.52961047135625,3.50605375661628,0.0793082729768036,0.191210490244351
"PMF1",-0.407996361225755,6.07999721855914,3.50237880943751,0.0794200191986998,0.191391627640205
"LSM4",-0.307077256900544,7.19654345717513,3.50055584585559,0.0795339146269207,0.19152321555731
"GMPS",0.677294072361885,5.49372169442979,3.46407366160374,0.0795479052946086,0.19152321555731
"CTDSPL",-0.522784935147638,5.90936287749611,3.49730097815515,0.0796385745858568,0.191651817159996
"MAP9",0.323351228484658,6.46214884880655,3.49871896514912,0.0796746506004726,0.191651817159996
"NSA2",0.303111341107571,7.26892679266982,3.49617285227253,0.0797249592003575,0.191684619015763
"SRSF7",-0.287144492370112,7.11769679284467,3.49276304239174,0.079878761889702,0.191966109608033
"SERGEF",0.422864581529598,5.59708259674513,3.48356980350093,0.0799213548653737,0.191980203070454
"NIPAL3",0.488502970975951,6.03078819849481,3.4671578727002,0.0799835680474456,0.19204139190813
"KDELR2",-0.301823841881609,8.29406551109623,3.48496181207388,0.0801323671121597,0.192310322725096
"ALKBH7",0.426559500241005,6.31321285782568,3.4850841703968,0.0802074285163301,0.192352486550559
"KXD1",-0.364798529277691,6.33994968243679,3.48351509781974,0.0802557597550114,0.192352486550559
"ARFGAP3",0.405844739769682,7.19531745154923,3.48275693448077,0.0802603354059248,0.192352486550559
"NDUFS1",0.344240933798347,6.83852842958852,3.47919053641807,0.0804006609852278,0.192600483487528
"XPNPEP3",-0.415831544427428,6.08500357030842,3.44459383057371,0.0804773326637288,0.192695839593821
"CERS6",-0.347070385949826,6.71408762489107,3.47518561958305,0.0805670735255991,0.192822387050507
"GALNT11",0.426026993098337,5.64085984538184,3.45146276701738,0.081050315068191,0.193839049842079
"NDUFB11",-0.286257310369326,8.09013162170879,3.46145616839523,0.0810660346192434,0.193839049842079
"SLC48A1",-0.382445539870175,6.14363854653347,3.45971854194835,0.0811967208549679,0.194062761732473
"RTKN",-0.776120526277588,4.68531973705495,3.44756436317974,0.0812684232552076,0.19412245006338
"ANKIB1",0.358849426482192,6.020733887819,3.44817782776406,0.0812959715302732,0.19412245006338
"EXOSC8",-0.472677553523638,5.78177569903386,3.42921310216967,0.0814478244847451,0.194396245927746
"ABHD12",-0.316070023555042,7.01615636216942,3.45149882099375,0.0814999498940016,0.19443187498674
"NFKB1",-0.726964466547581,5.3341058614318,3.43774962018634,0.0820975117123449,0.195709593161923
"MLXIP",-0.416702351344758,6.71901217361087,3.43507018671863,0.0821104147319873,0.195709593161923
"UQCRB",0.230318073182814,9.02258468950096,3.43361346482245,0.0821840556859376,0.195795833669278
"AP2A2",-0.327992359860421,6.36585510752009,3.4324159972626,0.0822873938909511,0.195876396077501
"RNF139",-0.596848429003772,5.52925596342302,3.39787526550867,0.0822928191670542,0.195876396077501
"EIF4E2",0.398490316556002,5.9804323396197,3.42713343060973,0.0824432840829223,0.196091562399726
"PSKH1",-0.700890350453282,4.84794396847806,3.42923449114663,0.0824582464424331,0.196091562399726
"TPI1",-0.216744579491833,9.68388243382437,3.42319662426901,0.0826083144408285,0.196359099400732
"KAT6B",0.371751915427113,6.55218916322668,3.38603772181413,0.0826895401579723,0.196462830184419
"TMEM256",-0.398403449299313,6.46673332654829,3.42102611690939,0.0827398641779379,0.19649308044438
"PABPN1",-0.549650413279484,6.13427179374266,3.40731041119206,0.0827974179849774,0.196540464944358
"ACLY",0.253922551433021,8.89153769806577,3.41757298091177,0.0828436107751416,0.196560850441064
"NANS",0.387767155368042,5.87605183059728,3.41543872419261,0.0830102953580145,0.196866975424837
"CDC14B",-0.790356429181977,5.1904652504828,3.39625622251838,0.0831606523417368,0.197134117818711
"MORF4L2",0.256365549603276,8.5833552852666,3.40465837628149,0.0833726742752001,0.197459585948057
"EMC7",-0.342342399582762,7.20958513176893,3.40514289686877,0.0833735041491033,0.197459585948057
"VDAC2",0.386902800335969,7.77021059056831,3.40222557119094,0.0834807531878867,0.19758073975802
"CLPTM1L",-0.28056399468324,6.64762642796945,3.40218805565172,0.083516650808969,0.19758073975802
"STX7",0.419281281271275,5.21292982461722,3.34146219330396,0.0835380590903432,0.19758073975802
"CISD1",0.395003935571274,6.82175218000275,3.39667476065932,0.0836778679642486,0.197821897715571
"SURF1",0.357233098293357,6.55085645684002,3.39715710096447,0.0837558982292264,0.197916853546187
"RABL6",-0.341497756981072,6.56283560418409,3.39505885253037,0.0838245846653707,0.197944871864387
"TMEM258",-0.312697594199038,8.97255525962038,3.39320376793116,0.0838434946064191,0.197944871864387
"RBM25",-0.333004739392214,7.09771931359054,3.3683554711485,0.0843334487995116,0.199011709650134
"OAZ1",-0.199326168209858,10.0829971462645,3.37695676092887,0.0845209035609608,0.199364062686436
"TMUB1",-0.365755656189515,6.36973942478102,3.36764760910899,0.0847060170479143,0.199710577857216
"DGKZ",-0.58409989134635,5.44746750935279,3.37215601961895,0.0848325794790308,0.199901994808428
"AP1G2",-0.459557185560832,5.99774546354205,3.35154530287421,0.085002513533398,0.199901994808428
"DDX18",-0.31763519481696,6.28411675672617,3.36747463335452,0.085002743973435,0.199901994808428
"NFAT5",-0.370606742486842,5.84098720673069,3.35335964731572,0.0850380341183251,0.199901994808428
"TMEM11",-0.378247537221661,5.79685569592559,3.36645113772383,0.0850510148878878,0.199901994808428
"FKBP1A",-0.282240166147239,7.67672682241426,3.36451044366694,0.0850532959313722,0.199901994808428
"PICALM",-0.341630613288694,6.21923282057982,3.36580118029191,0.0850727399311438,0.199901994808428
"CCDC92",-0.337880498155729,5.93985638693198,3.36467603886364,0.0850931583028034,0.199901994808428
"HERPUD2",0.366817537518328,5.82903260391805,3.34955932742466,0.0851788894833015,0.200013501944841
"H2AFY",-0.287525632666266,7.48798285476161,3.35091541559733,0.085641849000072,0.201010302974125
"IKBKAP",0.532609171571564,5.8560567470208,3.36708686460413,0.085744559858119,0.201161047746135
"HPN",-0.463739024752402,6.17487898878091,3.3367860173249,0.0858109554609917,0.201226498068463
"CFAP36",0.459375621478037,6.05185457080864,3.44643417195973,0.0859128672464311,0.201231194391875
"RCAN2",-0.380862708206795,6.86905223432932,3.34463871047349,0.0859508354035503,0.201231194391875
"TMEM184B",0.354919335371154,6.58200345973084,3.34139666810112,0.0859610824610523,0.201231194391875
"PQLC1",-0.354440038061866,5.64580599582875,3.34261738069379,0.0860305984960554,0.201231194391875
"RAB25",-0.363456036115299,6.53563548113712,3.3417225152636,0.0860670550683052,0.201231194391875
"SET",0.335444830583555,8.70016162494928,3.34044805718481,0.08607417006867,0.201231194391875
"EIF6",-0.315431235973457,6.93169051813888,3.34123281669532,0.0860824470365855,0.201231194391875
"PTS",0.371309635973354,6.90465988269407,3.33920692169934,0.0861893119600029,0.201390940373239
"USP4",-0.390112565480923,5.52066789065222,3.31476149932492,0.0862997568917468,0.20146265011874
"TLK1",0.388213059416354,8.24604746260481,3.33320040320124,0.0863135658106434,0.20146265011874
"ATM",0.348615531278428,6.26905997843343,3.32855707245582,0.0863356296663437,0.20146265011874
"TRAPPC8",0.516237496019725,5.45180714646778,3.28117440195916,0.0865657695936193,0.20190953934219
"JMJD6",-0.482111834284036,5.73075397879613,3.32337040957394,0.0868379271795063,0.20245398990512
"RPN2",0.289063636140526,7.71860894461116,3.32140265005244,0.0869369506839733,0.202594490069161
"MBP",0.415057192322437,6.86135995081912,3.31748267751766,0.0870583606772249,0.202638880482154
"HSBP1",-0.331783950828686,8.25794445507692,3.31769236427406,0.0870602331599101,0.202638880482154
"RAD23B",-0.39354701601871,7.23589778350161,3.31676126143602,0.087100912775232,0.202638880482154
"AKAP13",-0.385628727113391,6.29013044081447,3.31287782663713,0.0871110702971879,0.202638880482154
"RABGGTB",0.316877328767894,6.99926354804804,3.31538425501033,0.0872042725580867,0.202765450472028
"FKBP14",-0.600252632823638,5.47657130410491,3.28459255885171,0.0872977386348144,0.202892521051211
"CNOT2",0.408827386344372,6.47055964704191,3.30538241055391,0.0874356482160373,0.203122725877879
"CYFIP2",0.322389025693798,6.50161737274521,3.30393962760932,0.0876965413544169,0.203638303713699
"STRIP1",-0.39637772193231,5.13480870087614,3.2747189610369,0.0877367430172126,0.203641188166505
"CD47",-0.41614109689367,7.08155195193073,3.30166902719071,0.0877943493524472,0.20368444920783
"COPB2",0.329669122369357,7.75968873664179,3.29974912808301,0.0878829203701879,0.20379947860469
"HINT3",-0.558021561865811,5.72251451049881,3.28316278215326,0.0882360745469268,0.20452769918261
"SCFD1",0.422916170572815,7.13726326554387,3.28983417865044,0.0883656551944787,0.20473726937125
"POR",0.362887553936264,6.60620570058584,3.28780505451805,0.0884189914420922,0.204770078984411
"SREBF2",-0.474400030757946,6.22426197175415,3.28629996487762,0.0885009862361084,0.204809076607962
"EAF1",0.460737139070027,6.94398275415088,3.28546303909204,0.088514196299481,0.204809076607962
"APOPT1",0.37038332144174,5.34687102703331,3.2603918919786,0.08856284391028,0.204830966866829
"THYN1",0.319399585464466,6.41751225735842,3.2799002408291,0.0887760254940239,0.20523320887097
"LMBRD1",0.304960526675256,7.59832535379858,3.27548999350099,0.0889347895968013,0.205425527173729
"IFT20",0.443563517529615,6.0633913857673,3.27507789396237,0.0889378167197531,0.205425527173729
"ANKRD12",0.40476364269211,7.91698822919366,3.27152648614617,0.0891061924917386,0.205723528336713
"KLHL9",0.395965889975488,5.84637258909554,3.23336300299581,0.0892552987031956,0.205976797492982
"PPP2R2D",-0.573578944835078,5.00355227215262,3.25690368220353,0.089447067961142,0.206328254295185
"MEIS1",0.390112780529628,6.38136510286578,3.24493658823125,0.0896113160216557,0.206615945674986
"RSL1D1",0.316446942673478,6.88475261908835,3.26063606735269,0.0896667077644793,0.206652505063904
"BECN1",0.441234755382656,6.31222132965559,3.25099700270522,0.0897479242521827,0.206748523607827
"LRRFIP2",0.399985143593301,5.33015303043138,3.25284404432472,0.0898292157979355,0.206809531707797
"GLUL",-0.641502099336263,6.92996082446892,3.26034128011983,0.0898535386471031,0.206809531707797
"VPS54",0.542125512904753,5.05944487761137,3.23553406907063,0.0901992969573762,0.207424295144942
"PDZD8",0.403452723146169,6.54653512680578,3.24350959547472,0.0902000043742974,0.207424295144942
"METTL5",0.335704761068296,7.62762734763073,3.2429126544589,0.0903855118515236,0.207678602697071
"TMEM17",0.487936518407504,5.86866192091392,3.22642633281518,0.0903900556984575,0.207678602697071
"PTPN1",0.375654453527272,5.69625157966803,3.24144660033651,0.0904407631108466,0.207703808778732
"STRA13",-0.495213465031669,5.34095886340134,3.26727893170993,0.0906339956797658,0.208056168387412
"GABARAPL2",0.2246483917455,8.48760556237609,3.23597601672073,0.0906970236535525,0.208109456820509
"SUGP2",-0.331981668088519,6.33648070655177,3.23259951448652,0.0909132979327417,0.208514176522352
"IQGAP1",0.389740872222782,7.71208551944777,3.22959358669469,0.0910032228568543,0.208628879768762
"MSI2",0.618208459844385,7.27177390508771,3.22475824854964,0.091098009360328,0.208730096331941
"TIMM10",-0.410826137706338,5.81187594960863,3.22925140287646,0.0911272393016049,0.208730096331941
"DDX19B",0.499387941005131,5.22621976347549,3.19129713199733,0.0913109436439663,0.20905926518923
"CLDN4",-0.280689512100866,6.73114731144104,3.21520925731902,0.0916666316546609,0.209776738580327
"KCNK1",-0.515170459255801,6.2508462211976,3.21560842870433,0.0917045815297584,0.209776738580327
"MTURN",0.459443139962716,5.41024588462894,3.26843260245482,0.0918178497202092,0.209943963467863
"MRPL17",0.335610828349096,6.81325215417965,3.21048608802018,0.0918905533788853,0.210018330787684
"TESC",-0.681696770622737,5.42297334095064,3.1772978565929,0.091962113983719,0.210090021762631
"SMARCD2",-1.32616740458365,4.95309392922427,3.34166378639764,0.092377215531863,0.210946136122782
"SYT11",0.299033522906077,7.18648324328546,3.19820903323221,0.0924681183071243,0.211061508467834
"VTA1",0.421527138584493,6.57452258723757,3.19010732983787,0.0926150376923265,0.211304584032209
"LSM7",-0.313610227831774,6.97902206571119,3.19180263977729,0.0927491214812322,0.211518175384992
"SARNP",-0.434455414474134,5.69847631214949,3.17006372658196,0.0930428931937172,0.212095596477784
"LRIG1",0.758258213557038,5.23000949022095,3.16545914632806,0.093236971446005,0.212445357344493
"MARCH7",0.34551210335666,6.63762338083171,3.17971564742142,0.093289077462741,0.212471463136273
"MRPL9",0.450276527209563,6.16457216407232,3.17818062236992,0.093413054704129,0.212661165913973
"MTCH2",-0.313355045286024,7.24964147028055,3.17527727499999,0.0935542091975083,0.212889791674086
"DDX1",0.41521669469429,7.39947158143963,3.17159764945258,0.0937015306839568,0.213132245815945
"PRR13",-0.244943983658927,7.78737675769119,3.16909452000526,0.0938064989132351,0.213278194788813
"MCM7",0.535435243444088,5.03947229734544,3.14684938993675,0.0940697954659449,0.213783835174128
"PDPR",-0.476839239645608,5.25078966277055,3.15004709266197,0.0941300189509883,0.213827731011219
"BCL7B",0.301115939089731,6.47941362782063,3.15582066426173,0.0944856521538531,0.214542356128666
"NARS",0.356854403913383,7.19324867137456,3.1547699460201,0.0945293737864973,0.214548431082076
"ATP5J",-0.266904415776684,8.03401912911393,3.17789935125897,0.0946211919275775,0.214663615540559
"ZFAND5",0.333019500263055,7.66360099820094,3.15173130401692,0.0946759644031956,0.214666391393156
"IPO5",0.320318685895111,6.53998174158675,3.15148505136184,0.0947045530041358,0.214666391393156
"SRSF5",-0.284493009359053,7.69029107256908,3.14247177649074,0.0950925674304741,0.215452470723489
"SEMA5A",0.509327157295905,6.77449536640686,3.13017384434438,0.0952556185883992,0.215685349172792
"EIF4EBP1",-0.303527790415019,6.45880216061234,3.1394613393606,0.0952778785613119,0.215685349172792
"JUN",-0.451251910418009,8.25807919400672,3.13875549137587,0.0953812798839146,0.215825952360702
"POLR2C",0.292291625087423,7.10215622217025,3.13264191744239,0.0955810581651416,0.216184418446212
"PKD1",0.38562286882223,5.7181591057379,3.12817531700343,0.0957070514041066,0.216375760246222
"COX4I1",0.185127994181189,9.69991195804819,3.126223445923,0.0958628061286535,0.216634192665141
"SNX7",0.434181271183782,5.2951931222044,3.11891344028575,0.0959308502680574,0.216694275864795
"SUDS3",0.366608723940409,6.05699770283812,3.09349391240832,0.096671808496327,0.218273668686955
"PAPSS2",0.379594589154313,9.24334273077629,3.10830683132234,0.0967416460971741,0.218337039788398
"NEIL2",0.383536448627823,5.50808244720616,3.10183395050429,0.0968700482916698,0.218532474070159
"CDC42SE2",-0.299742628071162,7.372889022421,3.10548250920188,0.0969647943409786,0.218651846428083
"RHNO1",0.468655084809688,5.19073503847803,3.0850553235288,0.0970382220889723,0.218683675249531
"ZMYM3",-0.386141575309405,5.50382493842904,3.08673669027174,0.0970625840020877,0.218683675249531
"SYNCRIP",-0.337195945158977,6.92930909918103,3.10087847950709,0.0971601759329332,0.218809237225955
"SENP5",0.423863691851835,6.50632152381471,3.07621246989855,0.0973090366777427,0.219050101082929
"VKORC1",-0.233769301211919,8.65863468047712,3.09565720303514,0.0973682813938366,0.219089111857763
"PITRM1",-0.29232201081761,6.62411404098099,3.09602012939535,0.0974257546562812,0.219124104814278
"NUP133",-0.427810399017468,5.17937015661377,3.06690311283185,0.0975091881940229,0.219192541611085
"GIGYF1",0.421895528786494,4.97285470552104,3.0837358245179,0.0975487337674785,0.219192541611085
"SMU1",0.491964037492356,6.3618078154094,3.0562792629246,0.0976488524021518,0.219192541611085
"OTUD5",-0.481732273152517,5.73908684477018,3.08952094841134,0.097673038989996,0.219192541611085
"TMX1",0.334829695659804,6.8443605222997,3.08922138663551,0.0976921271741553,0.219192541611085
"ATP2A2",-0.327685267741801,7.04315574984773,3.08950910712722,0.0977077906932903,0.219192541611085
"CLTA",0.304626498365741,7.79516986124886,3.08704103021065,0.0978038880359896,0.219201521578606
"HNRNPD",-0.274046633451075,7.36687510554075,3.08701348383726,0.0978197670783191,0.219201521578606
"RAB5C",-0.267056201297986,7.11446661774936,3.08655159295144,0.0978376028013943,0.219201521578606
"NTMT1",0.509682834693742,4.77618701859105,3.07816214080208,0.0980702145904714,0.219628539701968
"NUFIP2",0.370268984450226,6.62983802827692,3.08206281463922,0.0981383094021966,0.219629150094413
"MGRN1",-0.44128518618371,5.49569990178233,3.08065277515438,0.0981545235547253,0.219629150094413
"ZMAT3",0.317910690081839,6.48743391502975,3.07805096690052,0.0982552037773545,0.21975585154067
"PATL1",-0.574625983000814,5.27732755886722,3.07636745265448,0.0982952326194924,0.21975585154067
"CHST9",0.412320009924846,6.5225960912404,3.06722529033897,0.0983564510375695,0.219798704392209
"LSM5",0.430487312490518,5.98719950916905,3.07307472511671,0.0985014931212883,0.220028762626057
"PEX2",0.375420216323132,6.10783514059601,3.05963213821066,0.0991128931559102,0.221276742767704
"CHDH",-0.430481421261126,5.53214435798107,3.05780803767154,0.0991448501170775,0.221276742767704
"CEP68",-0.402612937898211,5.49883301091773,3.02518191857637,0.0996800311254705,0.222376236744701
"CKS1B",-0.441922596122964,5.4346267693665,3.04962810358007,0.0997670469175531,0.222475407098144
"ASB1",0.634740146505726,5.17878156579507,3.02657780920803,0.0999860593017128,0.222868712993626
"FBXW4",-0.345645622208375,6.49573715567484,3.0345448370607,0.10051768938205,0.223958210741676
"IRF3",-0.459529890261312,5.06971562944698,3.02640586682226,0.100664195546099,0.223992395464524
"FRA10AC1",0.406270552745995,5.95551247394824,3.01427620372809,0.100707177831664,0.223992395464524
"NONO",0.295422094603857,8.24083221440538,3.02976393891934,0.100709994324135,0.223992395464524
"PRDM4",0.421686373317751,5.59995308666338,3.03034976955925,0.100718946117262,0.223992395464524
"PNMA1",0.278560869328452,7.26307282767453,3.02966849463476,0.100747297060856,0.223992395464524
"MRPS2",0.500405551102936,5.23173199019385,3.00661584671144,0.101710984475437,0.22603882476748
"PNN",-0.283120091753372,6.89926462706696,3.00512824799456,0.102069258633714,0.226721405840212
"GUCY1B3",0.583275081682198,5.85416342320057,3.02644576546163,0.102160094064691,0.226721405840212
"PRKCSH",-0.326315848937693,6.64178402258811,3.00267804448943,0.10216991917948,0.226721405840212
"PHIP",-0.30509759057869,7.56733876509458,3.00235280059503,0.102191626584951,0.226721405840212
"TMEM42",-0.392566470468135,5.65897577203192,2.99928304020809,0.102265061148765,0.226788067299361
"HDGFRP2",-0.519096074569747,4.58336351021293,3.01983124112433,0.102517984956863,0.227182430632799
"COX11",-0.32508463913204,6.22191627414783,2.99683215978614,0.102539189311598,0.227182430632799
"USP8",0.353168111776473,6.59181313276919,2.99545924621671,0.102573280331625,0.227182430632799
"BCOR",0.496615086809089,5.56811347335694,2.98198743617328,0.102745557417043,0.227467610596733
"SKIV2L",0.417268035963951,4.86392075141686,2.96836618736757,0.103115565943151,0.228190119891977
"SH3BGRL",0.322142134389624,7.04014116259323,2.97708543008158,0.103268596009959,0.228378987377045
"VPS26B",-0.411716134430268,6.54951694641218,2.9809007388434,0.103309145761913,0.228378987377045
"PRPF3",0.375194820066085,5.86163852298128,2.97825550520242,0.103331988740522,0.228378987377045
"PPP2R5E",0.321356482814295,6.15461457208872,2.97721903519543,0.103541337127631,0.228744957382134
"ATP13A1",-0.341366482388915,5.49879207310466,2.96855660983488,0.103943215032816,0.229350877264605
"SLU7",0.334336096753971,6.61822733930976,2.96477906687586,0.10394484412758,0.229350877264605
"FIG4",-0.49161598048184,5.29126219864328,2.94240570436255,0.103947240910627,0.229350877264605
"TECPR1",0.531849143636098,5.64019354499812,2.9486441445858,0.104289552420333,0.229687779773917
"CAPN7",0.405567490279648,5.54077173891928,2.95387875066368,0.104349878541216,0.229687779773917
"DNAJB11",0.449015650467947,6.19074299019721,2.96212311581219,0.10437326526734,0.229687779773917
"CLNS1A",0.39270945297709,6.45770410933561,2.95088551899388,0.104385873031368,0.229687779773917
"PMPCB",0.407877249889296,6.12119178724689,2.92340846194756,0.104417994050894,0.229687779773917
"FBXO2",-0.541131144834837,5.02491584851227,2.93234855675383,0.104443690925922,0.229687779773917
"ERH",-0.23250639590954,7.86368453325585,2.9589502274806,0.104444673307126,0.229687779773917
"PRDX6",0.288992508110501,7.21820223626758,2.95956579918144,0.104451473602946,0.229687779773917
"SEC23IP",-0.475105754984081,5.36019942453176,2.94458191910086,0.104614929141705,0.229867168165498
"HSPA4",0.320711360018488,6.5653522894845,2.95527096419023,0.104621004986745,0.229867168165498
"RAD17",0.307407423622906,6.31421873428446,2.94985537112502,0.104946033447286,0.230436756130608
"ARV1",0.450220314103048,5.7118459734305,2.94726715473386,0.105006951402383,0.230436756130608
"MAP3K9",0.419927474979881,5.72570902263022,2.91218746718257,0.10502098612582,0.230436756130608
"NR1H2",-0.410405314177988,5.10458559944277,2.94638176313487,0.105056588838576,0.230436756130608
"POLR3E",-0.442405964466954,5.44433844870909,2.93367869349588,0.105267453580914,0.23080242444104
"PLEKHA1",-0.423109310941671,6.90573122049664,2.94310040684133,0.10535737013402,0.230826244584114
"DRG2",-0.441060111230989,5.27014489417278,2.92250282520963,0.105402269273508,0.230826244584114
"NGRN",0.365470944507451,7.24832043341773,2.89886521655339,0.10541079889464,0.230826244584114
"EMC4",0.257546851445861,7.69650539972392,2.93755501301462,0.10563325779007,0.231216515271649
"MACF1",-0.302036493571144,7.66262215063333,2.93319062829488,0.105898039402405,0.231649007939993
"RANGRF",0.531008536782978,5.51617369794828,2.93349178128988,0.105919481342373,0.231649007939993
"TMEM9B",0.322052543392928,6.78558061086458,2.92759091031458,0.106185623892008,0.23210796390547
"ABHD2",0.305344804914918,6.95184302227849,2.92640633475913,0.106255902738192,0.23210796390547
"PSME3",-0.328739113690293,6.35431432691969,2.92677947846205,0.106262551678935,0.23210796390547
"MAP6",0.303877244171446,6.18655557061988,2.91123544749337,0.107093202691558,0.233824632610181
"ATP6V1B2",0.290407424512569,8.43159604353834,2.909626049707,0.107157268684285,0.233866823971923
"EIF3A",0.283658808010132,7.6715344809883,2.90790618672786,0.107270318867841,0.233875684329708
"TIPARP",-0.547501491903657,5.33886955376593,2.90424273279571,0.107282453632666,0.233875684329708
"RAF1",0.365178156346057,5.66488467029041,2.89507006811467,0.107334329936066,0.233875684329708
"NDUFAF1",0.550130530735915,5.69146745899938,2.87744207393291,0.10734030355978,0.233875684329708
"URI1",0.319067814922843,6.19907564561037,2.90690214049199,0.107391362798985,0.233882798380531
"SRSF9",-0.261579034994069,7.17685927346241,2.90443260763076,0.107446840675421,0.233882798380531
"TDG",0.603848948300632,5.40868150323635,2.87552281847708,0.107539873493502,0.233882798380531
"DCTN6",0.32268244039755,6.21403988887132,2.89954337706845,0.107556396329021,0.233882798380531
"NUMA1",0.414405506371304,6.98774732330776,2.90284362919858,0.107567294300133,0.233882798380531
"USO1",0.334479063994181,7.18640349680051,2.89614594721542,0.107960941528543,0.234641098282617
"DNAJA4",-0.651126774811217,6.41303225292513,2.89785047439276,0.108075608910411,0.234792688185669
"ARF6",-0.39116095674456,5.91307943822564,2.89076412071426,0.108284392535562,0.235148533354127
"COL4A3BP",-0.552448126131526,5.80837212778852,2.87616374214413,0.108494744397051,0.235507487111041
"LARP4",0.387463926604281,5.99671861370592,2.8781966259332,0.108693635393769,0.235841275302295
"ATP5G3",-0.252692957300778,8.49790638505439,2.90246835927446,0.10879450413651,0.235962188017235
"UBE2B",0.299157796487594,7.57240292327115,2.87939342275937,0.108886591152445,0.236016673098726
"SERINC2",-1.37562018300219,5.11816295407386,2.98051870840182,0.108926353838607,0.236016673098726
"THOC7",-0.320091311222919,6.6910445604135,2.87825881109283,0.108955085553324,0.236016673098726
"LSM14A",0.33735739703923,6.91919397478949,2.87359183968931,0.109207046627161,0.236464470886566
"ENPP4",0.401971102406465,6.20715031427725,2.87046638074428,0.10937617409202,0.236732613655896
"FAM134B",0.509024233906109,5.82202079761845,2.88162380455614,0.109737537977359,0.237416436675354
"MRPS36",0.322585368432496,6.04044090393675,2.86206173561694,0.109848755439219,0.237558727629622
"STAT6",-0.445931100717002,5.37268274362217,2.85320817017914,0.110277438208046,0.238339339082671
"PAPD5",0.618224333666922,5.2255763622663,2.84977241508391,0.110315501756782,0.238339339082671
"NPLOC4",0.349388670092947,6.00024263038468,2.85033421104769,0.110346508624462,0.238339339082671
"TSPYL4",0.360241141360946,6.33549056426,2.84440336990405,0.110908702367607,0.239407597566423
"NUP62",-0.347664874753073,6.35562156660862,2.8446325829246,0.110932695868735,0.239407597566423
"DCAF6",-0.376678277251161,5.98901560625757,2.83597419295488,0.111235069027474,0.239961083700621
"RHBDD2",-0.269080847453901,8.59914679822763,2.83352309289867,0.111482311605244,0.240395232161968
"MSL1",-0.462847071883662,6.1268619337288,2.83318336951749,0.111600161153692,0.240505997240761
"ERP44",0.289459744461548,7.17404187910506,2.83162380179181,0.111625702947405,0.240505997240761
"MCMBP",0.328845880167657,5.54409507085781,2.80194340244893,0.112665827553836,0.242647004789411
"PGD",-0.285920704387013,6.38231357351217,2.80515706227147,0.113207580114169,0.243713353071154
"VPS36",-0.373582774721916,5.72128025269762,2.7911197105594,0.113586787655299,0.244429040376389
"ATP5O",0.2640147127724,7.78176305548746,2.81326124263684,0.113937174691167,0.245082144901535
"TESK1",0.488104394733358,5.42724354773671,2.78420891824808,0.11411354381738,0.245360548553453
"CNIH2",-0.498185864179968,8.05581360549577,2.79086463168817,0.114224815184718,0.245427869250754
"LRRC58",-0.372238525682284,6.89171523797331,2.78817640972632,0.114238761409429,0.245427869250754
"ZDHHC4",0.279918329268244,6.87030389212287,2.78402225638954,0.114468759724768,0.245820956072869
"RRN3",0.422173669329179,5.87982412872144,2.77708703150755,0.114798483499252,0.24642779188936
"EP300",0.275188403216249,6.31034255744631,2.77363992951355,0.114905773351095,0.246493019380604
"CERS4",-0.36494358774908,5.4075455267586,2.75481412944307,0.11492318504506,0.246493019380604
"FAM160B1",0.635564128791321,5.3923178608846,2.72701608053338,0.114993497784605,0.246542663215803
"AGPAT3",-0.50774339573468,5.35343457800092,2.77453722591505,0.115078652123985,0.246624073248082
"NADK",-0.393980976582512,4.99838694784727,2.7674456187754,0.115241519540811,0.246794832320082
"FBXO18",-0.480271075492676,5.25762691678669,2.79148927022321,0.115252761754988,0.246794832320082
"EEF2",0.32511701950757,8.74872198739272,2.72845638143116,0.115310335152697,0.246817003211771
"SHTN1",0.513599348922649,5.496329092071,2.82928912155989,0.115579703628188,0.247292308990807
"TOB2",-0.398490446579273,5.5985587788148,2.75846850613135,0.11591949925519,0.247917848857151
"GAPDH",0.251967589810124,11.6425376459277,2.75756092640126,0.116019167758652,0.247979790158385
"IGF2R",0.377080167906971,6.44411218552524,2.75572775098349,0.116043345461528,0.247979790158385
"DHX30",-0.279247679971326,6.35095271215808,2.75690817047473,0.116117392379757,0.248036620338777
"TSEN34",-0.34155304183461,6.36416254125996,2.7500275888567,0.116485630598129,0.248721565006709
"NELFE",-0.35659034244663,5.80296905227706,2.79205316407442,0.11670495429902,0.2490881160151
"PJA1",0.479424344030573,5.58831585702201,2.73630412719706,0.1168060481976,0.249202128134227
"BCL2L13",0.292212125592235,6.9198580793163,2.74421788702612,0.116867796748974,0.249232139374495
"COA5",0.321339325619047,6.05387269612458,2.74235598460883,0.116926950933085,0.249256595647322
"PIN1",-0.275035029616618,6.82102611957353,2.74181945326874,0.117042208073006,0.249400579534286
"ANKRD40",0.368346949996946,6.16165575735179,2.73717865381045,0.117149934068367,0.249528404798432
"SRRM1",0.270602311749739,7.11507564566542,2.7384057557459,0.117211033500721,0.249556852182594
"FAM98A",-0.363810376925331,5.48426227663176,2.73251997489487,0.117645151833388,0.250379156609577
"SMC1A",-0.384403986403435,6.34449747264365,2.72626896225779,0.117795238287075,0.250596544780847
"RPS16",0.171023008855249,10.2959319197379,2.72583204971963,0.117981335889471,0.250845037972238
"WHSC1",-0.507076569618684,4.93672236133475,2.74068982205283,0.118008025324992,0.250845037972238
"TM7SF2",-0.476154751970234,5.42297945258123,2.71402577708745,0.118298839180439,0.251234282662502
"NUDCD2",0.388942482456138,6.08730983794722,2.71767871299115,0.118309709743779,0.251234282662502
"IK",0.323941526682733,6.7118952218391,2.71920078741311,0.118340378223323,0.251234282662502
"VPS4B",-0.341466965374716,6.01695316404265,2.72013907538276,0.11838340122398,0.251234282662502
"DALRD3",-0.405910985033704,5.397840662948,2.69223920270082,0.118448393734242,0.2512691920034
"WDR48",0.350155689015797,5.8018583809124,2.71456043866055,0.118495993550484,0.2512691920034
"CSE1L",-0.296792021351346,6.60352586343594,2.71447893338502,0.118775839088487,0.251760466713512
"ATP6V0B",-0.188623238298721,9.18602628076675,2.7109785536677,0.118916658203246,0.251956778446846
"MEST",0.405260412246922,5.88687833005964,2.70279368861986,0.119074121408453,0.25215989058926
"SOD1",0.202156419257002,9.07174401179654,2.70725557623408,0.119150303276082,0.25215989058926
"NME3",-0.301740556703346,6.3162192541211,2.70702432249752,0.119157246940018,0.25215989058926
"RAD50",0.296885806866121,6.58066826517829,2.70034184561315,0.119410670594775,0.252593919546293
"ABCA2",-0.526322227367327,5.07994139270013,2.67936912807606,0.119485627537408,0.252650232661015
"ELMOD2",0.394471755201983,5.34575916996338,2.67992610389397,0.119549706613754,0.252683508479617
"TRAPPC3",0.27368694410658,6.90183671267378,2.70004343255858,0.119649060632384,0.252791285337701
"ARL1",0.228468379674304,7.75636263497123,2.69649248031221,0.119845951694622,0.253104965457694
"CDYL",-0.715143886902608,5.12500920127724,2.69198312991261,0.120172384432327,0.253691863258389
"USP33",0.371823830091112,6.87924976614879,2.68324336494583,0.120358700920191,0.253982611913539
"ALDH3A2",0.382897362869708,5.63260477063652,2.65557515029153,0.12133068827387,0.255930390479225
"TIMP1",-0.228500382913498,9.71293408577812,2.67102374312466,0.121467928461524,0.256116523625812
"MPZL1",-0.393617742132892,5.64734971580873,2.67008526521924,0.121654789930234,0.256407091518279
"RABAC1",-0.299140857544898,8.4838284524639,2.66726168542303,0.121740232943722,0.25648375558115
"DESI1",-0.417355938312032,5.79013442619916,2.66451710938172,0.121849273365572,0.256610053135312
"POLDIP3",-0.377720717048733,5.99741327390505,2.66241871276947,0.122104991821456,0.25698780378149
"SLC38A2",0.401004292014278,6.11338571318664,2.6592325023582,0.1221269761992,0.25698780378149
"B4GALT3",0.293076422117533,6.58877089846916,2.65923813940643,0.12228731621088,0.257221650637533
"SRA1",-0.362008164080285,6.11611222334121,2.65400668065175,0.122709372939622,0.257959275386822
"CCNY",0.322809328328615,6.38439467531248,2.65236457945359,0.122736697510431,0.257959275386822
"HNRNPUL1",-0.282191830097037,6.88652161510742,2.64803467930815,0.123011740085868,0.258354304374394
"PPP1CC",-0.259269731865235,7.04190016712184,2.64778582351328,0.123025286323155,0.258354304374394
"AGAP1",-0.78987151431663,5.14044975906567,2.63879602104076,0.123078277264301,0.258354304374394
"MARCH8",-0.449820934750771,5.86260334726733,2.62828343705911,0.123122359325926,0.258354304374394
"NBEA",0.359251932527532,7.22026341985725,2.64383454067717,0.123320931152004,0.258667137693228
"QRICH1",-0.334841495627188,6.46807791517625,2.64057476888745,0.123525946026172,0.2589932289927
"EXOSC1",-0.374029542496096,5.61327751193243,2.63799752839364,0.123725080920269,0.259271998193777
"SEL1L",0.350466191743913,6.51589289268922,2.63080385761424,0.12380708619518,0.259271998193777
"FAM195A",-0.435681913688485,5.24456782563526,2.63716380059799,0.12380771140074,0.259271998193777
"VLDLR",0.385533531255422,6.7072294287636,2.63268313104451,0.124052911865426,0.259681445863269
"UBE2Z",-0.336089908218714,6.0467133227474,2.62756114490694,0.12431526384217,0.260126454805054
"TFG",0.291297288340245,7.25206846898414,2.62548971533201,0.124491211461104,0.260390381075307
"PSMB4",0.275776077958409,8.55669962395162,2.6223685433695,0.124667497130747,0.260654803000966
"TRIP12",-0.386996778265189,6.49656491125561,2.61575828330756,0.125203302743455,0.261569852655479
"MCRS1",-0.580118145569401,5.63186704221594,2.60396536335886,0.125205236530325,0.261569852655479
"HACD3",0.411170815428776,7.46016623464582,2.67749661043561,0.125417188171405,0.261907967467813
"SNRPD2",0.219191264076521,8.74609633846977,2.60964925604005,0.125517880403628,0.262005130808722
"WDR83OS",-0.195884912880001,8.75864434376765,2.60896039868382,0.125563966457977,0.262005130808722
"VPS37B",-0.420354565507772,4.55814696429895,2.60547814566891,0.125670390755603,0.262122558850574
"UBE2I",-0.305184743767131,7.04942239532488,2.60589551971294,0.125782843891877,0.262252463112421
"ZBTB4",0.382440454790464,7.04194319801176,2.60484414579911,0.12589038029506,0.262372016667575
"ATG3",0.277894771567705,6.55116485880432,2.60378300254168,0.125976231584436,0.262394271663036
"PCNA",-0.316546390844499,5.76695909856697,2.60361152066357,0.126001458173755,0.262394271663036
"BLVRA",0.439547585141727,5.63576667227039,2.59642809453739,0.12619633023882,0.262665360178338
"DVL2",0.535491096726506,4.95353186685195,2.58983197056082,0.126267776547984,0.262665360178338
"FUS",-0.364887015031647,7.05611365308634,2.59882936984932,0.126282389540494,0.262665360178338
"GARS",0.316919853673925,7.06172844698064,2.5980058501237,0.126349703747564,0.262700835914286
"SCYL2",0.442576520181195,5.27282295989981,2.58591694659568,0.126447183471607,0.262798977338405
"OST4",-0.221033234897166,8.49012164208178,2.59404845297391,0.126573232085371,0.262871033126159
"MAST4",0.30278513112544,6.66082852499442,2.59396384622124,0.126582435503834,0.262871033126159
"SRRT",-0.408301367008099,5.15937083965579,2.5828116210836,0.126886405152014,0.263397632934701
"PAPOLA",-0.248540372040487,8.21625173675583,2.58827543375652,0.126981862773911,0.263491145978259
"HCFC1",-0.38560041472229,5.77851570346511,2.58397269355993,0.127116267344215,0.263665368812783
"U2SURP",0.307725876987634,6.54914910491596,2.58063913718529,0.127280062316147,0.263900391006149
"PAPSS1",-0.363082080886511,6.16331100254612,2.58116168128227,0.127528644332265,0.264310953181898
"SEPT11",-0.32345934081951,6.08171230648491,2.57466543096131,0.1277246210472,0.264612205395845
"VPS18",-0.458190501577779,4.96365602995807,2.57513872664502,0.127777148033826,0.264616146106501
"CREB1",-0.409786548279023,6.02485271170926,2.57174559380352,0.127920739923473,0.264808597061384
"PLXNB2",0.407866157610514,7.41066895725051,2.5724008489964,0.128113680043359,0.265103010921075
"GLRX3",0.359771613486358,6.02719546403673,2.56950843856335,0.12830572832687,0.265395347037812
"ZBTB44",-0.316806089846963,5.88853891267519,2.56518971337104,0.128558416230583,0.26581283292613
"AP1G1",-0.329980756808035,6.64499197400685,2.56548952138078,0.12863047742084,0.265856664878897
"MOCS2",0.299766772481794,6.36249051835298,2.5606581161343,0.128942382337378,0.266395981216393
"HSPD1",0.248296468378711,8.27584070831755,2.5568908302548,0.129135470966408,0.26668949298357
"GNAO1",0.287884154946832,6.83383674901047,2.5550318730618,0.129315690641341,0.266956206549087
"FDFT1",-0.27786784734031,7.79262869833167,2.55238853984617,0.129476978828957,0.267183643244752
"FAM219B",0.317021694488341,6.1776548408602,2.55001282788553,0.129640171612055,0.267402878471921
"HMGN2",-0.229505457884937,8.85823625429871,2.5489659963615,0.129685536048655,0.267402878471921
"NKIRAS1",-0.332986104986089,5.37370442554715,2.53838400323296,0.129881444039657,0.267701225550191
"RICTOR",0.368577302660526,6.056385012434,2.52982085422698,0.129996646503355,0.267833059232572
"SKA2",0.426348629312738,5.54956824781225,2.53527492183411,0.130166461720727,0.268077263756595
"MRPL44",-0.399963082592553,5.05402990786823,2.53408498273367,0.130328365212909,0.268304988171672
"FAM135A",-0.724266527586423,5.9754707980232,2.52959299529616,0.130689390117846,0.268942300057473
"PCMTD2",-0.359101085716472,6.31898332001818,2.5315874204174,0.130791154564483,0.269045794926624
"DLD",0.323067622319998,6.71002530803491,2.52799413891516,0.130964487596369,0.269296371623217
"UBP1",0.342349955183967,5.425137577258,2.52162044043381,0.131284597585398,0.269848443404985
"GADD45GIP1",0.322348076080225,6.48428866592273,2.52541300685647,0.13135579885861,0.269888663771208
"TRA2A",0.347683038502722,6.44914394958832,2.52005871904804,0.131655930888619,0.270305965197792
"TECR",-0.272332453079724,7.89175215017731,2.52164724614058,0.131662327796744,0.270305965197792
"GUCD1",-0.471995686672471,5.69037365643064,2.51676552725764,0.131758364461338,0.270396926203146
"POLK",0.378794915156922,6.05551247142563,2.51067664601581,0.131976945447349,0.270739204808984
"GOLGA7",0.345411236530073,6.34808719995833,2.51597841566364,0.132101690349649,0.270792380576468
"LMAN2",-0.238630883318656,7.69415402050028,2.51481938207096,0.132106479906255,0.270792380576468
"CIAPIN1",-0.592731455387511,5.6431636693506,2.51374890600662,0.132246969326958,0.270974091992164
"TATDN3",0.438613450109545,6.00659749808014,2.50550484025139,0.132497268908901,0.271380573897659
"RTN4",0.19073935336091,9.57713471586563,2.50663872207112,0.132688613612543,0.271666033432339
"NDUFB4",0.212447188098446,8.70326102578971,2.5039551453392,0.132883053740172,0.271845951017003
"WDR11",-0.423543368147253,5.58664720078043,2.49508698408857,0.132894402262471,0.271845951017003
"SNX17",0.385903285111496,6.87638272915868,2.50384963843243,0.132932514023237,0.271845951017003
"DPM2",-0.297152609890954,6.81042321204145,2.50047213519138,0.133173352204077,0.272231956187215
"BLMH",0.350884040099573,5.83438322117472,2.49893885089754,0.133235498179036,0.272252521103135
"STIP1",-0.297994988511213,7.44901996025377,2.49482028447707,0.133558645875129,0.272806190695309
"PKIG",-0.363601720267522,6.06947220258561,2.49284676490648,0.13376133004442,0.27311346568054
"CSNK2A1",0.281367291898981,6.80219978339547,2.49037851514169,0.133931316151886,0.273353763969507
"AARS",0.302849554990732,7.3404387859449,2.48894496574034,0.133998600995762,0.273384343249356
"NRAS",-0.347427360029278,5.55858962212494,2.48829899942548,0.134115098579121,0.273515263469787
"DCTN4",0.312741802441266,6.26118441403668,2.48315707294473,0.134438688027811,0.27406826143579
"GOLM1",-0.345603724021315,6.23265152847727,2.48150730913255,0.134529617891081,0.274146710610792
"PGPEP1",-0.343531199101053,5.82441467724727,2.47986065236792,0.134616525867986,0.27421690596725
"CERS2",-0.256004071960756,7.22812661532927,2.47513403996017,0.135005525011584,0.27490217344587
"NAA50",0.296174600868626,6.70500368291654,2.47480015176411,0.13506500933175,0.274916200847764
"DNAJC5",-0.304554776814449,6.33598894179424,2.47202346277823,0.135261912267732,0.275209815267977
"OSGEP",0.400172228880589,5.10751047802813,2.45104355961454,0.135446464950511,0.275478082605572
"PCGF5",0.26396408482736,6.91943987917285,2.46827776207454,0.135558268617001,0.275598238063425
"GFM1",0.305404131647834,6.10063906843665,2.46523740089621,0.135675039112171,0.275728394027728
"ATP5F1",-0.247791141592314,7.51996581566227,2.48211674809779,0.13573584348844,0.275744754727585
"TIA1",0.448324216097129,6.2528262787351,2.45238588541793,0.136029324552815,0.276171949704821
"HMGCL",0.3269519213805,6.73442069364604,2.45975939927907,0.136173162782954,0.276171949704821
"FAM208B",0.326882308361417,5.65702718089208,2.44556651269294,0.136280273533822,0.276171949704821
"TUBA1C",0.308790743265425,6.70297382791898,2.45780539756253,0.136280608843421,0.276171949704821
"DAAM1",0.254626585341044,7.41656085513773,2.45846836114012,0.136288674820055,0.276171949704821
"SETX",0.331104600103806,6.53013029929642,2.45863355776435,0.13630524191223,0.276171949704821
"MAPK14",0.453683101687677,5.26449983298436,2.44197757190856,0.136315980531555,0.276171949704821
"HADHB",-0.289063179975738,7.41149708858341,2.45526070408053,0.136495130087665,0.276427758608379
"PLEKHJ1",-0.483836482683435,5.22159464785148,2.45396054005469,0.136626598786987,0.276586844252355
"PIKFYVE",0.485822549266583,5.35474075385941,2.42084864002752,0.136722072168098,0.276672966017286
"PRCP",0.309428604968305,6.84669167765822,2.44844364424329,0.137010608678662,0.277112165355517
"TM2D1",0.309828318736771,6.78895704600112,2.44667653200958,0.137128389600322,0.277112165355517
"PPM1H",0.42034161742264,5.97051881266725,2.43011165995926,0.137172516642183,0.277112165355517
"NDUFB5",-0.255215902885932,6.9366236034527,2.44567281055461,0.137231286271548,0.277112165355517
"NDUFC1",-0.254891789345974,7.86610365986986,2.44459420094301,0.137256822339662,0.277112165355517
"UTP3",-0.493403946076003,5.15155522063554,2.44229132854038,0.137257202239417,0.277112165355517
"MRPS7",0.287119641371321,6.54557821515712,2.44289056616386,0.137369994976601,0.277205585235483
"GANAB",-0.255479430610599,7.40555124304856,2.44207737626077,0.137451393677727,0.277205585235483
"SLC25A13",-0.391421916663614,5.13753787673606,2.42167698295679,0.13746257450361,0.277205585235483
"CDK16",-0.307561195665623,6.39963835936658,2.43802591484396,0.137801837643517,0.27778257052166
"UQCRH",-0.209316286278051,7.92276361282627,2.43654321949153,0.137857466590753,0.277787578207349
"RPL36",0.160889639819631,9.94492490489582,2.43415520449677,0.138033692246536,0.278035494941289
"AP2B1",0.254383989490054,7.8243323869017,2.43201916645625,0.138203205712974,0.278269705801894
"TAF15",-0.432580284368833,5.68449565612102,2.4489219088303,0.138264847757203,0.278286622728879
"CD81",-0.266341782809722,9.49721480965129,2.42462803842044,0.138756435405724,0.279106783743047
"RPL22",0.16287875444638,9.50874106531652,2.42432219238399,0.138779133527488,0.279106783743047
"PYGO2",0.377895893353656,5.43311773411224,2.41537340111001,0.13928524004525,0.280016903737125
"PAIP1",0.312028182328651,6.37492224589343,2.41616425771947,0.139416953318684,0.28017393886842
"YIPF3",-0.228257972520972,7.66467938707534,2.41331445755908,0.139641520972789,0.280517382830427
"BAG1",-0.266426810617858,7.40336453906562,2.40703598154524,0.140113889826538,0.281358164473037
"RARS2",0.406027359815494,6.24857635341829,2.39733444241698,0.140303542394621,0.281630804952644
"ACTR2",-0.235547121707933,7.68830424459304,2.4034983129241,0.140386704416159,0.281689560070351
"DDX56",-0.332181512779759,5.54159148405983,2.40069345747611,0.140477762189633,0.28176410704728
"PSMD14",0.396104087848903,6.72695345985364,2.39790925561077,0.140688772647071,0.28207910035529
"LIPA",-0.380688118724954,6.33516937522345,2.3930464137704,0.141001438593997,0.282597591844641
"NF2",-0.378690131065043,5.60976272223292,2.38972063367912,0.141131666835052,0.282750181121816
"BRD4",-0.350222699346807,6.10162233386026,2.3895123969834,0.141501814949037,0.283349351846366
"SLC4A8",-0.445090761983397,5.63798631258901,2.37852326294997,0.141539153945066,0.283349351846366
"CYLD",0.366075624410292,6.27138687711928,2.38607728465764,0.141670991855656,0.283504699245603
"RNF167",-0.295558560446144,6.99513217893386,2.38345010514929,0.141954306745245,0.283813219899756
"C1D",0.291198822752185,6.60527891548965,2.38348629993644,0.141972073585016,0.283813219899756
"TCEB2",-0.228077443225496,8.16547807150847,2.39887788652231,0.141988056253656,0.283813219899756
"NCBP2",-0.28959567554846,6.50793326691798,2.38246255757933,0.142096980487866,0.283922368887643
"TATDN1",-0.385843363709293,5.19840886183347,2.37502130215184,0.142361391240183,0.28434199159818
"TMEM165",-0.338696694032251,5.74943986758063,2.37042929737744,0.142489000308304,0.284452294503049
"EMC1",-0.323979601339497,6.06238831366638,2.3746117945958,0.142527864915011,0.284452294503049
"ADGRL1",-0.713385548381882,4.39826638461805,2.43114861734837,0.142579875951404,0.284452294503049
"LATS1",0.465564596173346,5.95875691261952,2.37098375140546,0.142695280023675,0.284573914034242
"GOLGA4",0.211286311219015,8.54909174908138,2.36940618534866,0.143038976965395,0.285104757253018
"RPS7",0.158848050943849,10.3824940050708,2.36867531611745,0.143090341005294,0.285104757253018
"H3F3B",-0.235050287518422,10.1601831290192,2.36820648834098,0.143127468111562,0.285104757253018
"TM9SF1",0.408123397165632,6.0351451535059,2.36202778074579,0.1432338731245,0.285104757253018
"PHF10",0.350239235617386,5.66387075401008,2.36525238557535,0.143286289045372,0.285104757253018
"WRB",-0.260695865383146,6.54888116843655,2.36710919146586,0.143288731070151,0.285104757253018
"MANF",0.355969874143954,7.15051426556881,2.36268297059099,0.143576565930889,0.285568763364062
"ERGIC1",-0.328705040599442,5.54098004796965,2.36142248097127,0.143697517651704,0.285700618016529
"AQR",0.391891327877519,5.66708965691723,2.35543903541502,0.143837387537135,0.285869971352321
"FBRSL1",-0.328649760869508,5.43824229382586,2.35552374643676,0.144218528817713,0.286518529125878
"FAF1",0.36127244776479,5.69069586029382,2.34699517734354,0.144496219304221,0.286961146771719
"SUMO1",0.315211507916828,7.50683316362133,2.3501164080569,0.144603377485465,0.287062707906332
"PLEKHA5",0.532104163627748,5.29820137527002,2.33106796063754,0.144657197747327,0.287062707906332
"PSMA1",0.241319703179582,7.62870776404562,2.34540651569864,0.144975847781736,0.287585865789425
"KLF7",0.323437511125583,5.56057770765645,2.33773588159685,0.145121533228922,0.28774069041308
"AMFR",-0.44921630803835,5.98748943819482,2.34070215586045,0.145163994761678,0.28774069041308
"ADAM10",-0.381419410146416,6.03694120170153,2.32527419005374,0.145219628419403,0.287741849032684
"HILPDA",0.575461762216388,6.12430156908286,2.33036176416862,0.145373360448169,0.287937307716022
"NMT1",-0.27015179590431,6.76770247973838,2.33838226667499,0.14554820458293,0.288174418695067
"ANAPC16",0.261176055755221,7.93936237016916,2.3374309825514,0.145603435645309,0.288174614963284
"SAT1",-0.377405763985523,8.11173570002397,2.33640816283079,0.14567797843615,0.288183106186912
"MLLT10",-0.423711581954913,5.22233045501228,2.31419579209665,0.145717993046108,0.288183106186912
"KDM4B",-0.360629882013593,4.93558944496989,2.33019081751982,0.146010504837406,0.288652386076067
"DCTN5",-0.322393636149097,6.09617463619223,2.32647755449599,0.146359192557554,0.289232324952112
"PSMA6",0.325284600285208,6.54767131940862,2.28907945029145,0.146467597730926,0.289337163015702
"RBBP5",0.401406806169313,6.20580533464348,2.31151507677253,0.146704353749441,0.289668916228034
"RCOR1",-0.514180945781932,5.11399751587175,2.30570797982108,0.146746372713188,0.289668916228034
"GADD45A",-0.348299268922598,6.6632943267912,2.32197022929835,0.146870645425743,0.289804780536187
"CCNL1",-0.342886803551802,6.35056341444704,2.31776263314074,0.147269324516757,0.290481795943052
"HIF1A",0.304672798657046,6.85711545935277,2.30162856218408,0.147421665553276,0.290672593680487
"C2CD5",0.309837772134554,5.94572195328479,2.29683180617739,0.147822045240342,0.291352123103795
"TWISTNB",0.418828540938345,5.50404491099268,2.28628518802585,0.147908265670044,0.291412176651835
"GNPAT",-0.326960508494767,6.03046966920551,2.3033252357204,0.14827557432555,0.292025782592181
"HMGN1",-0.198787517671219,8.16943184459839,2.3026296560069,0.148425968687891,0.292211878844297
"SUN2",-0.382348705293109,6.0520739605045,2.30077871070633,0.14863130359278,0.29241272715056
"TRUB1",0.382207289348006,5.14224178426247,2.2833292982658,0.148639872974754,0.29241272715056
"LETMD1",0.263949511320137,6.22540645794927,2.29970300763143,0.148732407003046,0.292455258578312
"AP2A1",-0.386852165423955,5.53313113938754,2.27635247815957,0.148773394405918,0.292455258578312
"PHF2",-0.411985544589277,5.47904295683165,2.29671677746894,0.148841580273219,0.292479300785005
"ALDH9A1",0.23856803349542,7.46362526147544,2.29606633179862,0.149026111502769,0.29273186201615
"PRRC1",0.296671959357193,6.77664845474879,2.29381657734405,0.149221887462091,0.293006313209749
"DUT",0.293834728535171,6.62732188188529,2.29040064028611,0.149427682170006,0.293209299642157
"KLHL36",-0.520345512134523,5.19135080055506,2.29116700730608,0.149437454418731,0.293209299642157
"PFDN1",0.263415153233726,6.24286246275746,2.27348179009737,0.15002315251617,0.294164760503276
"POMGNT1",-0.472089846900423,5.77171746802603,2.27580350545359,0.150082224832741,0.294164760503276
"ADIPOR1",0.230505524711793,7.46144165479318,2.28280673497678,0.150093249715369,0.294164760503276
"CDC26",-0.348500711907102,5.52057099002605,2.27791235826568,0.15059803516728,0.294962607033643
"NGDN",0.398821110377152,5.78539557926575,2.27205970069058,0.150613200339161,0.294962607033643
"GNS",-0.221801814196083,8.1717318496781,2.26979608754007,0.151172513067485,0.295947088316008
"ABHD13",-0.318844763342351,5.3999340704012,2.26606381138074,0.15127410452225,0.295952537561534
"MSL2",0.391652153612698,5.11472754807666,2.25480551290162,0.151341782644545,0.295952537561534
"TBC1D5",0.350202325109639,5.79130033049834,2.2664603012614,0.151345156476369,0.295952537561534
"CDIP1",0.274492717564775,7.16537497302193,2.26355094050163,0.151730553742388,0.296494409459985
"AAAS",0.389606286959886,5.89717229284768,2.25976164258191,0.151775519162086,0.296494409459985
"TXNDC17",-0.292600004041709,6.65016868486695,2.26265124100606,0.151826309780588,0.296494409459985
"HIAT1",0.397800934311254,6.09325904902057,2.27697356319602,0.151849155179717,0.296494409459985
"CDK6",0.27071572838306,6.44108880800748,2.25945481884329,0.152130308117132,0.296932457254761
"DUSP3",-0.234576117304963,7.42529343907778,2.25450353122031,0.152483272724405,0.297510289858329
"NDUFB9",0.208493361956332,8.28009519980062,2.25277697954509,0.152614310467895,0.297584568437575
"EGR1",-0.420108270336001,8.96452443240488,2.25366783246334,0.152659600496546,0.297584568437575
"B4GALT1",-0.421496564877384,5.76566138258067,2.24944909483513,0.152692139381973,0.297584568437575
"ELP3",-0.438732073780331,5.37295609250382,2.2472955126094,0.15302945951421,0.298130818069615
"MITD1",0.483107856834166,5.41174899803987,2.23049914152223,0.153322530928099,0.298590487764967
"MVP",-0.36806252551301,5.9436345265807,2.23323490015942,0.154173122554537,0.300135162604308
"RBM6",-0.289906118052311,6.92514328523037,2.2304849513481,0.154235561765414,0.300144929764638
"SEC61A1",0.240148956175958,7.80354247102485,2.23257017131283,0.154352429149661,0.300260568353285
"USP16",0.318265895592552,6.37187441064895,2.23192489564604,0.154488843116999,0.300414130570146
"DEXI",0.417405661992974,5.5818030297481,2.22947090674185,0.154696146800182,0.300631087995214
"SHFM1",-0.269734240256603,8.04281006746333,2.2427797985047,0.154715444175842,0.300631087995214
"SLC25A25",-0.447867035107793,5.30983150114072,2.22572154861579,0.154919656639204,0.300916033167269
"NUTF2",-0.272426814419839,6.39584490225043,2.22416145373171,0.155134891929663,0.301222169434008
"RNF19B",0.335050638316031,5.0974409893411,2.21327134890211,0.155236015482114,0.301306592248426
"DHX8",0.374849915569865,4.96456956247557,2.21247038717259,0.155692550400013,0.302080534870404
"BET1L",-0.379217120439347,6.172993671706,2.21257130897123,0.156156842068717,0.302854853315647
"PLRG1",0.398914442781992,5.70346941357004,2.20570184554215,0.15624042281886,0.302854853315647
"FEM1A",-0.54984621918133,4.76256142994045,2.2114881103732,0.156265456168414,0.302854853315647
"NUMB",-0.304288413329408,5.8064290272199,2.20007810549759,0.156549975536016,0.303175548020984
"STIM2",0.360103190663142,4.9510842598056,2.19791363107408,0.156593927622643,0.303175548020984
"SNX12",-0.352469385872697,5.92282812567622,2.20761450569967,0.156604932017726,0.303175548020984
"MAPK6",-0.299658911862019,5.62713150762744,2.20467278821841,0.156789225242012,0.303419948293223
"SSR4",-0.235877695941129,9.9073424535377,2.19778439701253,0.157397061445606,0.304483508577418
"MUL1",0.408461177289025,5.26015301897798,2.18548706197508,0.157455814906323,0.30448447817808
"KCTD10",0.405507415581009,5.15698268924019,2.18632756724551,0.157560331071649,0.304573909212835
"MKL2",-0.41678704678331,5.28418141486404,2.18073376365989,0.158285919916545,0.305863402367387
"EID1",0.204875888011919,8.30903604670628,2.1864589419171,0.158423317582496,0.306015772728642
"CNST",0.377775442478387,5.27389073391198,2.17110929407388,0.158568818788088,0.306183677800272
"SUN1",0.308482872431845,6.84671530423162,2.1780422210472,0.159203399935675,0.307295484292384
"TSFM",0.38020379805025,5.45191549236641,2.17416400004588,0.159387641509371,0.307537542329082
"TMOD3",-0.346774808632584,5.54095594434014,2.17141129100601,0.159629218287528,0.307890008851996
"GNAQ",-0.339838634547475,6.07929921545557,2.15108374984436,0.159759904743518,0.30802841095329
"PPP2R2A",-0.274761908403594,6.06679176980776,2.16941526763127,0.160009580702112,0.308384049702616
"SAP30BP",0.375803761130203,5.65981188660466,2.16298640864662,0.160110478957218,0.308384049702616
"POLR3K",-0.368530963387827,5.42656584742729,2.16713164158257,0.160121352763133,0.308384049702616
"GGCT",-0.426792561903366,5.52203832846737,2.16402899509839,0.16031594072733,0.308645091043004
"RPS29",0.141781361374767,10.8690788180051,2.15803062193508,0.160972251336629,0.309794535249102
"DYNC1LI1",0.408794677333711,5.86363184314334,2.15698252370025,0.161071830168804,0.309872085495892
"DSTN",0.165580279617143,9.437286355638,2.15148623132233,0.161571525014202,0.31071904387389
"TBC1D23",0.342955774282608,5.77079083528565,2.14453419061199,0.161662069763499,0.310778829957267
"SDF2L1",-0.389114969590131,7.4443985636132,2.14958382953198,0.161753839232983,0.310840925614266
"SLC36A4",-0.356331925625927,6.44239440419372,2.14858241201177,0.161949329978558,0.311051029258255
"SPCS1",-0.219401870994503,8.6091375894749,2.14617235294104,0.162062227551564,0.311051029258255
"PARVA",0.334610397123422,5.28916554371476,2.14285909400646,0.162093633599704,0.311051029258255
"EPB41L5",0.391244645386921,6.23097997866846,2.13631510682117,0.16210120598804,0.311051029258255
"TCEB3",-0.341981679512089,5.64188275157614,2.15582927391312,0.162508574700948,0.311610197087744
"TMED1",-0.381671860670934,6.01982355606251,2.1421411731376,0.162511841833019,0.311610197087744
"TMEM101",-0.320893390149551,6.04649632251233,2.14072171556509,0.162651351486824,0.311635624891696
"PPP2R1B",0.38356692108977,6.15477021809609,2.13463860730982,0.162685627193144,0.311635624891696
"CD14",0.472644704148098,5.48781743389685,2.13203618720771,0.162703964095933,0.311635624891696
"P3H4",-0.485303082820705,4.73130986903198,2.18570629860336,0.162868924719012,0.311837314837463
"CXXC1",0.281525232287509,5.47554017345759,2.13287198647255,0.163126583017801,0.312122436421796
"PREX1",-0.474148798221339,5.55685323117693,2.12793349457779,0.163137267324344,0.312122436421796
"BCAP31",-0.194973651600828,8.1704595678897,2.13186939875933,0.163385686047595,0.312456843119081
"UBL7",0.317110587422331,5.75576486199465,2.1319405351216,0.163483852388669,0.312456843119081
"ATAD1",0.305308011000182,6.21853528979509,2.12770557029281,0.163491384337227,0.312456843119081
"TSPYL5",0.363968191972257,6.48388690968573,2.12844057998264,0.163703798416117,0.312559939002167
"EMD",0.408414446632702,6.07653552063764,2.12900496571053,0.163720407174298,0.312559939002167
"PPFIA1",-0.348885891670611,6.03407004348369,2.12587910419205,0.163734482545332,0.312559939002167
"CCDC124",-0.266590410423705,5.90036634407652,2.12835264094766,0.163784517491283,0.312559939002167
"TSR3",0.409609937934158,5.2780757036757,2.11668929780936,0.164047035654309,0.312835763552229
"MAGT1",0.279544230390238,6.82192657125656,2.1255593181256,0.164048752228173,0.312835763552229
"DCUN1D5",-0.513307289708066,4.81282023804014,2.11470216681058,0.164277187408048,0.313157132962023
"NKAP",0.310437790454674,5.60727328051887,2.10286990751167,0.164658571359202,0.313769723840521
"EIF3I",-0.323674770639204,7.35022832621761,2.11790546474066,0.164718822096381,0.313770146901524
"HDAC5",0.36395994806512,6.15621150657931,2.11517576563175,0.16500443244469,0.314199697044952
"SNRPD3",-0.264612225871688,6.92809518534306,2.11241946683575,0.165244093115372,0.314541469305918
"NDUFC2",0.21682104091745,7.86823414490365,2.10827481910145,0.16560306397545,0.315110016527002
"HINT1",-0.185693890424325,9.84319015945761,2.10709879084274,0.165703171090576,0.315185762478327
"NDUFA2",-0.195672198809225,7.61054225635631,2.10187102434226,0.166204163907759,0.315934558418651
"PGM1",0.289969322103297,6.66740540273514,2.10174727572187,0.166217722527509,0.315934558418651
"UCHL3",0.308800703975989,6.1727965722519,2.10006702755024,0.166363526762557,0.3160967482326
"RBPJ",-0.276504138155448,6.6885189088489,2.10017111953786,0.166435194165505,0.316118008685717
"CAST",0.268326533586861,7.43455805667393,2.09820210697831,0.166583364680573,0.31628450678727
"DPP6",0.313617417607828,8.10682858449169,2.09708493166109,0.166661416554185,0.316317801136066
"TMPO",-0.380177942341268,5.27798891537831,2.08845680613345,0.166907080801402,0.316669078529556
"UBALD2",-0.49604415509824,5.00903801981112,2.09353399765239,0.167012307528412,0.316753748712268
"CAMTA1",-0.365946578127309,6.67257571897598,2.09155580801587,0.16722350868689,0.317039274539853
"SEH1L",-0.302843644063846,5.63487818984839,2.08464249214582,0.167297690909382,0.317064913119413
"SLC39A9",0.302334900712877,7.84996089476757,2.08657230188693,0.167684908886722,0.317674692692455
"CMIP",-0.251874817331863,7.09151729651031,2.08546001766768,0.167811622135454,0.317674692692455
"TMEM50A",-0.249172863388353,6.78125788823452,2.08551351051844,0.167839100521643,0.317674692692455
"KLHL24",0.38573179262293,5.44277192796988,2.06085980639882,0.16786254088704,0.317674692692455
"PFKL",-0.27005222966572,6.1604484873025,2.0769533716871,0.168398982858695,0.318558206813047
"MED21",0.419001410848415,5.79349447706254,2.06944046116791,0.16845128824015,0.318558206813047
"YTHDF3",0.330490525441862,6.08693280937287,2.07569127373284,0.16858284329732,0.318691689661878
"SENP6",-0.245466210799041,6.57071902836409,2.07586930728027,0.168778255960809,0.318880853772562
"EFHC1",0.434420163830812,6.17347546219584,2.06895595085641,0.168804921061542,0.318880853772562
"PPP1R37",0.432067700336385,5.14300876807006,2.06631538707608,0.169607661900469,0.320281520503522
"GCK",0.380779125028558,5.58817609121833,2.06233093654101,0.169874048481391,0.320668707624496
"PDHX",0.448020097622311,6.23068961866774,2.05825990007907,0.170041482679376,0.320868891684151
"MCM3AP",-0.325534485144745,5.72384764313887,2.06074911987349,0.1702417928757,0.321130945998297
"LARP1",0.188619981778241,8.3818376452766,2.05933472485669,0.170309011647523,0.321141848442137
"GGNBP2",0.283952463353367,6.48696873746981,2.06966739843936,0.170548183287128,0.321476867667442
"MED1",-0.291572835632513,5.63207861993993,2.05656041250861,0.170625503049826,0.321506670671032
"RPL7L1",-0.304656701083224,6.89254375519878,2.05586790133818,0.170705387949491,0.321541283896213
"ATP2C1",0.246921220433406,6.86525948668638,2.05491615439347,0.170779612617289,0.321565214391415
"PDLIM5",0.274402460633928,7.40087585628832,2.05293333192889,0.170964242081725,0.321796936752314
"DNAJA1",0.309816344164685,8.01306781812221,2.05062719323317,0.171178065975708,0.321921580283589
"MRPS26",-0.29742498817592,5.95722122001524,2.05108642896133,0.171178532814059,0.321921580283589
"CDIPT",-0.254341756027243,6.88455687194353,2.05029409062366,0.171215227317462,0.321921580283589
"ADIPOR2",-0.417082074155468,5.6404378421025,2.04947110323418,0.171326737451456,0.32201541052095
"CRTC3",-0.42935244283322,5.67395477575575,2.04432066810992,0.171822375643959,0.322830897732198
"NT5DC2",-0.38851852968567,5.20061889097866,2.04383404081405,0.171897370831552,0.322855751827712
"MTG1",-0.399157009417005,5.55767343156698,2.04027316457109,0.172288013562789,0.323473220866631
"IMPA1",-0.395413459383403,5.69898340685617,2.0302042272448,0.172938653408543,0.324578219521168
"MPRIP",-0.375852705929172,5.11216096946768,2.02941468088565,0.173227502346632,0.325003644926721
"PURB",-0.352637759705958,5.80408853592076,2.02830500376107,0.173459492766347,0.325322127265769
"NPM1",0.17698473941082,9.26370393666114,2.02644844983502,0.173553073190015,0.325380887218153
"EEF1B2",0.187985967907337,9.1875948430534,2.02371445138931,0.173826140957075,0.325775990958276
"TCTA",-0.241394380519833,7.20698399886844,2.0184482587135,0.174386009424122,0.326708125899601
"THUMPD3",0.342524910805136,5.91817095551714,2.00924348976712,0.174955447509857,0.327657514917241
"RPL23A",0.157788485452553,10.5155214304652,2.01091367579334,0.17511573758657,0.32784024368374
"KRAS",0.304712494313399,6.21512892334463,2.00298856658233,0.175859744533045,0.329115246929547
"PSMC5",0.240028019456756,7.45296610129404,2.00164274790719,0.176091939289775,0.329431842042825
"RBM4B",0.443497211112278,5.24080972795959,1.99266284728228,0.176302256132205,0.32970729617282
"SNX2",0.314217238351391,6.82920254391706,1.99619883944611,0.176596635206867,0.330139703943596
"BABAM1",-0.309898611008784,6.49225055154655,1.99530490867235,0.176755565392193,0.330318677263136
"PNRC1",-0.224693277540913,7.65376966010359,1.98860983238078,0.177403238350958,0.331410552845052
"KCNJ11",0.430922137067037,5.93199600490607,1.98648092999504,0.177562400360735,0.33158937716526
"SCRN2",-0.505643791006489,4.86084844016476,1.97937342126984,0.177760635620941,0.331722387972836
"KIF1A",0.202223720221772,8.18721832666939,1.98423250428953,0.177849592911923,0.331722387972836
"SQLE",-0.292698096212032,6.21110998703734,1.98460637319241,0.17790008338831,0.331722387972836
"BLCAP",0.271186280495142,6.2443182697157,1.98367384190218,0.177933008303236,0.331722387972836
"FOXO1",-0.23158535049898,6.93808581683623,1.98382691015513,0.177950942390632,0.331722387972836
"ELK4",0.456780992141381,5.47171165120005,1.98002679588699,0.178119090343219,0.331810926800097
"FAM50A",-0.282168800125756,6.18840223354966,1.98225794532138,0.178125399005371,0.331810926800097
"TCTN1",-0.321583618305254,6.48226526243676,1.97945112148117,0.178389341376142,0.332095312097645
"ZSWIM7",-0.306220225879847,5.8267189982727,1.97990467417197,0.178405134182167,0.332095312097645
"GYLTL1B",-0.659354311652913,5.40752673756976,1.99019982421321,0.178558778475187,0.332262988640014
"NFKBIB",-0.363021361260944,5.14576582447046,1.97389486440894,0.178790316552062,0.332575439365704
"NFX1",0.306048846361995,5.9602923367694,1.95073776567811,0.179177943529178,0.333177912069375
"MICU1",-0.320031489486686,6.05645097788404,1.96821150402544,0.179603046018504,0.333849616478919
"KIF3A",0.410734517929785,6.68656106107999,1.9519648656328,0.179768382612807,0.334009827761783
"DERL2",-0.280767393861099,6.24203296255128,1.96626984790158,0.179817037559146,0.334009827761783
"JAZF1",0.346382133937521,5.7800406238255,1.95924296788045,0.180321255536019,0.334827425465992
"TMED4",-0.201810179745956,8.32394312499527,1.95823456017275,0.180586212462843,0.335200331158836
"CLPTM1",-0.278280602330223,7.16343064302051,1.95651774228431,0.180750091965841,0.335385420910703
"RANGAP1",-0.331318829342241,6.31803541466538,1.95152463514678,0.181305438647129,0.336226335306406
"SMIM4",0.271275612345147,6.43258429000463,1.95142720152475,0.181331937866608,0.336226335306406
"VAPB",0.230485799781078,6.39452730058932,1.94593951526092,0.181932047171249,0.337219436370255
"COPG1",-0.376136790517729,7.18104371245985,1.94374327252295,0.182107141763264,0.33742432825118
"TM9SF2",0.218365986523486,8.17763975743194,1.9421530851074,0.182275480941227,0.337566551843518
"LSM8",-0.376155463825839,5.27127914806387,1.96658297223477,0.182313062149273,0.337566551843518
"ELF1",-0.413473940393791,5.72017019753367,1.93893125299287,0.18247494879552,0.337746656286893
"DNALI1",-0.273245773696934,5.89288875719199,1.93998424082621,0.182560088856519,0.337784631664788
"TMEM57",0.349823147334108,5.14487315254986,1.94830913025543,0.182945276709777,0.338377551791226
"TOM1",0.327301835070994,5.65199845524063,1.93392301015786,0.183064063721726,0.338477488883431
"ST6GALNAC6",-0.325270032465769,4.97094563489381,1.93416290566779,0.183218036608926,0.338560125207826
"CALR",-0.255811564656388,9.24303462118886,1.9329623516508,0.183238300021607,0.338560125207826
"TMEM18",0.390926823778922,5.81651166857227,1.92420209482108,0.183482449714251,0.33887256290282
"MYL12A",0.268538051577023,7.00229255484636,1.93065373482487,0.183537062479029,0.33887256290282
"GM2A",-0.28535155203078,5.77149190460623,1.92938572295171,0.183652185512142,0.338965386183605
"TRIAP1",0.276861944919492,5.67133032377374,1.92944394507152,0.18374328547354,0.339013820391879
"ESRP1",0.323625181725914,5.6904311093787,1.92683961034439,0.183873769068105,0.339093055222781
"APEX1",0.300812751281187,6.68997644087115,1.92633190190654,0.183915976957449,0.339093055222781
"GID8",-0.491084723512655,5.88112448405104,1.92478345420293,0.184192153261431,0.339456879337733
"IDH3B",0.316119402548686,6.2281649113216,1.92216154088249,0.184243192401215,0.339456879337733
"ZFAND6",0.297882323197973,6.59182403487459,1.9206069831774,0.184484974807708,0.339782580450982
"HID1",-0.258965115900454,6.19694561729937,1.92144815570841,0.184550864548837,0.339784208875227
"VPS25",-0.268677167983516,6.4948717093182,1.92051002626537,0.184638722891043,0.339826269208268
"NDRG3",-0.304475729930483,6.09414950972675,1.91918569442665,0.1847701584448,0.339948475252012
"TADA3",-0.243803724906515,6.3269704383569,1.91809896743445,0.184912371701853,0.340090417623359
"NUDT21",0.277745555209529,6.36569301148384,1.91610993631813,0.185155048124919,0.340416966777683
"TCEAL3",-0.261078856403511,7.3438645157095,1.91142819126823,0.185585027614146,0.3410875314132
"GNB1",-0.18106481858046,8.67296278170555,1.90922962922795,0.185805131084285,0.341372028181918
"SEC24B",0.4036270137939,5.47384968870259,1.90124749882947,0.186003079102893,0.341615634037534
"HNRNPH1",0.2469678772464,7.97663660035694,1.90588438415838,0.186189671772522,0.341838220707753
"KRCC1",-0.315220724827426,6.09875609487623,1.90278596469537,0.18644935586278,0.342194797434955
"NUDT5",0.293603827790533,6.02100274150344,1.89837738093391,0.18694774604681,0.342989072862997
"MED13L",-0.442557934545272,5.39174499347625,1.89171927011203,0.187273846685524,0.343370750768969
"RBM26",-0.269292391979445,6.18575689750804,1.8948827588148,0.187427976479739,0.343370750768969
"RAB29",-0.321277786937555,6.06974125713749,1.91785156643782,0.18743836546783,0.343370750768969
"MIER1",0.272821291417768,6.76751111703955,1.89344926398184,0.187480845390686,0.343370750768969
"SDR39U1",0.29917159286999,6.02054051767707,1.89167973915073,0.187509965290398,0.343370750768969
"FEM1B",0.370784185431724,5.60144599434268,1.87761931907637,0.187549931785997,0.343370750768969
"FAM57A",0.408728044993322,4.98823491839813,1.88513069191602,0.187789253680338,0.343688525555717
"MAP2K1",-0.23416591188006,6.43410593663744,1.88216157277864,0.188826993718357,0.345438880540461
"SDK1",-0.409691177071737,5.2069842765023,1.86547130670716,0.18887781147592,0.345438880540461
"PREB",0.271637563619009,6.13366168072427,1.87998738740512,0.189118624672155,0.345758324995227
"DCTN2",-0.189066980006685,7.79108992183161,1.87630158690237,0.189447738593767,0.346014647338328
"API5",0.270130637133441,6.9847827177986,1.87679983866449,0.189474509544818,0.346014647338328
"CSRNP3",-0.331496417298195,5.71664427628011,1.86892028188873,0.189477801551328,0.346014647338328
"TJP1",-0.337170166146871,5.96088909939394,1.87441832159496,0.189567105010826,0.346014647338328
"TMEM65",0.419772526799494,5.19116456032971,1.87482634362352,0.189589812507552,0.346014647338328
"GABARAP",0.140204096096701,10.1833382779715,1.87220118510114,0.189897721299516,0.346399253788094
"COMMD8",0.432753879010691,5.7567674697181,1.86754543602796,0.189933089985972,0.346399253788094
"EBP",-0.325612672139491,6.27363743241434,1.86507899288961,0.190339733930168,0.347019807901286
"UBL5",-0.196380919690127,8.79419777562976,1.86702592915429,0.19048003893552,0.34715452005438
"WWP1",-0.496335391741615,5.21032773892828,1.86215373975179,0.190855800177747,0.347629150773755
"NFS1",-0.425781477472131,4.95544563938376,1.86036415221057,0.19087347670187,0.347629150773755
"TOM1L1",0.484710974787852,6.20946151824723,1.86955448301196,0.191038423549112,0.347808373351169
"EEF1G",0.23587189692015,8.45303247443217,1.84662114464289,0.191337662051553,0.348231880063881
"TMEM167B",0.241116504244363,6.21773581393675,1.85904268975703,0.191465124816826,0.348342571325288
"ZC3H15",0.276326541123772,6.98092168274967,1.85685442963221,0.191684619199932,0.348546210558924
"NUP50",-0.287405628576143,5.81596928816081,1.8544158717929,0.19172926483607,0.348546210558924
"ITCH",-0.357254737822528,5.86063495589675,1.84030645286564,0.191857497652539,0.348546210558924
"RASSF5",0.366475420918419,6.05734227313722,1.8661302889061,0.191861525198649,0.348546210558924
"RAD23A",0.183384944655285,7.50921159680446,1.85452990118844,0.19191046374375,0.348546210558924
"HSPH1",0.290153014182157,6.97335371873748,1.85435637662261,0.19199319758749,0.348575353869333
"ARID2",0.387907505648587,5.88731349625333,1.84078397243835,0.192272925176609,0.348962006909075
"ABI2",-0.244400115099478,7.16137169463487,1.8476427790447,0.192711199654747,0.349636043247261
"SRSF4",-0.269434108771651,5.87634749102256,1.846602195233,0.192864610076046,0.349792962133064
"SDHD",0.298746467151424,6.86672357031236,1.84536149270905,0.192978674622028,0.34987843643751
"CHMP5",0.217040491590186,7.24200541358823,1.84036083992297,0.193552282699278,0.350796734281943
"MED11",-0.349564983390117,5.17517638730838,1.8359396267253,0.193778510458675,0.351085017042459
"RPS15",-0.132680493435039,10.5486544175675,1.83624239910834,0.193982572917451,0.351332955176548
"DCAF8",0.260755701666855,6.40946805825178,1.83370048037479,0.194256282423792,0.351706819615228
"LAMTOR4",-0.228374959096833,7.37023859084186,1.83297374870912,0.194389230564947,0.351825660721254
"COMMD3",0.346627302230209,6.632246613274,1.83054642784234,0.194642342436542,0.352161828977434
"UXT",-0.183829354169455,7.17596978933021,1.82694328511687,0.195070860738728,0.352815013522951
"AAED1",-0.419505981844802,5.01807194848616,1.83708565404249,0.195142770254097,0.352822988626137
"MED16",0.332548941763743,5.57186512748792,1.82196830585468,0.195237629868,0.35287243821578
"BEX2",0.201296403599132,8.3128955824517,1.8245770223264,0.195351621994727,0.352956421765101
"TMEM33",0.222839253634534,8.04921383289473,1.8221127877154,0.19566777281558,0.35340547633277
"CPSF7",-0.338550849090239,5.85012444196439,1.82084580754626,0.195852663101188,0.353544822556034
"EHBP1L1",-0.565719168377844,5.08747654692011,1.83011178420315,0.195939563622966,0.353544822556034
"YLPM1",-0.354296119116027,5.82927265070731,1.81884046413956,0.195947838328837,0.353544822556034
"ERLEC1",0.259326538576593,7.57949240009442,1.81787590629414,0.196154630269459,0.353795808287944
"METRN",0.948968683123617,7.59035566726148,1.94428387877531,0.196585438286044,0.354450529810677
"TADA2B",0.409349173027473,5.37988573906254,1.80380458865031,0.196741356184931,0.354559853731134
"SMC5",-0.291607524910418,5.70854794479042,1.81059674908477,0.196781736306489,0.354559853731134
"ABCF2",0.353479979771244,5.66179775832997,1.8078695679753,0.196894783340324,0.35464129308059
"MUT",0.281666166457763,6.22292596643575,1.808480934315,0.197179213400977,0.355031260229731
"TNKS",0.30765126551883,6.22931482950011,1.80575875372175,0.197263019497495,0.355059849488088
"MGEA5",-0.338494530246377,6.40792614273334,1.81704442778514,0.197466484058263,0.355199084769806
"PAWR",0.568197299014709,5.1021479235315,1.80058854635492,0.197499032621839,0.355199084769806
"BRWD1",0.266747849766423,6.68975519094192,1.80608267593495,0.197544239415693,0.355199084769806
"OBSL1",-0.375328923382739,5.55389844098966,1.80177437055042,0.197645789218768,0.355259470511176
"GOLPH3",-0.254136389070888,6.69846307209322,1.80202606112319,0.198022742760768,0.355730257844789
"ACTR1A",-0.238992104498552,6.94829110394342,1.80168134579094,0.198043820609974,0.355730257844789
"UROD",0.268787175453182,6.54685960084079,1.79947788525459,0.198144020974535,0.355787975827515
"PLAGL2",0.342604948465214,4.79388389533007,1.79165719334015,0.198835767801087,0.356907471942404
"PRR14L",-0.314222155108278,6.09497580860955,1.7881572255582,0.199110828832773,0.357169560065499
"GRHPR",-0.289061256397385,6.03005017371653,1.79264054760004,0.199118442324634,0.357169560065499
"DPH3",0.373000014201031,6.1011713012453,1.78904887470743,0.199406426555927,0.357563427652772
"TRIM8",0.292365292024864,5.1564701427976,1.78165749796007,0.199748149076181,0.358053352270643
"TMEM129",-0.301127562921423,5.29807027933487,1.7846145021651,0.199856319873194,0.3581244374279
"CEP41",0.306050940963991,6.21674542390603,1.78540451259236,0.200008049981544,0.358131729070159
"TSPAN7",-0.221956939703156,8.46064085966472,1.78484815840764,0.200032178481385,0.358131729070159
"ANAPC13",-0.234150555327049,7.45814471226053,1.78442176321886,0.200099654130189,0.358131729070159
"NUDCD3",0.335016697966943,6.06611353910163,1.78420378322556,0.200134452001901,0.358131729070159
"RAB1A",0.201188221494013,8.42222617853295,1.78032881750754,0.20056288824155,0.358658482649055
"TMBIM1",-0.35709348773424,7.22899788877107,1.7804084020787,0.20056605027419,0.358658482649055
"KEAP1",0.353696846826483,5.86081569473284,1.78025013539684,0.200645094473909,0.358677123397784
"MRPS15",-0.258307318320525,6.19853059983685,1.77727265897452,0.200947718708445,0.359094021438282
"MRPS18C",0.271175751193539,6.06204387778095,1.77694492205239,0.201042230262797,0.359094021438282
"FOXN2",0.363126247428929,5.46168314568878,1.77513214135506,0.201084408025608,0.359094021438282
"PTPN18",-0.254220143954749,5.87005624073823,1.7748201058183,0.201224296587042,0.359171572889913
"CYB5D2",-0.298104886395794,6.46967699498126,1.7747198327897,0.201265264395362,0.359171572889913
"RPL30",0.141054619933179,10.4167189570606,1.77329246296703,0.201405152394493,0.359298543196592
"STRAP",0.240440680778926,7.74836714120487,1.76815528550681,0.202036809839866,0.360198541900006
"ADD1",-0.277373247393396,7.06965045148246,1.76832153631559,0.202047469839452,0.360198541900006
"SDF2",0.225031159841261,7.0103960146957,1.7649764933237,0.202443260753319,0.360781085563449
"TAF9B",0.297561709493912,5.94835093822236,1.74127190178331,0.202858109303116,0.361354258453527
"RPLP2",-0.125897443805901,10.622640532012,1.76040331495417,0.20296893874521,0.361354258453527
"DNAJB2",0.263706566562192,6.84504425168013,1.7605131282924,0.202972279093085,0.361354258453527
"RSBN1",0.308543342955428,5.78716503203908,1.75648538199237,0.20313914720548,0.361391976916483
"POMP",0.225271458080864,7.91317037802007,1.75811764340476,0.203256944400584,0.361391976916483
"SNX6",0.307507601193855,6.26950569240484,1.75626650885919,0.203308461797345,0.361391976916483
"TPM3",0.257847981005275,8.54684990366964,1.75749394229849,0.203329858405267,0.361391976916483
"PSMD13",0.243380730545711,6.9514057680937,1.75735248814965,0.203382272193423,0.361391976916483
"WDR34",-0.46486962481039,5.63321784004306,1.75615336529393,0.203408302293532,0.361391976916483
"FADS1",-0.252003977305452,7.26955217626038,1.75448439470411,0.203752792558647,0.361881021645955
"GSTM3",0.310910203412132,6.94864119567454,1.75067102029945,0.203994845088253,0.362187858449829
"GPRASP1",0.388585562142109,6.10699655689883,1.74483737398002,0.204201491581947,0.362431645670233
"AATF",0.370049814264858,5.41136564400641,1.75985478582567,0.204331998682278,0.362540175530301
"OAT",0.252906176160738,7.28643829309735,1.74663901319239,0.204694392117702,0.363059921139881
"RPA1",0.341868951180253,5.9220519526995,1.74587504674673,0.204780299897184,0.363089086690156
"CREM",-0.381395858751628,5.4875255724768,1.74053576799345,0.205527734658853,0.364290766043345
"SEC62",0.173095690409571,8.4108399688904,1.73827365215583,0.205697049678119,0.364427868775247
"NAE1",0.268789775392508,6.48222798986674,1.73814788261544,0.205791520273674,0.364427868775247
"TMEM230",0.240132612496986,7.73460166540739,1.73707970610528,0.20586944690502,0.364427868775247
"FBXO17",0.353978472176248,5.93442248315296,1.72163487944305,0.205883967188312,0.364427868775247
"PSMC4",0.245559237628914,6.53400994911514,1.73530537068339,0.206112850430471,0.364709502098873
"ERCC1",-0.485759018953527,5.54443195682289,1.73407174899178,0.206219098388635,0.364774019383213
"SND1",0.184981587066789,8.06906931781974,1.73305002409832,0.20634762321815,0.364877884492988
"TOMM34",0.225351284824499,7.5609008118586,1.72921774062784,0.206839581530717,0.365624109794067
"USB1",-0.358707678413551,5.27312238547101,1.72760702090193,0.207003821909092,0.365790729249094
"RNF103",0.297545301096307,5.74240310727104,1.72594457143848,0.207166526647648,0.365954523415768
"GIT1",-0.377146396667301,5.79710329626159,1.72589781283674,0.20731517971072,0.366093393360788
"LCOR",-0.362813861394346,6.19493764698159,1.72537519149215,0.207392479497118,0.366106210851549
"NDUFA1",-0.211212275149732,8.91868129329658,1.72228784733336,0.20768711083493,0.366502541638817
"SRSF2",-0.234480052637845,7.26436822362861,1.7215008579543,0.207803087123529,0.366522507578782
"ZNHIT3",0.311171338976509,5.73062770024008,1.73053796050335,0.207838667010429,0.366522507578782
"PRPF6",0.250197691611523,6.34755223577691,1.7182344150501,0.208242786886098,0.367111314351984
"MRPL16",0.315254134732305,5.36131374161673,1.70934336905751,0.208324343500503,0.367131268872936
"PDZD11",0.292770982199177,5.65899184463527,1.69717933394382,0.208894077117481,0.36801123730808
"UBE4A",0.237752792452095,6.63092865834718,1.71186494332511,0.209097095424624,0.368184622297279
"ELAVL1",-0.299451475928301,6.24076702065517,1.71131504022865,0.209133373560479,0.368184622297279
"OSBPL2",0.254625698789609,6.14699353318195,1.70925257027386,0.209235783716638,0.368187744429203
"RPS24",0.135693702287579,10.7963488120502,1.70967530224773,0.209276026152508,0.368187744429203
"CSNK1D",0.203301111037121,7.07635325688685,1.70778018267077,0.209543400696186,0.368388593560425
"USP47",0.250506271330612,6.77226148634091,1.70717858605739,0.209620472248093,0.368388593560425
"MAGI2",0.347653931694695,5.37007314460995,1.70115105725215,0.209657685051749,0.368388593560425
"SATB1",-0.338116738486013,6.06734488949776,1.70657317760703,0.209688489668215,0.368388593560425
"R3HDM4",0.336837511185799,5.73087916872679,1.70536075258063,0.209742577852655,0.368388593560425
"IARS2",0.252615071479591,6.1256933638077,1.70053472562169,0.209983700269259,0.368688210046159
"MBTPS2",0.469416655365245,5.50048040714246,1.69951040235572,0.210079561734162,0.368732662587127
"PARP9",-0.331628121812015,7.02635227211459,1.70196196048352,0.21019982382218,0.368819898999173
"RAB11FIP5",0.32659974709691,5.55451372489822,1.69945153718628,0.21064520755619,0.369477348958459
"B3GAT3",-0.289587600031849,5.30945152431216,1.69233241419424,0.21071694787899,0.369479197102812
"MBNL1",0.310694761697311,6.66864540797529,1.69599912497357,0.211088499147423,0.370006567754386
"QPCT",-0.206144086221186,8.83769541389143,1.69272009667736,0.211469000286051,0.370541823753118
"ZC3H14",-0.287751096217243,6.4062578343395,1.69256353611796,0.211535642257376,0.370541823753118
"CREBRF",0.290481639500221,6.05250949325386,1.69005223398367,0.211695870849316,0.370698263627932
"TMEM69",0.359747441382996,5.66190620824443,1.68914168893951,0.211994975645589,0.371097701841759
"KDM5B",-0.452647336993239,5.85486863012843,1.67866360680512,0.212212761859994,0.371354571892262
"MLH1",0.307943679116403,6.14229246979068,1.68588397943398,0.212288524120189,0.371362823151347
"ZDHHC17",-0.337602751381582,5.5044251746653,1.68301431195566,0.212439280074947,0.371502213767731
"FHL1",-0.50608848753127,5.82572045027427,1.682017854823,0.212741947952008,0.371907077573628
"WDFY3",-0.31190897063883,6.14303758188326,1.67703572091987,0.213315387372786,0.372645864732977
"ARNT",0.379120760742073,5.8098848633297,1.67380754640753,0.213350930191359,0.372645864732977
"MRPL24",-0.239525689542658,6.1716464512896,1.67839578401028,0.213378433737478,0.372645864732977
"CLCN6",-0.345740646360568,5.20943122151251,1.67603100307543,0.213586228932509,0.372843992201197
"HIPK1",-0.468325577236187,6.11274761758282,1.67573792284603,0.213653442544046,0.372843992201197
"GTF3C5",-0.333758084598073,5.53171951428077,1.67415293736976,0.213705873471358,0.372843992201197
"EPS15",-0.293745067053696,6.7606293309664,1.67157902964704,0.214228502172177,0.373631091376033
"UBAC2",0.274221420319731,6.16080522762012,1.66990422014599,0.214421037131105,0.373842148460403
"CCDC47",0.235579355617847,7.59934116811447,1.6688986310324,0.214541613066595,0.373927646381825
"ACTL6A",0.310923397513611,5.66479731626769,1.66237683476277,0.215209718891677,0.374967066882266
"HDAC6",-0.399328085757625,5.62900118896202,1.66297100538639,0.215336603829543,0.375063121698442
"RABEP1",0.266640627503812,6.13799852098842,1.6555916200785,0.216124470156301,0.376309995172214
"RAB3IP",0.19741202489952,7.13625025780195,1.65591157974826,0.216305840851796,0.376500376334445
"SLC29A1",-0.210787222240874,7.74876638514402,1.65398703469558,0.216505974839804,0.376723279123719
"PRPF19",0.25947459544934,6.3268020072047,1.65270304970695,0.216700078781438,0.376935544689044
"ERCC3",0.280364544701223,5.84731570318301,1.64743909212,0.217180266365244,0.377642950554839
"CCNG1",0.298312602460905,6.51586801143795,1.64772130646189,0.217251263118117,0.377642950554839
"GSKIP",0.420685562379042,5.84860438208204,1.64517277012018,0.217580515331613,0.378089545757427
"MYEOV2",-0.206417665683915,7.1638471673149,1.64830480092218,0.218425360289527,0.379431491602976
"UBE2M",-0.269312899052321,6.3409431051524,1.62593262524138,0.218706404295753,0.37977111718085
"FRYL",-0.391545536551727,6.10612527081384,1.63636395512155,0.218800946543225,0.37977111718085
"STT3A",0.28619579061031,7.17465401189734,1.63640665986603,0.218891152053972,0.37977111718085
"MAFG",0.271183015564247,6.47016327216438,1.63537922755138,0.219010016720433,0.37977111718085
"PRDX3",0.182908503105829,8.59678291161751,1.63528349531368,0.219014875425531,0.37977111718085
"SERBP1",0.198558704511017,7.6219979406082,1.63484376123242,0.219056804725514,0.37977111718085
"METAP2",0.274365775443243,6.70307064028941,1.63458354646963,0.21914072679806,0.37979064289571
"CERK",0.21523814670343,7.53937329324879,1.63281860619546,0.219357928373933,0.379971815881794
"GCA",0.371394430828452,5.9516239192469,1.62497480021333,0.219390652445237,0.379971815881794
"ARL2",-0.205062858260012,7.62258136219512,1.63102759774677,0.219571460410404,0.38015900084968
"SEPT5",-0.501115200306325,4.8784960173898,1.65938004686492,0.219890117649088,0.380461758071299
"CRLS1",-0.267946398075464,5.30994843525902,1.62894127356269,0.219891901881269,0.380461758071299
"EIF4E",0.260933025692091,7.2427692416028,1.62745123664403,0.220084197085014,0.380668463985231
"CMBL",-0.256404348540712,6.26385300895227,1.62146914417948,0.22015965745922,0.380673016718273
"HNRNPF",-0.239265904776437,7.47737731718206,1.62295638783501,0.220661085953419,0.38136458139749
"TUBB3",-0.376573838107568,5.9676244523896,1.62223741721768,0.220705540219516,0.38136458139749
"MAU2",0.406446974150216,5.55650683790966,1.61260224857579,0.221028024321506,0.381795599183249
"ASCC2",0.299462317358846,5.49769763551067,1.61643369025673,0.22146305758146,0.38242068119534
"HOOK2",0.250208141319778,6.13372541404447,1.61434188609296,0.221584105519709,0.382503341991915
"ACP1",-0.172057954467918,7.62624016011351,1.61408646937615,0.221873199474192,0.382875937158007
"RSRC2",0.237183209026075,7.1354436456934,1.61182110805852,0.222199412347096,0.383111518941486
"VPS16",-0.399615906908276,4.86545652059454,1.60969756615122,0.222217248734671,0.383111518941486
"NKTR",-0.251545102720572,7.04522834498647,1.61160402206299,0.222229601192,0.383111518941486
"SMNDC1",-0.302952316734208,5.22925142203804,1.61055564577664,0.222444004661275,0.383354702395148
"WDR61",-0.288354014175171,6.42981844773333,1.6087323833633,0.222673733633595,0.383624128445222
"NCSTN",-0.229608848113382,7.18164778387666,1.60722451587851,0.222854530916291,0.383766026729666
"SAMD1",-0.407787422720705,4.17764516408948,1.62405813984649,0.222971493767727,0.383766026729666
"SH3GL1",-0.307164452897468,5.31930135935082,1.60641813418234,0.222976357983164,0.383766026729666
"APIP",-0.325239052292787,5.59334977691491,1.59402826804893,0.22390591606562,0.385239046502631
"ECE1",0.20645778588852,6.67860881336315,1.59800609049613,0.224011920099295,0.38529460558046
"IREB2",-0.272876852905029,5.68436350473128,1.59329113225245,0.224582078930384,0.386148199529314
"PHB",-0.21132110400903,6.83544605040499,1.59066802109113,0.225112850768008,0.386933532050107
"ANO10",-0.333919590215317,5.14842116195527,1.58909065385964,0.22543960513496,0.387367789625389
"VAMP2",0.146593784910863,8.80463728355938,1.58738965944311,0.225563473009104,0.38743192461213
"UGDH",0.35384604890081,7.50880998066609,1.58701585722096,0.225625172856194,0.38743192461213
"GATC",-0.3748450370234,5.15274369509421,1.58627236662861,0.225751196493393,0.387443566873904
"KDM3B",0.310537160632043,5.27834427680185,1.57300111906098,0.225864862091409,0.387443566873904
"KAT7",-0.299593549614965,5.67484362827741,1.58403845547813,0.225902472513769,0.387443566873904
"DNAJB14",-0.308928010889277,6.3381204408622,1.58508740817823,0.225928446878068,0.387443566873904
"ARFGAP2",-0.276408582826141,6.33014820902523,1.58378200027818,0.226135440258478,0.387671350026587
"TEAD1",0.25679939703939,6.39630288388145,1.5796575040953,0.226510108566276,0.388093386194306
"FOXP4",-0.272546359688046,6.25320751624262,1.58080217096266,0.226530116946399,0.388093386194306
"CCNK",-0.261524947197519,5.40331740145347,1.57892215155652,0.226645109824069,0.3881407365887
"LEPROTL1",-0.230078157597555,6.47967638061933,1.57941023569952,0.226726860047512,0.3881407365887
"SNRNP27",0.213429507124393,6.37223644342971,1.57581699774529,0.226822865820649,0.3881407365887
"WDR77",-0.403668317208678,5.11659081083626,1.56494289808099,0.226854782911513,0.3881407365887
"AKT1S1",-0.25441357598838,5.74374042376417,1.56933823544961,0.22726030897407,0.388495377849727
"RALGDS",0.204145114774881,6.29817179419149,1.57528243177948,0.227300598802607,0.388495377849727
"TDP2",-0.343998495864763,6.56471559318157,1.57468568643924,0.227339883450272,0.388495377849727
"SSH1",0.315254063842185,5.58787514625346,1.57188609229111,0.227430174150347,0.388495377849727
"PRUNE",-0.280183598629398,5.97407667961062,1.58205185932857,0.227433682077705,0.388495377849727
"POGLUT1",0.345394470952222,5.90193830235861,1.57037587117415,0.227509872446464,0.388498563632038
"LMBR1",0.337917644057071,5.3485615714479,1.56530843308399,0.227624097287435,0.388566674239523
"MID1IP1",0.2816478980947,5.20645993679952,1.56638128822933,0.228432898152021,0.38972427512121
"TEX261",0.308845892021936,5.81632190641273,1.56417547093863,0.228451344742948,0.38972427512121
"SUMO2",-0.169163314558621,8.30319973768695,1.5658712599755,0.228575721679364,0.389790975883733
"TMEM203",0.366665538790982,5.28184382444529,1.56475224791786,0.228639589068208,0.389790975883733
"GATAD2B",0.252953827611315,5.63976112733233,1.55977429309415,0.228856542622096,0.390033631654939
"KPNB1",-0.17656790118162,8.06034545272509,1.56315691879785,0.228961977679564,0.390071725898521
"SUB1",-0.163157758579041,8.05377324752779,1.56269796113746,0.229028147461749,0.390071725898521
"EIF2B1",0.333090366794682,5.74959961206432,1.56072348888432,0.229222057942942,0.39026233455937
"SEPT7",0.214040444470197,7.35273678977166,1.56085241383853,0.229289387685446,0.39026233455937
"DDX19A",-0.308070347700736,5.46467949300085,1.5557680535147,0.229601165452108,0.390595932754995
"SPG11",0.242436454337598,5.80361822134611,1.55243283625304,0.229695322673947,0.390595932754995
"RABL3",-0.29665641647132,5.77889296805516,1.55011380777084,0.229709565197791,0.390595932754995
"NDUFS5",-0.182024874342344,8.62522671931816,1.55581048756352,0.230008403756307,0.390976886645273
"SHROOM1",-0.28910135034211,5.23368839271884,1.54887547164313,0.230451851832617,0.391603325594632
"GATAD1",-0.250234350380868,6.42198250945101,1.54724957009647,0.230882465169066,0.392207554578716
"SORBS2",0.198848926845453,7.0367009708093,1.54526508040069,0.231577836781575,0.393260998329205
"RNF7",0.169904551204849,7.26670289760638,1.54444505911882,0.231660840091609,0.393274183552726
"NSF",0.233930737494806,7.02907238809578,1.54203188166862,0.232056544508348,0.39381803835881
"GTF2A1",0.274498399774716,5.59252354392447,1.54116047155478,0.232176609568943,0.393893910489083
"SYAP1",-0.221947018814375,7.05839644026426,1.53642767240109,0.232845588456961,0.394900678411596
"SPTLC1",0.235855227251852,6.04900850126929,1.52042996550731,0.232969075383384,0.39498195167984
"SAMM50",0.289842125965175,5.34927597845371,1.52930557114073,0.2332841681625,0.395370387489677
"CHCHD2",-0.141366402493177,9.54829158253801,1.53267528682277,0.233349463440913,0.395370387489677
"EMC3",0.288182110097791,6.51055037729474,1.53071566231598,0.23364822710205,0.395748309482311
"WSB2",0.239118896565281,7.65683238438696,1.53000469989333,0.233769713855269,0.395798588847317
"PCSK7",-0.360101464033183,5.8713395669382,1.5178960268746,0.23382935572231,0.395798588847317
"PIGU",-0.275551574661743,5.73752991681017,1.52782750511958,0.23417396269214,0.396172256463901
"TMUB2",-0.248434155804695,6.05068831469232,1.52653646474543,0.234240132562664,0.396172256463901
"GTPBP1",-0.395500877397893,5.38342240866055,1.52648514003889,0.234367393178584,0.396172256463901
"MRPL40",0.229920340777785,6.79272284471805,1.52586644715854,0.234393326212768,0.396172256463901
"CHD6",-0.266829224530136,6.02886947716342,1.52339635422079,0.234429077720077,0.396172256463901
"MDH2",-0.17986322718398,8.68115874667761,1.52464954812209,0.234525825972961,0.396182817058891
"SDHAF2",-0.203034843108584,6.55653658510133,1.52446893494635,0.234586917696053,0.396182817058891
"FTO",0.328276150946603,5.95608900966178,1.55339758053985,0.234886403335018,0.396437951038178
"FARSB",0.311825179069733,6.70042697578221,1.52228754614954,0.234944817067814,0.396437951038178
"ECHS1",-0.164333364967666,7.39092511783366,1.52169041040734,0.234971082681487,0.396437951038178
"RPL37A",0.121440276251968,11.6115020909119,1.52112409263662,0.23504136412231,0.396437951038178
"PDCD5",-0.242889028488319,6.65615890591172,1.52088777501552,0.235133312780572,0.396465105130339
"SEP15",0.209106717334397,7.63339780420976,1.52750325875334,0.235255522475059,0.396543249267054
"IFNGR2",0.226357469194484,6.38452478265637,1.51836438387776,0.235516128171071,0.396854546083234
"TRPT1",0.286451647879556,5.50090996005622,1.5110149511538,0.236283024080034,0.398018487549577
"NPRL2",0.313343804948792,5.65638247363719,1.50874210785904,0.236413767645252,0.398110426379424
"AMZ2",0.258058111653838,6.77539409190713,1.50895144913486,0.236897228026598,0.398796074362328
"STAU1",-0.196191255868701,6.99055557729526,1.50419314895407,0.237600416296224,0.399745252702233
"RPL36A",0.408092360174669,9.48122838611602,1.54545568185316,0.237614023368249,0.399745252702233
"GNA12",-0.335356372096969,6.28590111043078,1.50048447608827,0.238136638036726,0.400495562103592
"CHD9",0.228575761687821,7.50396269107833,1.49915555111229,0.238342256410048,0.400712439451696
"ARVCF",0.279660944316692,5.45116767621703,1.49594876352859,0.238667551667739,0.401130319153463
"MOB4",-0.313558196174336,5.34505905995212,1.49398115961418,0.238904661268879,0.401399763565552
"RPRD1A",0.248767617870925,5.92692212184668,1.49212537145336,0.239442417875584,0.402174009715834
"CELF1",-0.214546091278789,7.57409989466592,1.49082071604062,0.239574424024726,0.402266467837213
"CREB3L2",-0.328367140154176,7.15989748683582,1.48961388615417,0.239789113343479,0.402497654285924
"RAVER1",0.330040719353701,5.26306326671565,1.4862918027581,0.240311749758634,0.403245430493862
"EPCAM",-0.16471504681283,9.25800251557147,1.48363574307829,0.240648218796901,0.403680436345123
"MRPL35",0.475984856963742,5.33957812866994,1.48026604334584,0.240831216637391,0.403857802169921
"PNKD",-0.311894603183584,5.76548550177303,1.47341079719139,0.241726437475116,0.405229021386283
"TRAPPC6A",-0.31803099821321,5.036645954149,1.47894626118874,0.242508411765036,0.406292503526804
"ITFG1",-0.238022663085916,7.42292594290453,1.47172728996393,0.242516282954587,0.406292503526804
"SLC16A12",0.307527278910878,5.80674556039425,1.46747234540194,0.242658508698077,0.406379174466596
"EIF2S2",0.218777371519401,7.56399621701794,1.4701199122575,0.242723509218426,0.406379174466596
"DRAM2",-0.334308280361091,6.33409651652069,1.46865526804758,0.242892289311196,0.406531538978426
"TBRG4",0.417011347061587,5.18778924298557,1.46570415219092,0.242980293629173,0.406548653905149
"SPECC1L",0.361228428363374,6.3002164421401,1.46609628528097,0.243159715023734,0.406657673121347
"ZDHHC6",0.312430900568622,5.46696145060558,1.45942102052925,0.243336249526381,0.406657673121347
"KRR1",0.284610499293774,5.54494247940815,1.46204748923983,0.243347257881179,0.406657673121347
"MFN2",0.299070280732109,5.74940701633344,1.4655524345799,0.24335664846443,0.406657673121347
"THAP7",0.325189325863644,4.977586191829,1.45184829515195,0.243496484611116,0.406761305548834
"NELFB",-0.371259138746099,4.63764536297187,1.48063588429757,0.243597798961599,0.406800541588587
"AKT2",0.320170361897473,5.42426759149792,1.46028237427415,0.244005992477152,0.407352067287791
"NET1",-0.267427829680511,5.42616474460247,1.4569545146783,0.244599318693743,0.408212209071582
"BOLA3",-0.238551312666118,6.41456200924128,1.45573229505409,0.244973401872953,0.408706023488646
"KLC2",-0.29649604085509,5.12347383576586,1.45375612406426,0.24521952736315,0.408986110251175
"EIF2D",0.264050643942005,5.60635468135372,1.44773154082798,0.245887682383905,0.409969670118236
"TIMM8B",0.202385133813254,6.82700023052133,1.44912609317987,0.245989998598031,0.409987636549222
"H3F3A",-0.229670005890185,9.695187567704,1.44599364350525,0.24607583021297,0.409987636549222
"TMED7",0.182513525369005,7.59799789358787,1.44773700996085,0.246186811841926,0.409987636549222
"RNF11",0.263887363112161,6.81695882528046,1.4478587520959,0.246212204156879,0.409987636549222
"ARID1B",0.23125995538744,6.09009470302618,1.44676879041901,0.24630604353085,0.410013276922215
"FUCA1",0.205607202860771,7.12906402733555,1.4372105846052,0.247885734174488,0.412511535348631
"UNC79",-0.370797202206825,6.05821606298429,1.4224654120121,0.248039572170091,0.412636169233949
"SZRD1",-0.226295372055314,6.65024768164174,1.4343359142711,0.24831202425362,0.412957986246793
"COPA",-0.190000870981301,7.82371877615053,1.43364616197382,0.248402825302247,0.412977597918208
"TWF1",0.225626138142585,6.44189325080395,1.42755633088302,0.249432549288053,0.41455769002501
"XPNPEP1",-0.281829905532075,5.48778504463538,1.42659387962417,0.249533481467946,0.414593613360762
"ADD3",-0.248786131988324,5.79731372799117,1.41884265850853,0.250562958041675,0.416171776829945
"PHAX",0.355281200831096,6.42357345902451,1.40923743635012,0.25106475790445,0.41687277305164
"XPO7",0.253882761938066,5.79718947072049,1.41572832935863,0.251151005683308,0.416883552463212
"KDM5A",-0.258777771081654,6.82999563233645,1.41566647448805,0.251259583945612,0.416931379455148
"SLC39A7",-0.224534566983543,5.92967553567361,1.41208089027209,0.251924312323172,0.417890452706376
"MED14",-0.28443189359562,5.49249861122189,1.40257244862906,0.252003141276115,0.417890452706376
"ELOVL5",-0.212714114227811,6.92015039380092,1.4108516879383,0.252077405277062,0.417890452706376
"AKAP9",0.217483140012881,8.23108826037348,1.40947380475979,0.25232051800098,0.418149745468606
"MARCH5",-0.426190142050703,5.29652573175895,1.40756503424887,0.252393810398594,0.418149745468606
"POLR2G",-0.223952041461555,6.69369107326996,1.40284188843088,0.25337235155822,0.419637921924846
"NEU1",0.261057003233507,7.81169654280147,1.40132637604143,0.253589629360167,0.419850495385445
"ZMYND8",0.21222821282455,6.60970093722195,1.40095849833843,0.253661347699873,0.419850495385445
"USP10",-0.373391300807741,5.96228760577278,1.39899444788393,0.254046882996018,0.420355510421078
"YDJC",-0.418457221753991,4.99098799355996,1.39834732851704,0.25414098396889,0.42037814025487
"MYO6",-0.209707256320826,7.25356611249685,1.39746570421524,0.254265381503247,0.420450853880882
"ARIH2",0.235130982227323,6.80899457472373,1.39679177707095,0.254356902010721,0.420469173564213
"STT3B",-0.227203121933503,6.3979567740133,1.3954076622812,0.254456935904439,0.420501550418116
"BMPR2",-0.317885814875787,6.19468099522863,1.39303014955702,0.255000554947736,0.421266719567578
"ATG5",0.31687296750212,5.67431107715537,1.38463303416115,0.25575835961898,0.422268725852592
"ZFAND2A",0.327299128296919,5.36114365779146,1.38873256585666,0.255792536601391,0.422268725852592
"FAM168B",-0.259253740815589,6.27370608183445,1.38785927484177,0.255849446102001,0.422268725852592
"ACO2",-0.225237215080238,6.15804751011685,1.37311862585194,0.256433961992776,0.423099848275328
"CISD3",-0.259595790703813,5.99045442463655,1.38946819655767,0.25668370522385,0.423250728890244
"ABCF3",-0.28747572597668,5.50148314055116,1.38256414523349,0.256687356147326,0.423250728890244
"ATF4",0.209642291349853,8.09861917925853,1.38095162493297,0.2569310481243,0.423453866652045
"PPIA",-0.154188611844977,9.78857261177444,1.38062717937533,0.25697257796447,0.423453866652045
"CYB561D2",-0.303694522182777,5.52923220483934,1.37905132375422,0.257167578002917,0.423641642048928
"RPS6KB2",-0.281638730924936,4.95116400951679,1.38524479759431,0.257372332078136,0.423845362247138
"SLC25A3",0.173423524379492,8.57586322846487,1.37507361004867,0.257896053457607,0.424571248899115
"TBCA",-0.170409244674643,8.36860673372612,1.37459101957246,0.257975566578073,0.424571248899115
"SIKE1",0.292417814657938,6.07608944990825,1.37397758546305,0.258195930281605,0.424800166062937
"ZDHHC3",-0.327845092779452,5.36151994440611,1.36834791477261,0.258766780628027,0.425536763552031
"KRT18",0.249022943746694,6.44901780847491,1.36979735424463,0.258806460939718,0.425536763552031
"STK25",-0.240290470414996,5.95984102819048,1.36831362222546,0.259041041307224,0.425733430443806
"POLR2B",0.19170579106917,7.01966641762688,1.36819405690507,0.259088969244642,0.425733430443806
"TOR1AIP2",0.29857737925065,7.72343090555574,1.3659488559903,0.259451719147516,0.426195517279719
"YIF1B",-0.273103706484521,5.80437831442682,1.36415099645973,0.259673171026272,0.42642527959608
"USP48",0.275243991406357,5.94850040753106,1.36284088852328,0.259772555285284,0.426454505802821
"METTL21A",-0.273024490694352,6.01711138588976,1.35497874819164,0.260154032872107,0.426945185024668
"PNMA2",0.254419033602189,7.25127881678043,1.35128967634221,0.260234811457546,0.426945185024668
"EIF2AK1",0.244830559966612,7.37984400507507,1.35946108361773,0.260540295580901,0.427312245058478
"SLIRP",0.165083211559148,7.89877526814431,1.35593207497306,0.261109235062879,0.428111032519971
"UTRN",0.351721364952106,5.46823749308532,1.38752345142021,0.261334295322971,0.428300583503123
"UNC13B",0.369153655621546,5.98294327677853,1.35321918856275,0.26141187512817,0.428300583503123
"MRPL14",-0.188702285073852,6.4595310909826,1.35367289242224,0.261531687481257,0.428300583503123
"VPS4A",-0.220053539589265,6.44505774399969,1.35354436063344,0.261552604274338,0.428300583503123
"CHD3",-0.198587095589018,6.59634640033033,1.35085565013616,0.261930487686487,0.428785048273494
"CLPP",-0.192417834217016,6.36043109158389,1.34892565250884,0.262344785492186,0.429328802056248
"FAM53C",-0.306953235050788,5.71835438363742,1.3444347485608,0.262817660976121,0.429968048175957
"SLC4A1AP",0.289627555051389,5.63568964990087,1.34075974694389,0.262973974112937,0.430089162292967
"CTSA",-0.215215616681905,7.89370147751548,1.34358360833791,0.263279756635328,0.4304545786465
"UBA52",-0.127728121908354,9.96726467038326,1.34233300255048,0.263413543117314,0.430538645989432
"ZFAND1",0.278198561102065,6.16674277870525,1.34034673367914,0.26363032405267,0.430758269403973
"TRO",0.337552776985576,5.36694816499014,1.33007360215947,0.263932506510576,0.431002938760259
"RNMT",0.316856498000239,5.52482039546773,1.33326693484826,0.263960675812858,0.431002938760259
"TNFRSF1A",-0.190176760224627,6.7597364504275,1.33848861430262,0.264100298586908,0.431002938760259
"EIF5B",0.170100139122138,7.5258947689795,1.33787538158626,0.264200687363869,0.431002938760259
"LSM10",0.26233189767351,5.93372713736809,1.33827204931862,0.264218363661206,0.431002938760259
"MRPL46",0.30846319227355,5.5022821096044,1.33156490079302,0.264274807485485,0.431002938760259
"GLO1",0.224951466699403,6.7930200639399,1.33466858705904,0.264814419892167,0.431748275975158
"ENPP2",-0.301221477051676,9.14113134815155,1.33397362230874,0.265042169061422,0.431984851164344
"ATP5G1",-0.174685196865296,7.34885585821801,1.33838913658703,0.265180521739581,0.432075619430421
"ATP8A1",0.454151377206632,5.94063644374333,1.3212422892446,0.265547277194703,0.432467691655879
"DDX17",-0.143645980155295,8.62420991579093,1.32971616770433,0.265586625256432,0.432467691655879
"PANK3",0.382564083069477,5.42113478784087,1.32599768690252,0.265744277998693,0.432589642198434
"FBXL5",-0.267594326095161,6.67749655711602,1.32643824973444,0.266245091902669,0.433269954973615
"LRP10",-0.201495299019501,7.89130481579689,1.32500473024081,0.26640255217544,0.43334799187482
"TRIM44",0.20005364152203,6.75637674180295,1.32448418250811,0.266531587996942,0.43334799187482
"GTF2F1",0.278434415809492,5.62811810188077,1.31532900251263,0.266541762746805,0.43334799187482
"TSSC1",0.337507252939179,5.27628587205743,1.32756615693609,0.266896863580475,0.43379039363655
"TMEM199",0.236263623709148,5.32950508866231,1.32024079608959,0.267224709216873,0.43418823595791
"DUSP11",0.274463336147523,5.63104191909785,1.31882736191824,0.267374506801548,0.434296627424391
"SDHC",0.180428939163168,7.12546041769698,1.31722645381554,0.26776840505342,0.434801321284321
"EXOC3",-0.317687560663726,5.07531177682095,1.31538028125188,0.26803541643204,0.435035457075813
"RPS8",0.124245593621135,11.0669750957829,1.31536237927789,0.26807905246627,0.435035457075813
"MGAT4B",-0.30452189733209,6.54375580733759,1.31492589273678,0.268178460696913,0.43506170517156
"SGSM2",-0.335203552673004,5.8489882993808,1.31239190195153,0.268566140055967,0.435455589806965
"TUFM",-0.161219188655037,7.48971566548103,1.31250996144823,0.268587874791975,0.435455589806965
"PPHLN1",0.230655679113807,6.36888583439992,1.31244712536195,0.268671419363385,0.435455971786795
"CAMK2N2",-0.389549352042673,5.64092545423798,1.30589937487112,0.269795013551434,0.437030807227057
"IMP4",0.236441643356448,5.78836489626136,1.30543079467006,0.269810295565662,0.437030807227057
"SNX19",0.267179096669099,6.12141438493111,1.3043140410785,0.270090781690695,0.437307083256902
"TRMT5",-0.267622122442305,5.25593190884785,1.30121604633785,0.270148186691513,0.437307083256902
"IFT57",-0.223700180377312,6.24240549200835,1.30189862073805,0.27051904516587,0.437707173066093
"PLA2G4C",-0.315456764256849,5.69623390631465,1.29855453258697,0.270562823068021,0.437707173066093
"PRELID1",-0.26373561116421,5.73664543473737,1.3010238606721,0.270695832866024,0.437786855937719
"UBR7",0.345594898349041,5.24038290799172,1.29128194320042,0.270851870840135,0.437903720656166
"PLSCR1",0.305107205398933,5.80666319928098,1.29730017641723,0.27115841926784,0.438263777833334
"KIF5B",0.158055917197403,8.1227494846693,1.29738424795933,0.271269912119015,0.438308448422285
"DDX3X",0.2181479163099,7.26497897191183,1.29426766164934,0.271600115867423,0.438683173022888
"COPS3",0.22747788675982,6.74311428653604,1.29492141057573,0.27175201787004,0.438683173022888
"UBE3A",0.195728433188178,6.63246222954339,1.2949604069694,0.271753609000978,0.438683173022888
"PRPF31",-0.260907175731762,5.48090860261642,1.2922309284624,0.272045555166044,0.439018869049989
"VRK3",-0.30534307352044,5.65764220167635,1.28605541918593,0.272322722568262,0.439269754802063
"PVRL1",-0.430754571270102,5.65102372271774,1.2970936002858,0.272425236530956,0.439269754802063
"MSANTD4",0.318504007314333,5.35293213551004,1.28588501870251,0.272453136611496,0.439269754802063
"ELP4",0.22349034420227,6.13539552800101,1.28292459052345,0.27287226914178,0.439809852236844
"USF2",-0.228472189028874,6.67321394896447,1.2867993161659,0.273180404897822,0.440022580658156
"PWP1",0.299722642936158,6.054892880131,1.28171746458328,0.273248340220268,0.440022580658156
"TM9SF4",-0.237046289583902,6.0400851413748,1.28644344985221,0.273256800615339,0.440022580658156
"TMEM263",0.260820498347182,6.98761693668179,1.29707441480922,0.273641640552721,0.440267218096887
"PTRHD1",-0.266940729482386,5.11397165053732,1.28166891790857,0.273662966293575,0.440267218096887
"MRPL52",0.273280619475849,5.58149626429591,1.28389519798902,0.273713788114308,0.440267218096887
"DAXX",-0.286966787568851,5.52414574501695,1.28117199251031,0.273745639719702,0.440267218096887
"PUS3",0.236414984538835,5.58383599816,1.27899355533302,0.274188884794961,0.440844448115429
"GRB2",-0.200842128271466,6.58268581110796,1.28049005914312,0.274328556595846,0.440933384171736
"CDKN2D",-0.336994256829198,4.78289753448633,1.27922276881534,0.274563209284773,0.441174883163698
"EMB",-0.27852410450113,5.23490088433666,1.26817421598787,0.274931669859596,0.441537048242769
"UNC80",-0.268630863553169,6.45326551565109,1.26506003113116,0.274957545825562,0.441537048242769
"PTPN11",0.213172486026166,6.7130960908732,1.27649526821752,0.275055288967107,0.441558352405119
"MRPL30",0.246090799485776,5.37531343590111,1.27200499512811,0.275523259892903,0.442173803948481
"TSTD1",0.194194170264385,7.65582261040661,1.2717648157384,0.27587673708606,0.442605188689023
"CSNK1A1",0.220295742135697,8.02395576426541,1.27108906544539,0.276010695484779,0.442684229916827
"HOOK3",-0.246700472804377,6.54468700464599,1.2698976526513,0.276133167762285,0.44274480610229
"RNF149",0.280138762396306,5.61079237156284,1.26616611558724,0.276314197957971,0.44289920660114
"FAU",0.111077329918212,9.99598296793073,1.26815322680883,0.276515718773861,0.442960529972857
"EIF2B2",0.360497070373658,5.49410571924313,1.2669183466987,0.276521945533084,0.442960529972857
"USP9X",0.257251325720632,6.71570052229455,1.26255127362184,0.276817591293837,0.443164604672697
"RPS2",-0.111262754035244,11.1581110950399,1.26610003713669,0.276890386751489,0.443164604672697
"SYNJ2BP",0.231565430031677,6.69296934130893,1.26636304303746,0.276903692148657,0.443164604672697
"PAN2",0.213536066250004,5.894667356504,1.26348027922438,0.277167441641659,0.44345093892285
"IFT122",-0.300355196726001,4.92746876232487,1.25235047413951,0.277817376270333,0.444162294221753
"SMIM19",-0.351889650861122,5.0672149689039,1.27336054261734,0.27782056509159,0.444162294221753
"ATXN7L3B",-0.233252758585652,7.04595641233571,1.26096166500423,0.27786697954948,0.444162294221753
"TIMM50",-0.223108582504811,5.75135688201625,1.25913801986576,0.277959254330638,0.44417395976345
"CPE",-0.218372031807916,11.9461846160392,1.25927759069688,0.278325231473216,0.444559051092021
"RPS9",0.110660353694019,10.4032656302669,1.25803315468138,0.278370341347653,0.444559051092021
"FAM204A",-0.215471898626888,5.83174907129642,1.25722260231363,0.278584977362596,0.444765936675104
"CHMP3",0.189749014931549,7.11489623057386,1.2545851687954,0.278925102789494,0.445172980849065
"PSMB8",-0.238781293481133,5.58454896882022,1.25017293571844,0.279678807851992,0.446239660757742
"PSENEN",-0.212358168302673,6.58696365133834,1.24961309420508,0.279960717143853,0.446553148767446
"BBX",0.16989573172222,7.51988305712848,1.24876931223964,0.280119648833156,0.44656955722803
"L3MBTL2",-0.247884987149602,5.40186555056286,1.24667843634425,0.280141874526633,0.44656955722803
"PI4KA",0.272968782555538,6.13339936004733,1.24661921463256,0.280244293731199,0.446596622967371
"BAZ2B",-0.208879919632141,7.22447946535766,1.24380607302957,0.280848689876643,0.447310212896624
"PKN2",-0.238641055195711,5.48502069634818,1.24366919365111,0.280863232968571,0.447310212896624
"CPB1",1.11323907227695,5.2971073447002,1.2870814414791,0.281026115878223,0.447433295064109
"PLXNA3",-0.24742557306076,5.35253509802096,1.24076532201967,0.281448511238048,0.447969356955322
"TMEM138",-0.286118095719375,5.73345866666709,1.23980393112203,0.281683188410786,0.448206400555001
"NDN",-0.213594704434365,5.81820430728874,1.23962978776575,0.281874172260617,0.4483737974456
"MAP1LC3B",0.176976772722394,7.47240179565954,1.23721571641176,0.282253241909488,0.448840187240917
"CCNT2",-0.242128902817552,5.95388613483426,1.2337232936063,0.282402280498,0.448940608322094
"LEO1",0.290191928391952,5.55491993770518,1.22197356913238,0.282720061968574,0.449278232353337
"UBE2V2",-0.193744247276137,6.9908513017663,1.23459566848128,0.282786566757696,0.449278232353337
"NCAM1",-0.296799505637637,5.77788783093464,1.22527779037738,0.282930273920634,0.449281221392347
"FDX1",-0.277865896989435,5.18535415302383,1.23368860597797,0.283019326632866,0.449281221392347
"LAGE3",-0.218273720730279,6.42303101299344,1.23310552189362,0.283046309937822,0.449281221392347
"LTA4H",0.264524287128938,6.32554589199905,1.22799960833315,0.283900145392059,0.450481466190634
"ZRANB2",-0.213969077301251,6.98730637856811,1.22830527259365,0.283974828983765,0.450481466190634
"RNF181",-0.20046959431345,6.22373930510215,1.22767641209008,0.284100201270685,0.450543614090373
"EMC6",-0.246448776596585,5.35179580767395,1.22100897441287,0.284740306726828,0.451402013322078
"MAZ",-0.21941850878262,6.21245661144745,1.2236978020451,0.284860910221334,0.451402013322078
"AIMP1",0.229465892941598,6.35328465502662,1.22327481874155,0.284900562837103,0.451402013322078
"NFYC",0.258642259298222,5.11765196510286,1.21944898231504,0.285433866172504,0.452109944995054
"ATXN7",-0.359773394364561,5.21173178290725,1.21629436089606,0.285671612850742,0.452349445734878
"NDUFV1",-0.204905985505731,6.31316462566388,1.21691751299859,0.285962028813553,0.452672175835385
"FOXA2",0.16454428487118,7.59038267258528,1.21662281471696,0.286145694557665,0.45273209159921
"RALGAPB",0.20935463715515,5.91689179305989,1.21526566564354,0.286173107067876,0.45273209159921
"RBM22",-0.294276103465103,5.67664615180837,1.21359002204404,0.286456422268487,0.453043182813126
"RNF216",-0.242538036359132,6.30188311965124,1.21331977256235,0.286734392124846,0.453140106122602
"PRKAG1",-0.270622987294818,6.09656390086117,1.21370862239604,0.286759700780247,0.453140106122602
"RBM3",0.234798111555944,6.90528605154292,1.21352322515457,0.286777782868484,0.453140106122602
"SLC3A2",0.164764410009233,8.58466115199019,1.21237362339821,0.286955094026323,0.453283250672587
"RPL9",0.139843655119139,9.5967256044111,1.21154817387808,0.287109351354349,0.453389903181022
"TULP3",-0.34006429163467,5.35466850378424,1.20827829440394,0.287688388853545,0.454167082010715
"NNT",-0.225785667219928,6.25927763436501,1.20107602117889,0.289200122433501,0.456415772934755
"NFYB",0.264644534453726,5.1908974324926,1.19905294635482,0.289355785602251,0.456523601371254
"H2AFZ",-0.173056943877203,8.3109851273518,1.19612286124968,0.290096911170361,0.457554784154338
"TMEM245",0.206077631291018,7.34744623660299,1.19468404340685,0.290408188361889,0.457907571815262
"CTBP2",0.266769417074928,5.37604359009291,1.19360091740372,0.290604155125678,0.458078383245453
"SV2A",-0.200936835653904,6.2662458327111,1.19191805266352,0.290957022235502,0.458496338626761
"INPP1",-0.239676399926469,5.40458763621512,1.19089567847736,0.291172354143038,0.45869737646343
"ARHGAP35",-0.306862996699061,6.05804772297912,1.18893602048683,0.29150131005638,0.458981152627551
"GSTO2",-0.208546464479394,6.41519219573571,1.1889815662096,0.291528109187578,0.458981152627551
"AP1B1",-0.250011463958388,6.76414438717673,1.18646659600331,0.292022248393643,0.459620684237751
"CTCF",0.232632966824709,5.78188760122386,1.18367212895462,0.292330316754433,0.459817082557638
"POLR3A",0.260213640501462,5.30728243347216,1.18326205935608,0.292384191193707,0.459817082557638
"PTPRA",-0.199992841260952,6.27888576029726,1.18447302828951,0.292429950473897,0.459817082557638
"TMF1",0.196955290509308,6.89824114341115,1.18378556167578,0.292520438443402,0.459817082557638
"GPATCH8",-0.214179070452892,6.24889431184392,1.17923533570251,0.292586879010274,0.459817082557638
"PCNP",0.166380489626408,7.58692416590992,1.18290891297856,0.292696425683619,0.459850981980245
"CDC123",0.255909144954401,6.4416340820382,1.18119702404181,0.29310609125686,0.460356231670555
"CMAS",0.233554773678344,6.83477100365204,1.17761247848706,0.293768586610831,0.461258156267592
"SIK2",-0.291203807907402,6.65025209859502,1.17412557759339,0.294460265336268,0.462205347421224
"CABIN1",-0.549544242597224,5.126960374578,1.16995452358416,0.294838553534705,0.462660197936326
"DNMT3A",-0.249799544791304,5.72956037789877,1.16657556785173,0.295210583781703,0.463104958411454
"WDR13",-0.196368145833466,6.19158983858023,1.16554993004704,0.295421704138813,0.463297103970469
"SRSF11",-0.160018264009558,7.87459206646107,1.16147033789415,0.296968599301396,0.46558334389574
"IRAK1",0.20291978901389,6.04765264633769,1.16097186488963,0.297094590369223,0.465641206554701
"SLC25A4",0.159475876191885,7.65282408210195,1.1595653669329,0.297342278645641,0.465889715371932
"VPS39",0.33353598077339,5.75332843958727,1.15371682625253,0.298542960770036,0.467595566197923
"COBLL1",0.281392637140326,5.74547152437783,1.15277808583008,0.298609910076271,0.467595566197923
"FARP1",0.327222237485104,5.50162623769303,1.14684058056862,0.299084840741913,0.468199000466601
"RAD21",-0.194486099095599,7.75402825558754,1.14855283810761,0.299577435129338,0.468487446436399
"TRIB1",0.234929592041886,5.67435646045564,1.14827014475861,0.299645310291739,0.468487446436399
"ZFAND3",-0.208338685094498,6.789086241263,1.14789108431044,0.299703106119321,0.468487446436399
"SNHG9",0.241984833986861,4.98691656804066,1.14740715171693,0.299745332477041,0.468487446436399
"PRDX5",-0.142270218649976,8.58444688112825,1.14756230504826,0.299764760902849,0.468487446436399
"EGLN1",0.2303599135122,5.55085542970341,1.14600816004451,0.299806869778028,0.468487446436399
"SAMD8",0.236198044255929,6.27905977679039,1.13610944788665,0.299999492794035,0.468648340954699
"LSM1",-0.198456237325138,5.8896664917713,1.14469750528983,0.300428443311297,0.469178211290156
"MTRR",-0.244510031158986,5.23747638955556,1.14005223334766,0.300594540907367,0.469236940531986
"DTX3",0.19471244615068,6.18921205355997,1.14330219082545,0.30068235937808,0.469236940531986
"TBK1",0.219395873157367,5.63880584959748,1.14226797284837,0.300735364603434,0.469236940531986
"GMPPB",-0.288206270306844,5.50269550371116,1.14077922337847,0.301220962198221,0.469689208513024
"PSMD9",0.235977032811073,6.37836469196107,1.14066743099026,0.301232072377905,0.469689208513024
"BSDC1",0.347775896797597,5.71773893257403,1.13906477426745,0.30129479933885,0.469689208513024
"TOX",-0.241224452035981,6.02397021347111,1.13950550389319,0.301470047042886,0.469755060366316
"GOLT1B",0.198884292364615,6.49445974478048,1.13942279593632,0.301516783533382,0.469755060366316
"TERF1",-0.278692318017188,5.50774541546209,1.13581324974842,0.301700670107264,0.469901490658721
"LAMP1",-0.141726664305554,8.93644800609188,1.13722859409787,0.301871876473488,0.47002809005866
"CETN2",-0.186482643437006,6.43260391399186,1.13352391100011,0.302679663397291,0.471145503447778
"TMEM14C",-0.169380622802986,7.10518847366739,1.13036468510469,0.303314318151134,0.471992837444471
"TBC1D17",-0.252952643471364,5.2538112980663,1.12148942468944,0.303661461979659,0.472299672884634
"VPS53",-0.253465044273747,6.35097210120812,1.12760423001266,0.303692213614933,0.472299672884634
"TBC1D8B",-0.304858303953813,6.55854974451399,1.12438340936722,0.303838098214243,0.472386002190912
"ZDHHC9",-0.280770096912193,5.36858908624059,1.12677702058955,0.304008957832818,0.472511098005395
"MRPL27",-0.196867956864367,6.59884955565858,1.12267945475991,0.30491852782112,0.473783931308262
"SGTA",0.263747345652398,5.71980150808811,1.11247213856365,0.305632138543768,0.47455839506388
"PPM1L",0.308809164691964,5.1351836689959,1.11506405529763,0.30563891798834,0.47455839506388
"RB1",0.236315084740367,5.76395991041832,1.11892763142681,0.305689327755899,0.47455839506388
"GPR107",-0.347929769673577,5.67806927173023,1.11106692475619,0.307391792690574,0.477059649760579
"SMARCB1",-0.208021082376823,6.21005241254519,1.11028230187945,0.30754945675183,0.47708508598731
"KCTD13",0.225531071887881,5.68076690170071,1.10755114294103,0.307590728864977,0.47708508598731
"COX14",-0.130491241104305,7.80976330944826,1.1091830480546,0.307716045403817,0.477137872834694
"BCKDK",-0.188155686794169,5.8147337237963,1.10732281515368,0.308173461317122,0.477705421798516
"EXOC1",0.261071835851014,5.4487228415796,1.09872221237691,0.308455794154901,0.47800131516385
"GNL3",0.239353120519698,6.74699963469498,1.10513879385113,0.308609649210189,0.478097995382827
"BRD3",-0.278210609795321,6.23440168676324,1.10350853722794,0.308927906886827,0.478449235347391
"FAM65A",-0.389611400001277,5.14238556499386,1.10686432087882,0.309246525368873,0.478541282772032
"PHB2",0.155407880302765,7.39144180280672,1.10194027285956,0.309253582237157,0.478541282772032
"PSMA5",0.189227429369972,7.09499048800476,1.10202825488052,0.309261996021413,0.478541282772032
"BRD7",0.19363019351181,7.18982219096062,1.0975835144595,0.310196504604488,0.479845258824403
"ABCA5",0.206329061652073,7.06203938913471,1.09634990340415,0.310430304281334,0.480064852212583
"CTSD",0.158423694429899,8.46616307260484,1.09578285060501,0.310562637818585,0.480127449830744
"MBD2",0.251253249310265,5.48946885789802,1.09321795592922,0.311140150167703,0.480878049948724
"DRG1",0.198787024282468,6.34124209782818,1.09237248061033,0.311353067619421,0.481040310299933
"MSH6",-0.23759544730504,5.64992197197268,1.09025208240227,0.311459473353154,0.481040310299933
"PPP6R2",-0.262247250377602,5.97065430483751,1.09088492584884,0.311668092473346,0.481040310299933
"HERC1",-0.212605856777657,6.44081983348258,1.09000039492313,0.311673881657257,0.481040310299933
"COMMD7",0.233382161720196,5.67811990099186,1.09032222827198,0.31176340158318,0.481040310299933
"VAMP3",0.144593833997656,7.25419869940819,1.09012878302686,0.311797316107934,0.481040310299933
"ZMYM4",0.222833603917929,5.82528088212287,1.08293261760317,0.312646587158576,0.482160004571708
"LYRM7",-0.206526897739442,6.65429650636329,1.07703560849252,0.31270755988102,0.482160004571708
"TROVE2",0.239366927011505,6.70272736467637,1.08392390992485,0.313066263956858,0.48257073479873
"MRPL2",0.281659390452288,5.46518509211424,1.08231439596227,0.313551178576899,0.48284346218839
"HADHA",-0.192703977422558,7.64301911786061,1.08168183793139,0.3136084427858,0.48284346218839
"MTCH1",0.156156083966817,8.35244758365461,1.08160306557412,0.31361170850351,0.48284346218839
"FNIP2",-0.155077544725587,7.35342948897521,1.08159131807954,0.31362398645527,0.48284346218839
"MAPK9",-0.232864026155137,6.38545106715626,1.08133794896613,0.313734336371056,0.48284346218839
"SP3",0.253452310190041,5.47266351618137,1.07696689827468,0.313966428055376,0.48284346218839
"MYEF2",-0.201666073977329,6.04858175164116,1.07941096874271,0.313980392031692,0.48284346218839
"PA2G4",-0.154971709127922,7.17986348169821,1.07994328246144,0.313982193988586,0.48284346218839
"ANAPC15",0.270036468016524,5.35121541115612,1.07773615768791,0.314199684926902,0.483035809739093
"GLTP",-0.253656214203752,6.50067579421012,1.07385485934487,0.315355563785913,0.4846702534281
"ANP32B",0.166875840122501,7.35413067865624,1.07009457224042,0.31613534910446,0.485677702315425
"RRNAD1",-0.291894663483826,5.51546163886119,1.0701090221371,0.316196904721521,0.485677702315425
"RAB26",-0.234024061071822,6.26946621576803,1.06282145290542,0.316323167214192,0.485728905707574
"DNAJC1",0.205121520398123,5.99739848843407,1.06778938737148,0.316646930600639,0.486083261747295
"TMEM222",0.236928794720271,5.45976043621215,1.06382463864409,0.317339823308653,0.486932760466778
"ST14",0.295381947438324,6.54549099448509,1.06426443091597,0.317437734954288,0.486932760466778
"BEX4",0.163680737755817,7.90648604990157,1.06371216639511,0.317545618002575,0.486932760466778
"MTPAP",0.256900445771232,6.5582109294792,1.05791316379329,0.317572944410034,0.486932760466778
"TSNAX",0.209238459486496,6.40558849061913,1.06051242199102,0.318044721601971,0.487513126045016
"DUSP8",-0.268209066879442,5.89757864602768,1.06091876024398,0.318206268756433,0.487617756314827
"ORC4",0.263619664402243,6.55029196296003,1.05736482079949,0.318435674149514,0.487739312726456
"HMOX2",-0.20765106985314,6.11125311746342,1.05939881052732,0.318472216249358,0.487739312726456
"RNF146",-0.316630193465955,5.25692962147727,1.05552588024772,0.319054580834064,0.48848807674858
"IMMT",-0.168085927659018,6.64565846000036,1.05435988836644,0.319645897200081,0.489219159664417
"STK40",0.263232270767194,5.88924101416316,1.05388002021864,0.319719274806514,0.489219159664417
"RNF34",0.256745284416692,5.9326299907544,1.05275509303654,0.319845117702023,0.489268489970288
"ILF2",0.15510393530246,7.49905756915677,1.04872440372081,0.320860892479593,0.490678725860395
"ARMC1",0.205150848668645,5.68861106730739,1.04634732049626,0.321289647028027,0.49116525411789
"WASF2",0.16246680661316,7.43000318328932,1.04645695267964,0.321366973231908,0.49116525411789
"ARPP19",0.137107347181662,8.26629328199928,1.04571457142466,0.321524656061169,0.491262606615531
"AAGAB",0.302805348968893,5.76136255127391,1.04445078889722,0.321688565677638,0.491369413441559
"COMT",-0.254962841082851,6.93159231391547,1.0423291323545,0.322317987188433,0.492004435707495
"UNC45A",-0.232624185728113,5.82736815514067,1.04198127556207,0.322390457014856,0.492004435707495
"EXOC7",0.210527758093428,5.71266877326438,1.03992935692522,0.322390833992211,0.492004435707495
"IFT46",0.235493007050298,5.93753855373789,1.04157583149622,0.322480810547901,0.492004435707495
"NCBP1",0.26300084619467,5.52925554546468,1.03322347053898,0.322725207980034,0.492233633531263
"SPTSSA",-0.224592261524627,5.76521639384994,1.03706218313599,0.323555904052033,0.493289838556866
"CLDN3",-0.203310073409334,6.94065170995006,1.0329012666026,0.323606438953796,0.493289838556866
"COX16",-0.282739111057559,5.66083233109187,1.03414727922614,0.323788598599697,0.493423616583271
"PNPLA8",0.213431007288537,6.33824473992729,1.03276882003617,0.324479812905618,0.494332842336831
"RPF1",-0.243634889142184,6.02889628911933,1.0316378509046,0.324757276552032,0.49455091951469
"MFSD6",-0.239991769104052,5.63907779771665,1.03134354788006,0.32481218800343,0.49455091951469
"KCNMA1",-0.147726013695805,7.57831730693725,1.03054591810781,0.3249580526053,0.494568076692323
"GPATCH4",-0.328152625510034,5.30663444965244,1.02821593895012,0.325012692450379,0.494568076692323
"ALDH7A1",-0.256820599603996,5.54812788756823,1.02229710555541,0.325463449551109,0.495109851805485
"ELAC2",0.281374482117033,5.24736023071283,1.02195426370148,0.326550549413546,0.49661906365569
"PRPF38B",0.21039794016775,6.5513492369072,1.02027278725876,0.327323474242714,0.497649738181112
"SMAP1",0.187553904755991,6.57659905038118,1.01579849892691,0.328368712276472,0.499093707202419
"MED10",0.210981552950053,5.73791055872577,1.01513271339318,0.32858885058141,0.499283116857277
"DCTN3",0.188370972926645,7.54451407033534,1.01217225096676,0.329181164071773,0.500037763616145
"ANKRD17",0.195980986701741,6.87902809735176,1.00985597444098,0.329637441063922,0.500484616476137
"SYNE1",-0.458063726768742,5.92691665845924,1.0096433516358,0.329666832700849,0.500484616476137
"TMEM219",-0.1426670365189,7.74515790585636,1.00848962707783,0.330033801059975,0.500896248008272
"MRPS24",0.212663253310282,6.12521902018243,1.01638633135488,0.330274750429945,0.501116435558004
"SPATS2",0.257611774872359,5.70251170642316,1.00493338171324,0.330524467273494,0.501215680286881
"ADCK2",-0.228817136965685,4.9308315883208,1.00641314398995,0.330560811961598,0.501215680286881
"ROCK2",-0.236063828269009,5.95243451769259,1.00625962422017,0.330627829659301,0.501215680286881
"ATRAID",-0.148151612429902,8.64723597881346,1.00529391702003,0.330774117787767,0.501292059633708
"TUBGCP2",-0.242152681070225,6.37245905726607,1.00302248297891,0.331353595491576,0.502024708299846
"PAIP2",0.166059709075805,7.74554915263365,1.00087793598753,0.331828626587227,0.502598734039825
"CFAP20",0.282565380836114,5.41251936459922,1.01468023751501,0.331987881975004,0.502694281310355
"MRPL32",0.189408474129263,5.95589718700172,0.99775033376948,0.33220868574724,0.502882942485035
"PRMT5",-0.274522284866626,5.04564623200521,0.998236073696724,0.332353490861997,0.50295648428942
"PDXK",0.199835701898146,7.05548639041246,0.997195369106588,0.332696071882122,0.50332919471139
"FAM32A",-0.19043994042717,6.57922340961462,0.993764203627601,0.333529542595165,0.504300511023952
"TSC22D3",-0.223976261910942,6.38076842642246,0.993453664163471,0.333602546216136,0.504300511023952
"DLGAP4",0.260733330809213,6.29037157834422,0.990827068195879,0.333627542973183,0.504300511023952
"SRI",0.232230292329499,7.0916384847554,0.990261599177159,0.334152499566753,0.504947995153344
"SIGMAR1",-0.199716001930576,5.6512199068938,0.990049164433879,0.33437332725384,0.505096554116366
"ZSCAN18",-0.203016011416426,6.42439297640495,0.989902564008494,0.334444073808445,0.505096554116366
"OPA1",0.243183688687586,5.92535095456408,0.988181180918334,0.334764025100891,0.505433725939445
"DNTTIP2",0.211256368597599,6.78501241681429,0.981928769397694,0.336239417259812,0.507514708061518
"PRKAA1",-0.220431838313584,5.4839952286091,0.977824896277279,0.336388743714089,0.507593522919614
"CALCOCO1",0.253045920442409,5.09932428807995,0.97877897143174,0.336563715464471,0.507710978566462
"KMT2A",0.201644140175727,6.7414436021838,0.988566562928142,0.336775682671873,0.507806918844193
"MDM4",-0.20472019313135,6.83471245999004,0.979350222779114,0.336821616153208,0.507806918844193
"SMIM11",-0.275042546384217,4.8993464207438,0.977985856764888,0.337093220817952,0.507991833534917
"CAMK2N1",-0.164020949832361,8.4615215926381,0.978400538509699,0.337138639857017,0.507991833534917
"OSBP",0.193765957115966,6.32226937618991,0.975594622939734,0.337855594505315,0.508884220424057
"RPA3",0.238383773798943,5.95276419690778,0.975261323329475,0.337925603422977,0.508884220424057
"ANXA7",-0.136130944916433,8.6285169377736,0.974697008004357,0.338028561852909,0.508892653457706
"RBBP4",0.187834356091774,6.7454067909801,0.972964810669352,0.338494745666376,0.509447749956277
"DYNLL2",0.207866079849446,7.07942995994203,0.971980823487664,0.338701785464468,0.50945301986935
"ESYT1",0.155608520755274,8.19803177347992,0.971792581403652,0.338730625083688,0.50945301986935
"JADE1",0.236265006830066,6.28747774354557,0.98007857094713,0.338790644167947,0.50945301986935
"YTHDC2",-0.201128015963744,5.46883443169758,0.965421985592252,0.338927788957438,0.509512669795953
"RAN",-0.149704222242688,8.32910601758046,0.970509576509759,0.339038829603329,0.509533054150834
"SF3A1",0.204119491494636,6.65197179993862,0.969011640934491,0.33942999173324,0.509974293414672
"ACADM",0.221783708174015,6.0335487149191,0.965094405133325,0.340357552048105,0.511002190681017
"JAM3",0.340514625181861,5.50301836210933,0.95988544741857,0.340490619442033,0.511002190681017
"APPL1",0.204800504700471,6.60673168409286,0.964174672984354,0.340570987547305,0.511002190681017
"RIC3",-0.196589762553774,5.93896426316497,0.963975860263432,0.34064497930926,0.511002190681017
"NOP10",-0.151809874487037,7.42696356467931,0.963559305655859,0.340730460823332,0.511002190681017
"NRBP1",-0.213506697671324,6.45885334069342,0.962849935047716,0.340934813847028,0.511002190681017
"PGAM1",0.143970513245638,8.32906161429737,0.96264133288021,0.340948235891691,0.511002190681017
"WDR1",-0.200747428926917,6.64941948310414,0.962664751867362,0.340975229930614,0.511002190681017
"CASC4",0.14664977713996,7.87968552030759,0.962266569280166,0.341044811460842,0.511002190681017
"TRPC4AP",0.230600500627339,6.30971322397008,0.961616424394924,0.341262610664549,0.511002190681017
"TMED10",0.13559752328955,9.37654913039494,0.960672797111457,0.341426261606457,0.511002190681017
"WIPI2",0.248332353565741,6.13349117891242,0.960648997039864,0.341450418052925,0.511002190681017
"PCGF3",0.205800144848505,5.58130896876649,0.959489089723184,0.34155245968034,0.511002190681017
"RMND5B",-0.269092280970228,4.90230165719798,0.959908416314521,0.3415745823268,0.511002190681017
"PBDC1",-0.208981211541049,5.57558229123883,0.957370805816296,0.341580572840917,0.511002190681017
"ACBD6",-0.299319631295417,4.99008495493754,0.963381558164114,0.341708640499449,0.511031274955954
"ABL1",0.290798589620461,5.11243550645761,0.958382921630844,0.341795549501821,0.511031274955954
"ZC3H11A",-0.198812221066099,7.30609354008483,0.956518166877586,0.342490251634027,0.511923518813572
"GPX1",-0.168790397381549,7.14644962763329,0.955359131098506,0.342740939390734,0.51215176963847
"SLC35A4",-0.230192866669751,6.41365734729346,0.955017770915404,0.342840608346939,0.512154289748343
"MAT2A",0.244608291684921,6.66165345962368,0.95263783177834,0.343431603055392,0.512890568334438
"GOT2",0.159619176559767,7.09105356434614,0.951573973608014,0.343693614490744,0.51313525362557
"ANAPC5",0.163947383363702,7.22965262143885,0.95078564375034,0.343916189110662,0.51324910165032
"UNC119B",-0.253597635147912,5.96656050974292,0.950585088388487,0.343966252741739,0.51324910165032
"PITPNA",-0.195552179222993,6.08309135803396,0.948131322572873,0.344297204788087,0.513596315475836
"CBX4",0.27449777210264,5.25355682345994,0.945744163899028,0.345141066415647,0.514708232283762
"KDM5C",-0.282459540980912,5.62033221249376,0.944966244945258,0.345312383543266,0.514816836503323
"GAK",-0.293725235248664,5.15941794237792,0.943515740121224,0.345418946075193,0.514828865450537
"SNRPA1",-0.223017708502919,5.41235180481193,0.943133885914758,0.345833770912533,0.515300205404734
"TYW3",0.274407543048048,5.56637110366816,0.938494961803118,0.346424526715096,0.515910741032401
"TNPO3",-0.2585173940008,5.95628469326706,0.940650616673765,0.346440922330922,0.515910741032401
"RPL8",0.0934312340392829,11.001153740755,0.938921741543486,0.346796890841158,0.516168638697027
"SEZ6L",-0.213483784855189,6.96117051240241,0.939054159586829,0.346811604955798,0.516168638697027
"UPF1",-0.249996524706518,6.27158348034453,0.937404952457482,0.34720335486673,0.516604593193395
"SFSWAP",0.202251361686912,5.1928104098204,0.934793135448124,0.34754477019097,0.516965427942004
"GUCY1A3",0.263833951260796,5.6193241319692,0.933383703221174,0.348436179083932,0.518143928327657
"HMGB1",0.12882447138988,8.69698934046037,0.930690251825308,0.348864562805894,0.518455202318066
"MORN2",0.297287308668407,5.44430689573683,0.930616775224878,0.34892236676717,0.518455202318066
"YPEL5",-0.202154341107878,7.31562223721912,0.930512358424435,0.348943065191306,0.518455202318066
"PRKDC",0.183562651688175,6.63223757767656,0.92932344491092,0.349170055290929,0.518645035238898
"MRPL22",0.282364363724775,6.4173690849674,0.927441239497844,0.34956691073177,0.519073214291576
"NCOA6",-0.21329454719347,5.78131191143578,0.925073383005993,0.349931519241637,0.519073214291576
"TARDBP",0.182661341898848,7.05786420070488,0.9262908721916,0.349995636281993,0.519073214291576
"ELF2",-0.212241770736094,5.47650194895995,0.925443204635974,0.350034013477413,0.519073214291576
"VPS29",-0.179431795454101,7.06434801253656,0.925936840162945,0.350049830660688,0.519073214291576
"FTSJ3",-0.303331976830737,5.11578580375576,0.92569422909909,0.350054157332658,0.519073214291576
"ARMC10",0.263964861988652,5.51178135965728,0.925146327713488,0.350288317714373,0.519273124416628
"MRPS30",0.251500136109795,5.12041778065188,0.920466293093011,0.350518627027758,0.519467213913834
"ORMDL3",0.239856997398362,5.65127057118723,0.920325990920777,0.351540251116941,0.520833586334539
"HP1BP3",-0.14275036497723,7.4655284671401,0.918236561889659,0.352044891430417,0.521305037799903
"WHSC1L1",0.197883713778076,6.19362132166348,0.921888037903234,0.352057926809577,0.521305037799903
"GTPBP4",-0.198981567919759,6.13707501732694,0.916604753384195,0.35243057151844,0.521709033510872
"RANBP3",-0.222441648777952,5.81098586541327,0.915100230768968,0.352878641293699,0.522224421869243
"YWHAG",0.168209060670945,7.25552522415732,0.914170419643972,0.353070512415189,0.522360477892497
"DYNC2LI1",-0.228084625982433,5.6900087116816,0.912562912844013,0.353190160375301,0.522389634488313
"SORT1",-0.206715443083012,7.39599080944102,0.912890555550079,0.353401500907898,0.522554355090688
"RNF20",0.19960459540305,5.71659483341473,0.910429206516285,0.353636363689646,0.522753753678106
"KIF1B",-0.230172056958975,6.13915609840745,0.908890226489745,0.354191265269357,0.523255162600345
"ESF1",-0.254325960657213,5.43428019953045,0.927488927502485,0.354218845083737,0.523255162600345
"KMT2E",-0.202197985001156,6.78231486026569,0.916725180299252,0.354389345655563,0.523255162600345
"IDH1",0.211900828332937,6.39028808386826,0.908272966490113,0.35444950166056,0.523255162600345
"UPF3A",-0.183418137004592,6.51613829381511,0.908661918250619,0.354525858566046,0.523255162600345
"TXNL4A",-0.146250808524585,7.68093908461927,0.907853423379461,0.354686105342615,0.523255162600345
"SMARCD1",0.26191934643876,4.8444345080424,0.907681591180951,0.354761029638689,0.523255162600345
"SPPL2A",-0.203644809539715,5.81755277301991,0.90772134303442,0.354776410226827,0.523255162600345
"EMG1",0.23498136370474,5.55585233232444,0.906451516116321,0.355035213246558,0.523489156456913
"EYA3",-0.196735577269143,6.69426305921837,0.903925167535223,0.355466853605335,0.523977790128337
"ATP5G2",0.145605442883337,9.39199483427483,0.907652558825696,0.355640308305878,0.524085675645566
"MKNK2",0.219646555504047,6.42379011381104,0.902482552149476,0.356059422037868,0.524555411215314
"NDUFB8",-0.13932227466425,8.80368334852213,0.901689599743418,0.356279633810775,0.524711313957099
"DDX50",0.18503143600098,6.1027462326514,0.90131177214042,0.356434380917268,0.524711313957099
"RPL22L1",-0.224182755559841,5.22450356621968,0.901025739908561,0.356539041212487,0.524711313957099
"CLK3",-0.228586259342164,5.5551645957307,0.900301816772373,0.35660014211421,0.524711313957099
"NEUROD1",-0.148731907189188,9.49212150156563,0.900195412879026,0.356667170172101,0.524711313957099
"FKBP2",-0.130837777336282,8.60833543722317,0.899336605491046,0.356896221604633,0.524900548769673
"TBC1D9B",0.194052965087663,6.59888138546488,0.897832379910349,0.357339274991296,0.525404329220677
"DSCR3",0.339391442205995,5.12080498337271,0.897780498920196,0.357909679826314,0.525861113988327
"EIF2AK2",-0.169453433811346,6.41488562685986,0.895597774442307,0.35794622532117,0.525861113988327
"NUDT16L1",0.192614813167678,6.11442402243799,0.895249736915614,0.357951758861769,0.525861113988327
"TMEM8B",-0.278811362378759,5.2119707377535,0.892219271424815,0.3584402941419,0.526430856274154
"PIK3R2",0.254187683814792,6.22412165835079,0.892962868671372,0.358595768305599,0.526511258689148
"TMEM50B",-0.231176587524745,6.17855493981077,0.890022213249653,0.359386183097223,0.52752361107812
"P4HA1",-0.240692055031447,6.23985577030282,0.8884087718959,0.359798553407757,0.527980639714303
"CGGBP1",0.183117272674656,6.49056572892347,0.887949186732571,0.359938858153732,0.528038285593477
"IFT43",0.253476258974503,5.59701632767854,0.885526877814741,0.360287658162913,0.528401680476304
"KIF13A",-0.277786563763641,6.4969234196348,0.883568171511545,0.361045943260296,0.529365258182769
"PGRMC1",-0.200930847420893,6.940534208947,0.882151425878206,0.361437862357336,0.529737519546457
"SPRYD7",0.21744260017559,6.00527895935303,0.88094107972617,0.36150253151372,0.529737519546457
"ATF3",-0.37880995173803,5.64811584896777,0.88120755336729,0.361751536609923,0.529953834602037
"SLC35G2",-0.210806623565325,6.08695965428226,0.879083716060093,0.362016875748328,0.530193950556602
"NIPA1",-0.311488693833943,5.24570634390995,0.878522226293409,0.362213373967126,0.53032268354878
"PAF1",0.223654339691327,5.40203453683842,0.876980627365527,0.362307691400936,0.53032268354878
"SMDT1",0.159786417613708,7.66570800484801,0.883426757007345,0.362978023719261,0.531155131573509
"DYNLL1",0.135970055059276,8.88928190816922,0.875411561994162,0.363198179361789,0.531328542827896
"NDUFA8",0.178520983006999,6.41905946119632,0.874912932925805,0.36331758142276,0.531354504224053
"SNX1",0.166983416859378,6.50491079056047,0.871521416484552,0.364246139203799,0.532563515977136
"MXD4",-0.253239339948596,5.29923106850579,0.871058326773647,0.364372376117852,0.53259910793289
"TPD52",0.170357171125792,9.01000101203883,0.870426754428018,0.364534643373708,0.532687330420568
"TOX4",0.155819011607953,6.82431261570383,0.869057062535504,0.364936836415165,0.532992529313926
"TRMT11",0.238343146874423,5.57286367227403,0.865484823965921,0.364947438763065,0.532992529313926
"UNC50",0.175924077940183,6.28184928895703,0.866240255267477,0.365684635354735,0.533831820820306
"TSPAN3",-0.160070402663413,9.02077576348573,0.865990979603928,0.365726372748712,0.533831820820306
"EIF3F",0.159985079449924,7.02590561525816,0.864922389433014,0.366037647023567,0.53413701311898
"CDK4",0.187810543734788,6.74629381082708,0.864492436931887,0.366162109299484,0.534169507482111
"CDC73",0.228709110369315,5.92421887275252,0.861828364580648,0.366268165280428,0.534175139486829
"IDS",-0.14041640604079,9.70778461676626,0.863045850504825,0.366521325231559,0.53439524881042
"MKKS",0.189896781874755,6.68645892733635,0.862519859733028,0.366713989112725,0.534527055519302
"TEX2",-0.210545248768693,5.32517621718538,0.860723079298076,0.366831050287156,0.534548619975178
"DPY30",-0.171001683672141,6.80837389984846,0.861310880334674,0.367032061779076,0.534570127483792
"CECR5",-0.315064026067111,5.00486501727051,0.864133143436614,0.367050351547604,0.534570127483792
"FAM96A",-0.178904348890296,6.32712123521273,0.863548105005629,0.367311724327342,0.534801778010868
"ATP1B3",0.259217566789213,6.58682323324653,0.857523641668045,0.368031514488061,0.535700564252045
"TARS2",-0.253574761883534,5.33968639500323,0.855455043283329,0.368383668032194,0.535970986398295
"NSUN2",0.237935875731672,5.59393323663054,0.85478555782493,0.368422375000779,0.535970986398295
"HDLBP",0.124503307004913,8.98800483811218,0.855594000940065,0.368546887204595,0.536002943633394
"PGRMC2",0.169055186061225,7.6641397015151,0.852154690876455,0.369502378708984,0.537243096943494
"AMD1",0.2287781389792,6.0867793579405,0.851608920392735,0.369705753119411,0.537308321914323
"TPM1",0.145184876898947,6.86617973388866,0.85106407730245,0.369806224984432,0.537308321914323
"YME1L1",0.192985356500077,7.19437810342112,0.850914311655967,0.369855623158166,0.537308321914323
"TIPRL",0.163274397070275,5.98357509835655,0.849531079535047,0.370166199945677,0.537610093669368
"MED28",-0.182050435257411,6.36742120854902,0.845163229672402,0.371460464321522,0.539295401973434
"EXOC5",0.208349093862047,6.36080980007566,0.844992246022075,0.371532952459601,0.539295401973434
"LYPLA1",-0.190659250289945,5.66308781626618,0.843575925104941,0.371911499342267,0.539695004736821
"TRMT6",0.204979940517546,5.4567358535791,0.84297194358794,0.372087573661021,0.539800651547643
"SH3YL1",0.149327303675195,6.52429975718641,0.839561282745726,0.37296523094208,0.540923768627706
"TLK2",-0.211550057033803,5.49316748465381,0.8384296459929,0.37312845637456,0.541010385983307
"FAM126B",-0.211585230272742,6.44527176534657,0.83793771078593,0.37334127161232,0.541168837137436
"RBM17",0.196735795783096,5.95982619506748,0.836930272816535,0.373579055482562,0.541363383145925
"FAM133B",-0.310279943400003,4.86889650617837,0.832721140785151,0.373771063053652,0.541491504041419
"SSB",0.216372914006516,6.90562721729649,0.836230452842147,0.373923909980123,0.541562836648962
"RYBP",0.221148529485848,6.90532253600321,0.834896324532224,0.374290056839415,0.54194297149574
"FBXO22",-0.228145589508257,5.07128648610847,0.823744933180323,0.377050101102145,0.545600056744052
"STAT5B",-0.222482357814826,5.82248899491912,0.824862116723818,0.377061985728994,0.545600056744052
"HDDC3",-0.237536790821371,5.51696561260911,0.824992432524547,0.377128946817727,0.545600056744052
"POLR2F",-0.164150545668006,6.77144032267186,0.823296013174741,0.377540386984267,0.545840418586353
"GNL1",-0.190493946832454,6.54710757097022,0.82302668387261,0.377621390104473,0.545840418586353
"LAMC1",-0.299015095123487,5.46198812498322,0.822602432932232,0.377658131803762,0.545840418586353
"UBE3B",0.211669287851122,5.61952532612621,0.820837628897594,0.377761106350773,0.545840418586353
"RPS10",0.101897452642728,9.93601064051614,0.822230909849417,0.377817224879553,0.545840418586353
"KRT10",0.138613595894203,7.54274300377513,0.8213728458777,0.378062754244697,0.546044215649912
"TAF6",-0.284519687849426,5.95027740255265,0.8200472878083,0.378493960162689,0.546427120328164
"CEBPZOS",0.24287431956756,5.44200558807633,0.826140476710568,0.378536943315149,0.546427120328164
"TPP1",0.193721442327026,7.71469977370492,0.816151598566327,0.379456155129695,0.547475996149749
"DDX46",-0.14835788060113,6.68456211305883,0.81652170184419,0.379473031193905,0.547475996149749
"ECSIT",-0.345955880744499,5.28122750580904,0.813204889461115,0.379631132119275,0.547552960151062
"ID2",0.153063512139545,7.56020180882753,0.815363487510908,0.379781250724202,0.547617863024951
"TMEM238",-0.275380091339106,5.04130656707704,0.815292274387416,0.379885665071451,0.547617863024951
"PTBP1",-0.158665211348804,6.96207255508149,0.813218529501752,0.380400505593837,0.54796581853722
"FBXO33",0.204361459675051,5.39461696728031,0.809220816910074,0.380431482315872,0.54796581853722
"RPL10A",0.1290460507326,10.0619341032111,0.813000975830602,0.380441544953429,0.54796581853722
"LIX1L",-0.220696142367563,5.33741202082871,0.808062006901673,0.381437508165934,0.549248995918275
"SLC7A1",0.214068910408487,6.67494609728859,0.808222367798358,0.381843912467915,0.549682767961937
"ALKBH5",0.122652370530144,7.76212504982333,0.806490171297701,0.382314392189925,0.550067078345747
"TOMM5",0.163187281473275,7.36087343519271,0.806504403699889,0.382321349843141,0.550067078345747
"PSMD8",-0.126457958775024,8.2307751058155,0.805585017236179,0.382573564047446,0.550278486317006
"TAF7",0.150284540232478,7.77028295335168,0.803995123679938,0.383043688968195,0.550774631160291
"BMS1",0.191191647679501,6.1133520530631,0.803563134609612,0.383190322654835,0.550774631160291
"UBE2E3",0.191160691928223,6.06281976122002,0.803409477108052,0.383234615176962,0.550774631160291
"GRPEL1",0.170902096892179,5.90074682193573,0.802491077332732,0.383497687104502,0.551001212340635
"FKBP4",0.148795958933015,7.16249450794181,0.8013730325458,0.383799761290111,0.55128369119632
"CSNK1G3",-0.217182022166318,5.5226808270259,0.797240280697251,0.384117475775918,0.551588474143057
"ZBTB43",0.24056777880145,5.86218923486787,0.795126562583881,0.38503358720104,0.552548037167078
"ERAL1",-0.21638501836051,5.67182367065191,0.797035905396756,0.385141525454103,0.552548037167078
"CNOT3",-0.269648586330802,4.56707888064574,0.796280795790789,0.385187093990147,0.552548037167078
"KMT2C",0.222457842485021,6.87975933025332,0.802635857225073,0.385273860594002,0.552548037167078
"BCR",0.280738288079271,5.43324649308323,0.794829309212231,0.385314252051655,0.552548037167078
"CDC42EP4",-0.176346071754131,5.54411374728821,0.794855520025872,0.385614328043495,0.552826684773272
"ACTB",-0.132877647710804,10.8120983029664,0.794432381485062,0.38580693971798,0.552951158186423
"STARD3NL",0.17393417440896,6.57642194839721,0.793151318233091,0.386211653581691,0.553243903929188
"TMED5",-0.189349007537265,6.32790489134629,0.79314157721923,0.386222882234094,0.553243903929188
"B9D1",-0.219333149606473,5.58986462115092,0.79210668368975,0.38641774481356,0.553371384148076
"SDHA",-0.182124139291964,6.18776709983447,0.792028704364745,0.386569250776499,0.55343672248939
"RAB6B",0.248154623861586,5.1397136134634,0.789875602652897,0.386717323709302,0.553497111453592
"RNF185",-0.222236298112238,5.46715351475697,0.790885965291983,0.386886436442764,0.55358757275837
"FAM192A",0.192862320558008,6.20734722473872,0.788690503371747,0.387273297311473,0.553989470456231
"PLA2G12A",-0.155610703603446,6.54977723437146,0.78869312357845,0.387538496386592,0.554217160222357
"CD55",-0.230412928661298,6.44255247749476,0.787913438275485,0.387743418246981,0.554358546820835
"PISD",-0.202123955261751,5.93341261359644,0.786466148862965,0.387906236672923,0.554439677082135
"MYL12B",-0.138287803723819,8.31643679061652,0.786787867933451,0.38805551294631,0.554443378480774
"JUND",0.15467975686364,8.84535433254858,0.786546700146047,0.388120972232859,0.554443378480774
"DSTYK",-0.199302452149931,6.40702830899869,0.784848239933572,0.388630480640728,0.555019541614504
"EIF3K",0.139177662952081,8.04907425338113,0.783822298929122,0.388927730307718,0.555292337153357
"USP15",0.279317262493727,5.67309539886248,0.781430208769199,0.389228255463684,0.555349409336121
"GBA2",0.18433604292294,5.89573063993305,0.781892723630462,0.389282100594104,0.555349409336121
"ERLIN1",-0.182606928971392,5.56337910786563,0.782631202652655,0.38928644266454,0.555349409336121
"PODXL2",0.222583483773357,5.79237406978256,0.776847034031231,0.390172571047346,0.55621166222946
"ABCC5",0.191250060942991,5.65239222541824,0.777876541575983,0.390296527660586,0.55621166222946
"ITGAV",0.298994360315777,6.56058193284133,0.778736569023202,0.390442424207474,0.55621166222946
"NUDT3",0.192790354203282,7.34861756670966,0.779681594314056,0.390459983593726,0.55621166222946
"SMG5",0.32142526008787,5.56445467683124,0.77524201306232,0.390498005062805,0.55621166222946
"PEX19",0.162436187466336,6.23908608008278,0.777925292253665,0.390529328559808,0.55621166222946
"CWC27",0.17560859543371,5.91564060521073,0.775911131589051,0.390996138692173,0.556724820742029
"GOLGA3",0.165294987742375,7.21555383673743,0.776549691873902,0.391118681205625,0.556747643426417
"NAGLU",-0.200319483562835,5.90848009321803,0.775646071241074,0.391370377066408,0.556954250184078
"PPP3CA",-0.174753821309282,6.39066007454022,0.77436469017601,0.391680424534846,0.557243761307469
"NCK1",-0.288708284315375,5.18723666338158,0.772806734542599,0.391848177696737,0.557330727842407
"CIPC",0.334016164079587,5.23541321745119,0.776436180723076,0.392419531555444,0.557991537388549
"DAZAP1",-0.260766351844635,5.28880718558545,0.771126479073083,0.392762851775629,0.558327828727554
"PPP1CA",-0.209654029891992,6.27200818274915,0.767012934961549,0.393256399589441,0.558756867823345
"ADI1",-0.265425112469562,5.60766699977745,0.764274941016949,0.39327846120568,0.558756867823345
"ASNSD1",0.282076378156494,6.45696364384086,0.76737610582129,0.393899086624328,0.559486555919935
"OTUD4",0.259766998844525,5.52191001334741,0.766276765179614,0.394204789513892,0.559626004383783
"COG5",0.315647953126843,5.48254577821872,0.763688867429455,0.394211392412682,0.559626004383783
"TRAPPC6B",0.227540110105067,5.09424255040913,0.758967616575476,0.394736999702026,0.560220010166303
"S100A11",-0.143033392081224,7.77354804078924,0.764014638163019,0.394852047163401,0.560231175494868
"PRDX2",-0.139947341487628,8.59580181704385,0.760613382599873,0.395879071548566,0.561535931339038
"SFXN1",0.19079041965994,6.43234346212344,0.759062845300446,0.396367199212948,0.562075786838328
"MSMO1",0.169101596131411,7.22855007097193,0.756184397191652,0.39726603016971,0.56319759688014
"MRPL47",-0.239108576138229,5.90890250406952,0.75514841601396,0.397531884318263,0.563421680946735
"STEAP2",-0.196490936137161,6.0111356000178,0.75403713846781,0.397710028884174,0.563465270710944
"NAA10",-0.215653823967688,5.43970338078354,0.75365276191129,0.397778237789054,0.563465270710944
"PPP1R35",0.231375003801495,4.69138834090923,0.751770944410154,0.398455617226435,0.564106452970502
"RSRP1",0.228849857847537,5.71937652883442,0.757107626114063,0.398512801435213,0.564106452970502
"COX5A",0.134645163872449,7.65095026035782,0.751848185654673,0.398554645268809,0.564106452970502
"MTMR3",-0.170988627802098,6.24108302785146,0.749916878355367,0.399129879145154,0.564767698508857
"TMEM59",0.113697789089973,9.86424382993502,0.74792742805838,0.399756311258568,0.565430272818127
"PACSIN2",0.162339340864287,5.61005671862566,0.747874263242741,0.39981448026321,0.565430272818127
"FAM208A",-0.206528330535102,6.32763713471376,0.744805225933709,0.400454388186337,0.56602807195217
"CAMK2D",-0.164328697635504,7.41327848838355,0.745656889111387,0.400489152149757,0.56602807195217
"CTDNEP1",-0.131896772862422,7.43469074621076,0.745326087239697,0.400562050535886,0.56602807195217
"SNRPD1",-0.154204765945611,6.93432725573897,0.742396623006208,0.401484135951261,0.567159347736084
"ATG4B",-0.170339931843962,6.18839638666772,0.742172284950223,0.401579633818873,0.567159347736084
"MARK3",-0.193214521897125,6.15344785727373,0.740733231909698,0.401880608058766,0.567383079072258
"UBTF",0.177292272179593,5.28680302090686,0.740158379898645,0.401955144787559,0.567383079072258
"KLHL42",0.155796238464284,6.91923084122297,0.745738958998979,0.402217872181179,0.567600652778354
"OGFOD1",0.255412792494795,5.57285767526483,0.735487025160784,0.402452532989133,0.567778512802753
"APBB2",0.326944638158743,5.61502477502321,0.738466259264415,0.40259284285749,0.567804083087238
"TSC2",-0.305554089061173,5.4803762340035,0.737313883024562,0.402687915822535,0.567804083087238
"ECI2",0.176804877037681,6.61990283150973,0.737647486776523,0.402965039181382,0.567984046735154
"STARD7",0.157321036859794,6.89935219836855,0.737480183219116,0.403032873415092,0.567984046735154
"PUM2",-0.177835327603652,6.38373268466539,0.736277055849974,0.403443311673849,0.568409215665555
"CDK2AP1",-0.139248180110823,7.56181861546236,0.735711125853998,0.403558785360992,0.568418693366183
"TMEM25",-0.193016661664366,5.90009444250384,0.734634430156663,0.403799169099474,0.568604056272347
"TRIP11",0.187387864588487,6.96054696017292,0.734035825730486,0.403981295091094,0.568687688030861
"TNPO1",0.179880845072083,6.84675109750187,0.734093259322997,0.404087002879756,0.568687688030861
"TRIM33",-0.229313476805764,6.05487469330266,0.733230126004802,0.404184955239076,0.568687688030861
"PDHA1",0.15836544133558,6.8110149561356,0.732778683829977,0.404506583615228,0.568987059353282
"PRKAR2A",0.232080625280564,6.15119943420611,0.725516767372809,0.40568241489118,0.570364649587126
"SGCE",0.169583487035071,6.31731983020282,0.729028374986212,0.405704183501996,0.570364649587126
"CAPZA2",-0.120974262877578,7.78779954116483,0.728359532517997,0.405868187075397,0.570441789148454
"FAM214A",-0.309242306789357,5.7621353278214,0.723393483020466,0.406183556704571,0.570571761280981
"UBAP1",-0.193517429436304,5.63294135049249,0.726827897220223,0.406322725388666,0.570571761280981
"MED8",0.221172930434094,5.6607022290417,0.724672834504795,0.406382771702904,0.570571761280981
"SCAND1",-0.155161378175726,6.90320017895416,0.729276034968002,0.406397296202237,0.570571761280981
"ARFIP2",-0.178189415262764,6.66107395975702,0.725628611614596,0.406746409353953,0.570908561142082
"PARP2",-0.213417036630087,5.41937894437426,0.723699500344249,0.406945202126392,0.571034247386484
"NAMPT",-0.266536128760831,7.30997074367724,0.723570475045969,0.407546186186857,0.571724078153168
"NAA60",-0.255570703768103,5.25577021774254,0.72137641830527,0.408103720352888,0.572352601632559
"TSG101",-0.15588691810399,7.17953768530372,0.720750494304164,0.40829303456503,0.572357581908904
"PTOV1",-0.129833645062273,7.37993321507073,0.720611748327927,0.408326271845858,0.572357581908904
"NDUFA5",0.118185214766328,7.77106668710075,0.718110396496132,0.409117608095748,0.573313066358305
"CS",0.14843624683525,7.02439350863491,0.717782721228835,0.409236709605144,0.573326261352476
"TK2",0.157932204549243,5.88452868857789,0.716504094805666,0.409639199604851,0.573427594459176
"FNDC3B",0.199983738470593,7.00015952634113,0.71617052749151,0.409761597651283,0.573427594459176
"SMS",0.160056103848655,6.6241003984289,0.715970970715997,0.409814061477975,0.573427594459176
"PHC3",-0.191362527435054,6.02639773088072,0.715375704244155,0.409824710672301,0.573427594459176
"KPNA2",-0.214615509684409,5.77435884633382,0.714857010102552,0.409857565123298,0.573427594459176
"MYH9",-0.189917371245027,6.93027906680051,0.715315680616745,0.410007702489447,0.573484147956205
"MED4",0.17119402715916,6.27951681493902,0.714877043198918,0.41018365430286,0.573576768603813
"TM2D2",0.235841068171678,5.66806645699801,0.713758627053112,0.410557809106457,0.573946421021516
"VCP",0.120605881825086,8.08054017787762,0.712056450092894,0.411049798496055,0.574340185766096
"SEC22B",0.190119188974639,7.32528502584457,0.714361263880521,0.411119880629144,0.574340185766096
"TOMM6",-0.193603005502677,6.96047941222589,0.711213048207708,0.411169117110528,0.574340185766096
"THEM6",-0.367618427277101,5.51406588640037,0.710632145980458,0.411572994990295,0.574750746677605
"RPL38",0.0948757935953493,9.99317002522083,0.7100109503315,0.411705332080883,0.574781990060571
"CHTOP",-0.148042790452832,6.63140208861868,0.7066490188028,0.412825590839029,0.576192086332605
"HOOK1",0.147309065992022,7.06306664774315,0.70516095996749,0.413308146902735,0.576678436028321
"ANP32A",-0.167260887912121,6.36396134117967,0.704912429265783,0.413394700554452,0.576678436028321
"LETM1",-0.229197824269117,5.39641091496986,0.702743336488442,0.413762075367012,0.57703691780773
"PELP1",0.209746550495447,5.08027569706114,0.703329279119059,0.413924910999217,0.577068998314652
"PTK2",0.140952353762331,7.02330887111789,0.70306037834707,0.414005881706513,0.577068998314652
"RHOG",-0.200294790187287,5.4610646537497,0.697164840307378,0.41595737549103,0.57961368231096
"USP40",-0.219081963531719,5.28277942571246,0.694212493138573,0.416053287933944,0.57961368231096
"PPP2CA",-0.162923459833309,7.4594832339688,0.694452789042092,0.41677939259437,0.580321068002712
"PSMA4",-0.185391731096337,6.86009924581051,0.694468204662656,0.416808096433861,0.580321068002712
"RELA",0.167959488151594,5.30515752969849,0.693803447739756,0.416944890989994,0.580321068002712
"H2AFV",0.141587767223781,7.2256013593333,0.693521971349602,0.417092718164855,0.580321068002712
"CNOT1",-0.170131259270858,6.656024892252,0.693550809444005,0.417116176102198,0.580321068002712
"PYCR2",0.156036166656636,6.52318728232664,0.692708823839684,0.417363180850678,0.580451447294971
"BCAT2",-0.152990028486532,6.77911434525579,0.692542642352731,0.417431985915783,0.580451447294971
"BRD8",0.190069334619107,6.34038695852084,0.688993750859575,0.417826139093956,0.580845007724497
"ARPC1A",-0.133394719913117,7.56521998022056,0.688723675042304,0.418670721280311,0.581844322926211
"ARAF",0.212591871505659,5.58405447582092,0.686027216811498,0.418850050662076,0.581844322926211
"PPM1A",0.191644869872713,6.76551535951557,0.688181686565722,0.41887893383802,0.581844322926211
"PPIE",0.183631676921994,6.47113520473738,0.686108103631656,0.419580242936763,0.582663637043162
"ELP5",-0.178528133597292,5.88816663127632,0.682034542574459,0.420943017287414,0.584400837014958
"FAM120B",-0.193936067425662,5.66320138642107,0.67947375613397,0.42121096101531,0.584617549980623
"UBE2A",-0.179876596464589,6.68162260231713,0.680709738369785,0.421362420130952,0.584672516597953
"METTL23",0.19767798043305,5.78583559408776,0.67935823052997,0.421789477268241,0.584905867808096
"CTBS",-0.187523638084625,6.55229700133083,0.67917341845574,0.421864550777225,0.584905867808096
"HDHD2",-0.175264804285236,6.33803969442318,0.679057758994934,0.421866294554529,0.584905867808096
"NCOR1",-0.165061635277686,7.12411043238877,0.677927104940437,0.422297504606118,0.585348463690316
"GAPVD1",0.164895878918938,5.74924189454785,0.675096547986762,0.422763547035758,0.585758311419533
"TOMM70A",0.228644794177945,6.275179332618,0.678717673313671,0.422817315665945,0.585758311419533
"PABPC4",0.193960932859112,6.53669089329456,0.675637736601013,0.423053893990506,0.585930764146363
"TRPM7",-0.195564271197916,6.26143300328248,0.674328267596828,0.423357623622817,0.58619610560966
"CCT7",-0.11421816423302,8.36779086923136,0.674311741077678,0.423471755052222,0.586198851604333
"ASXL2",0.297795357356354,5.23614231063427,0.673124505088259,0.423879116562276,0.586590719296773
"SLC25A17",0.261722740530392,5.86974011240536,0.671134271342415,0.423987912168149,0.586590719296773
"PAK3",-0.188104484263979,7.5884826591353,0.672498772653999,0.424091511043143,0.586590719296773
"PPP1R10",-0.30381868628975,5.94467729166788,0.671271168484089,0.424310101000565,0.586729813470068
"SIVA1",0.155049281559502,6.58188484248842,0.671586261057614,0.424416572552196,0.586729813470068
"IPO9",-0.188414795701799,6.39105111584849,0.669593919326487,0.424858857004413,0.58716982897045
"CPEB4",0.15769939182192,7.37863718258056,0.669975960303621,0.424959529939777,0.58716982897045
"CHCHD3",-0.202485501886515,5.9555602913028,0.66844169593479,0.425383760643989,0.587600665139041
"AEN",-0.260235534635713,5.82912893717793,0.668079133194549,0.4256390797127,0.58779801047775
"FAM20B",-0.31980823430279,5.91626474091403,0.667373337590335,0.425779319238184,0.587836371277863
"TCEB1",0.151136792997451,6.88726189811613,0.668479047132777,0.426227704188983,0.58794176807154
"IDH3G",-0.159083478457994,6.1873308748627,0.666153423836987,0.426274995996088,0.58794176807154
"KRT8",-0.114975348047693,7.53272979604159,0.665661803966571,0.42641688608392,0.58794176807154
"CAMK2B",0.171336860127755,7.19631866894903,0.665512874639785,0.426474455554737,0.58794176807154
"ASCC3",-0.251765344693483,5.79032194877279,0.658808931387731,0.426481729331217,0.58794176807154
"B3GNT9",-0.213625717988493,5.3228831676304,0.662827360380896,0.426530549938259,0.58794176807154
"TIMM10B",0.164826301418691,6.45917084896489,0.664779596107285,0.426745676280136,0.588075932241727
"RNF114",0.129972242487162,6.62706041194341,0.664450976290121,0.426852895910678,0.588075932241727
"MRPS10",-0.165079837517196,6.38462999355222,0.663782443009924,0.427099572810522,0.588260729138497
"IWS1",0.155607066805728,6.10306952298682,0.661796431396166,0.42751219385512,0.588568968459531
"SFPQ",-0.150457498675853,7.48121899966246,0.662088539912712,0.427627692634217,0.588568968459531
"PRPSAP1",-0.211173578769027,5.72759829224202,0.66170450688675,0.427661171266366,0.588568968459531
"RAB2A",0.104939289542688,8.37868570570049,0.660605063378279,0.428129252925739,0.589058069240021
"CCDC50",-0.162242683274898,5.68855162199544,0.658714030268429,0.428338044848583,0.589190252743038
"PCBP2",-0.103429355734575,8.23701536136445,0.659487312769415,0.428517494000352,0.589282015559022
"HNRNPK",-0.123389667200747,8.29588627699878,0.65736633168993,0.429242221269485,0.590123379951498
"GBF1",-0.159819852218562,6.24860209017968,0.654661013509444,0.430222077415423,0.591314961517333
"ETV1",-0.256316059811845,5.78407832647155,0.653631452849736,0.430429777618157,0.591444912620953
"PAFAH1B1",0.138104935817214,7.22019980775348,0.653300769589494,0.430657476122499,0.59160226746184
"RPLP0",-0.0843674382334734,10.7395748959086,0.652329875769859,0.430978081672848,0.591887134236462
"TRIM28",-0.168873841490436,6.63707884045439,0.651562463629502,0.431268164524762,0.592129943780124
"MTHFS",-0.272790874672303,5.53514382299309,0.650898606107271,0.431452395611722,0.592227329795817
"GRPEL2",-0.221353534994807,5.28118885982889,0.647824868464629,0.431987153811148,0.592733810022199
"RNF10",-0.141494253682564,6.94489950850145,0.64929079848778,0.432048176044495,0.592733810022199
"CHP1",0.166169644187464,8.30769254585945,0.646984831171205,0.432859170219699,0.593472291276925
"RIMS2",-0.159099608932485,6.89588920425706,0.647017539697942,0.432867959952784,0.593472291276925
"FAM219A",-0.199912177225203,5.43210057618066,0.64654798084756,0.432927079900309,0.593472291276925
"PSMA7",-0.127782293654034,8.218059820275,0.646396607409972,0.433044185683304,0.593477178439075
"PPA2",0.180489885987832,6.83829554811843,0.645809577032671,0.433309401101931,0.5936849907103
"MGST2",0.18652671504739,6.36035234579191,0.645369091193082,0.43344494486098,0.593715075154178
"TRAPPC1",-0.141197153856163,6.92104493738745,0.644836319104715,0.433619449820497,0.593742328372413
"ID4",-0.150648950369323,6.88093588176033,0.64458375848156,0.433692024053161,0.593742328372413
"WSB1",-0.135347891062874,8.41112506274822,0.642363951703356,0.434456454809071,0.594633121049231
"AGO2",0.25411895062232,5.19816065716389,0.646502250975559,0.434673688117386,0.594774703609837
"PRPF38A",-0.341323757491365,5.52662834470256,0.64040731891801,0.435021657338528,0.595095054412061
"ENY2",-0.132712829757801,6.70547333276496,0.63893857215695,0.435680890969228,0.59584092545687
"HRAS",0.22584563569135,5.39968726507293,0.637230334190791,0.436322731069227,0.596562624980081
"PER1",-0.177519219780158,5.35075193388797,0.633909576504492,0.437099419493643,0.597468270317278
"HNRNPH3",0.142857487746562,7.56959194179035,0.633337580804272,0.437647883409252,0.598061565118997
"SDHAF1",-0.285594479917251,4.95183284939558,0.632239109572031,0.437884318862648,0.598228263119461
"ACYP1",0.165628327377068,5.31960283797971,0.630713130621112,0.438343520699604,0.598699133184435
"NOB1",0.19349304821809,5.1178365904484,0.629066462394922,0.439077066425248,0.599392565398152
"SMARCC1",-0.16823754999002,5.67722587168667,0.629130497928229,0.439080568760192,0.599392565398152
"DMXL2",0.200796980132159,6.11238580919015,0.623945746328313,0.440026570128592,0.600527123253825
"CRY1",-0.176532749025745,5.3383838733761,0.625552627161674,0.440478334464348,0.600814487077581
"STOML2",-0.1541910740329,6.19802306350927,0.625415143260217,0.440489258454103,0.600814487077581
"DCAF12",0.21524974749038,5.49365860926345,0.62483141896534,0.440581964600797,0.600814487077581
"CRYZ",-0.152024771218878,7.0629279622581,0.623550774447403,0.441179781023907,0.601472800055285
"KDELR1",0.0933162170171453,9.07810158199399,0.622355610377962,0.441564040641493,0.601839697635746
"EIF2B4",0.176457896266753,5.4987089464397,0.619604178908021,0.442064469976419,0.602039267673457
"EDIL3",-0.199839462635801,7.04667872872783,0.618620257590504,0.44212412748206,0.602039267673457
"RRM2B",0.150503919630472,6.50253771473248,0.620892981813291,0.442135371018069,0.602039267673457
"SRP19",0.135313759548671,6.75068246671574,0.620794139289003,0.442171178228123,0.602039267673457
"LLPH",-0.19450500233297,5.4155767803634,0.620036084969173,0.442381868345935,0.602116513610876
"SF3B1",0.13608052089803,7.80075113569666,0.619988036480944,0.442458298982088,0.602116513610876
"NIPA2",0.218185211695248,5.84403909602481,0.619076728844027,0.442641884586366,0.602209560315704
"ANKRD13A",0.220597136183326,5.25205932862503,0.617229983860786,0.442816420060026,0.602290249194317
"PSMG3",0.196688455542427,6.05960978526276,0.618402599235308,0.443006324640459,0.602391794717919
"ZC3H6",0.190428338971875,6.06116449450102,0.616025649163785,0.443722874840595,0.603209224133105
"UBFD1",-0.20823143277656,6.08398175059394,0.61577673713944,0.443984908527522,0.603408506727341
"GRSF1",-0.127127952232608,7.95901010944052,0.614811570524872,0.444309144564672,0.603692201361981
"RAB11FIP1",0.130599504752681,8.09262823901021,0.61430911688392,0.444481829253767,0.603769886047152
"ARHGAP12",-0.170444030345471,5.64806046275413,0.612650965133457,0.444650018847364,0.603841425958735
"COASY",-0.186763568139791,5.73056117652511,0.613608222167394,0.444818349269156,0.603913119903865
"NDUFA6",-0.130699781617198,7.72716770688185,0.611655502289381,0.445451169207125,0.60461523278256
"STARD10",-0.164740187000243,6.69671054278302,0.608324847171539,0.445686497284226,0.6047776015848
"PTDSS1",0.165321900658729,5.58821544467477,0.61031047246667,0.445947298286249,0.604974442808778
"ERLIN2",0.18539888506672,5.53785154553167,0.607958323595377,0.446654592880737,0.605664623297233
"FAM217B",0.203376501168122,5.37740026372128,0.607434893378727,0.446687798509821,0.605664623297233
"COPS5",0.128541235530338,6.62372436426069,0.607220162479417,0.447100053608836,0.606066384910111
"NASP",-0.158426938554399,5.86844858583644,0.604971886200503,0.447486015724882,0.606432305987544
"SLC25A14",-0.276338899647614,5.27668366176453,0.604545101972065,0.447888643639771,0.606820616979026
"WBP11",-0.132747109112019,6.86772206747487,0.60441607669412,0.448124136998895,0.606982343636493
"GBE1",0.206152693257552,5.37914877721734,0.60289675827546,0.44827836136279,0.607033936487902
"LEPROT",-0.124342769435098,6.85527273439212,0.602085490256503,0.44899572221193,0.607755201960028
"DENR",-0.181409771354099,6.66462486782291,0.601785735739081,0.449113304448615,0.607755201960028
"LPIN2",-0.209484395903414,5.37866918290428,0.601157287398812,0.449165545096423,0.607755201960028
"ERC1",-0.152494142869714,6.4176347413278,0.601150008158701,0.449276085780285,0.607755201960028
"MAPKAPK2",-0.205080648675235,7.18889590192932,0.598967803856616,0.450122475561431,0.608742607958499
"UBE2Q1",-0.2469828090204,7.00402665531031,0.597860872215235,0.45066374981129,0.609316973684328
"NFASC",0.158055412405629,6.67927871325074,0.597181325133145,0.450803175315278,0.609347865883879
"OSBPL9",-0.179823073088813,5.82018004709663,0.59307581558958,0.452208473504203,0.611052631189919
"JMJD1C",0.153837034285746,6.84859334040366,0.593176446098197,0.452298188267419,0.611052631189919
"CEP350",-0.159687638679359,6.8494706577293,0.592143293505039,0.452679423584106,0.611268357820191
"SNRPF",-0.129586520951246,7.14244111264357,0.591999531299274,0.452724370049325,0.611268357820191
"ATXN10",-0.148448740965877,7.511098508266,0.591560651686377,0.452902526084236,0.611268357820191
"LGALS8",0.147629253937488,6.02783582090212,0.591269749871983,0.453033468627714,0.611268357820191
"CGRRF1",-0.218980691236644,5.96425168080996,0.590616783567176,0.45317859490137,0.611268357820191
"CPSF3L",-0.209711214980633,4.66524466779372,0.591374203898264,0.453423584011599,0.611268357820191
"TXNDC15",0.169027334831011,6.73390686441723,0.59019635489776,0.453436654233596,0.611268357820191
"PRPSAP2",0.134225069326371,5.99918202871297,0.590167950340814,0.453443317359035,0.611268357820191
"TMEM128",0.165342232715889,5.77192628178483,0.589467726106879,0.453595696066066,0.611268357820191
"DNAJA3",0.166942165160536,5.93610848499084,0.589764054356976,0.45362731203071,0.611268357820191
"MTSS1L",-0.196384059529072,5.67599627337376,0.588367361138649,0.454141089842297,0.611778256646176
"NDUFB10",-0.117173576380491,7.457034305431,0.587965563592997,0.454239796067306,0.611778256646176
"IMPAD1",0.151328330232861,6.79764604605755,0.586817894759508,0.454693165587672,0.612231111933735
"NDUFA11",0.0982369701959641,8.09502686741186,0.584073433410946,0.455709685629211,0.613441804476922
"RBM10",-0.185708368036218,5.81302216367494,0.582519243381637,0.456344790062144,0.614138573031624
"KCMF1",0.164174693805798,6.75806776758843,0.580470646261689,0.45710336370382,0.61500110220846
"PQBP1",0.14166063124048,6.29137851087302,0.57848920756047,0.457759803196433,0.615582904302089
"HMCES",0.247352076482831,5.83890807653483,0.582309132887176,0.457789552227668,0.615582904302089
"FOXP1",-0.158105147611092,7.41395877417193,0.578387547355401,0.457889101191223,0.615582904302089
"SCMH1",-0.290303732651206,5.50073359746174,0.575929711686375,0.458619351106594,0.616406106514314
"AK6",0.233354069204997,6.41698195105632,0.579693652264871,0.458792725532456,0.616480610888984
"SOCS4",-0.237787741210438,5.58927625787209,0.574740985179909,0.459312106008701,0.617019886432145
"VEZT",0.165817821036208,6.0852554290618,0.572388851752433,0.460127325829241,0.61795620043922
"SYNJ2",-0.13246909031952,6.13341824933432,0.571676721801829,0.460429680773242,0.618203427023308
"ACACA",0.181249692111054,5.33944658614425,0.571221502423658,0.460966661751231,0.618765470203822
"TPD52L2",-0.190882264524308,5.73204720138432,0.569131499611768,0.461486548101792,0.619304284192058
"MIF",0.0951125217047751,10.2210540090195,0.57234428097614,0.461693713979555,0.619423265649675
"RRP36",0.205888341389339,5.07375100526252,0.566368207920636,0.462446079142907,0.62008014911876
"ANKRD39",0.155448351626484,5.63815637777679,0.566004595778527,0.462451599887594,0.62008014911876
"RBM39",0.104084175753454,7.86935281999549,0.566325673567676,0.462539219708063,0.62008014911876
"MRPS22",-0.19390955923723,5.19050315231352,0.564014413655029,0.462943496776575,0.620462989141323
"DPP8",0.138183717385392,6.16429633711523,0.560588037464856,0.464807995015607,0.622706380366302
"PGP",0.260620680664749,5.13856424764202,0.560191515540424,0.464932150752474,0.622706380366302
"TTC19",-0.149448939220308,6.52434269259537,0.560152354041393,0.464974747000129,0.622706380366302
"RABGAP1",0.162124202149308,6.04050756290409,0.559557533768921,0.465161138639201,0.622796432291779
"ABCF1",-0.144268572929325,6.45978414335384,0.558376258614499,0.46564451395877,0.623283962730472
"HSD17B12",-0.116773630847843,7.75032984472486,0.556624623813995,0.466315403287728,0.624022174343306
"CRYL1",0.15108696986669,6.42773504282466,0.555978183239776,0.466560233113165,0.624190002171107
"UBAC1",-0.189569077288553,5.39197515971217,0.553206709568489,0.467594021811253,0.62541298669586
"FRG1",0.15458022567666,5.735012044934,0.551093157421415,0.468464561307532,0.626382626838659
"PHACTR4",0.165556104564129,6.59012867224041,0.550698857274738,0.468588586473605,0.626382626838659
"MLST8",0.26391150797628,5.61408839795243,0.55205018095255,0.46867848738588,0.626382626838659
"GKAP1",0.242399419717758,5.3130506347953,0.548402271029075,0.469307049558621,0.627062358906675
"ACYP2",-0.164822189004728,5.02016342281119,0.548349522506503,0.469473998616601,0.627125119031171
"SLC17A5",-0.134094757039603,6.4500661654542,0.548128327157585,0.469713724520768,0.627285037830877
"CLDND1",0.131789664153496,7.22181597434915,0.547738544625291,0.469872962280192,0.627337413496441
"SEPHS2",-0.177814066411491,6.65183878467331,0.54574222098491,0.470662474082867,0.628103865322577
"COMMD6",0.138406946410436,7.17469026900595,0.545647594675844,0.470687670932486,0.628103865322577
"ACAA2",-0.111153675107981,7.27346149512415,0.545338691333923,0.470807527134849,0.628103865322577
"STX8",-0.182197857515669,5.75460130224554,0.544631248931959,0.470955248046681,0.628140617897424
"SRSF3",-0.144184887385974,8.24974169542551,0.543620458340535,0.471483335865404,0.628652101551443
"PURA",0.117869856089308,7.40803389574199,0.543403582868856,0.471579278780028,0.628652101551443
"MLX",-0.14704083777532,6.27960855982864,0.53960546678703,0.473162169800342,0.63060139254115
"S100A6",-0.168297991524326,8.61282447551283,0.538885695186239,0.473385409291365,0.630738091859792
"PPP1R15B",-0.147669096686948,6.08947630208159,0.537885017033687,0.47371188975882,0.631012244589539
"CRELD2",-0.311285017480311,6.40084285775269,0.537700205490034,0.474010410803633,0.631085812234081
"SH3GLB1",0.105776505077622,7.37590595716397,0.537079896622819,0.474123433416233,0.631085812234081
"SBNO1",0.146674283118981,7.17704624524167,0.536884715774586,0.474182153604613,0.631085812234081
"SERINC3",0.135510381493927,7.57512898096665,0.536798984947511,0.474250061307724,0.631085812234081
"CUL4B",0.160195511102368,6.2467590488043,0.535402501549529,0.474828901471795,0.631695257824655
"SCAF11",-0.124943768800709,7.14331450608343,0.534301769671512,0.475271798939126,0.632123586019036
"IL17RC",-0.243069205294677,4.86510080974841,0.534937999366077,0.475607960653609,0.632249442099042
"YTHDC1",-0.13746614202783,6.52171057685373,0.533247466846414,0.475674957179305,0.632249442099042
"KLHDC7A",0.266303852170826,3.3623065536524,0.532727384607754,0.475729300894496,0.632249442099042
"HNRNPU",-0.113880709277631,8.10129401790687,0.53149299040363,0.476394534835562,0.632972606402003
"CDC40",-0.17575721275287,5.77239864954001,0.528587574122042,0.476778884809222,0.633322295018501
"MYO5A",-0.144773226860221,6.19247087301165,0.529076820822752,0.477186551860704,0.63370277097965
"RPSA",0.0792987085586866,10.009256031555,0.528344242108192,0.477674355009885,0.634189447202608
"SMC3",-0.121848446621278,6.95392772879008,0.525960300925146,0.478677811798858,0.635358442673411
"NOSIP",-0.199388093449237,5.46377824819148,0.524048083788147,0.478797954025362,0.635358442673411
"NAA38",0.124601528873109,7.29587578853541,0.525266915773475,0.478961817563842,0.635414573707158
"SEPT2",0.10642950572061,8.47977794019889,0.524224690530003,0.479373445978709,0.635734709591081
"MRPL41",-0.149373041015518,6.87343303108114,0.523783815460289,0.479566156173435,0.635734709591081
"DCK",0.147414566069592,5.77422625175555,0.522834687742382,0.479568004575786,0.635734709591081
"SNRNP200",-0.174355706327796,6.97124909823223,0.522277738908661,0.480199681050316,0.636410682771299
"PDCD4",0.143194998597318,7.83357172273239,0.521835599397064,0.480389635667068,0.636501045787519
"TCTN3",-0.160225818261553,5.80677145949633,0.519702016342761,0.481076767991936,0.63724994077391
"GPBP1",-0.154999887124943,7.09909361768867,0.518808451939508,0.481642763496905,0.637838035165524
"NUDC",-0.113323119737186,7.6903968012336,0.518340633202963,0.481815267723281,0.637904864333736
"DDAH2",-0.181415341313373,5.15129409725903,0.517096160756615,0.482210136676687,0.638265987442148
"UBA1",-0.11114143385049,8.02848306657857,0.516399876847258,0.482620702806551,0.638522379494205
"ZC3H18",-0.197823473506388,4.73935669015605,0.516032960778534,0.482726775599769,0.638522379494205
"SUCLG1",0.112758436833089,7.20785684234827,0.515961477351538,0.482828536300537,0.638522379494205
"ACVR1",-0.158183266781794,5.9385509468716,0.515703691878672,0.482963437012137,0.638522379494205
"LARP7",-0.142598092642048,5.82413318163368,0.515020258414883,0.483014633349931,0.638522379494205
"CD320",-0.154245991259244,6.59189887828083,0.514082759661321,0.483633276665988,0.63901735094454
"PHF14",-0.180448244614906,5.47989974996952,0.513234704961812,0.483633564250354,0.63901735094454
"ARPC5",-0.114790760569351,7.80146694486395,0.512845033493628,0.484109101766445,0.639484021969474
"CTR9",0.137012172316904,6.46519147065623,0.511455576087235,0.484721807472729,0.640131603754409
"CRKL",0.140388506401849,6.1872263614285,0.510832183830711,0.484956458499503,0.640279719266709
"CNOT6L",0.159076902542909,5.80283756626712,0.508338429152103,0.485602581437514,0.640970882114618
"SNF8",-0.127577294554948,6.3910596884189,0.508757067308477,0.485856595541502,0.641144262786021
"BPTF",-0.138186001671637,7.48190870821219,0.5074578640351,0.486403671189249,0.641704187104039
"MEAF6",0.102205646147825,7.67317623924404,0.506524689459007,0.486781933771499,0.642041172804346
"SMARCC2",0.13243790568432,6.81118928422327,0.505902449369506,0.487024622133817,0.64204568442904
"SH3PXD2A",-0.186552995638946,5.52812141414827,0.504632373728772,0.487031019468365,0.64204568442904
"INA",-0.107891471163694,7.53794713825102,0.503818681137945,0.487925707599963,0.643062953511096
"MFSD11",0.192192259235419,5.92360888572758,0.501380682833814,0.488072901678621,0.64309479633833
"DDX21",0.109843097285943,7.33020774869433,0.502428674221087,0.48851789077724,0.643518905013264
"AQP3",0.565555472439376,6.72601513676177,0.520561564081617,0.488887912356331,0.643844071022056
"ARCN1",0.121861351458169,7.83592564333114,0.499008696230528,0.489974915055652,0.64511306826093
"FBXO42",0.212034543979888,5.30177454377442,0.494470643761637,0.490793751607768,0.646028441111509
"SECISBP2",-0.157401305620768,6.20405497963312,0.495618056192589,0.491425394939083,0.646697013934186
"DDX25",-0.194710896666182,5.42941053707968,0.493968088935952,0.49192625834086,0.647193192133822
"SYNRG",0.180517590269327,6.1127873087268,0.494066714083396,0.49264362013005,0.647973880830341
"FAF2",0.149246715074134,6.47242868461555,0.492377527768761,0.492883501040247,0.64812630438676
"IMMP1L",0.150657940944572,6.38433607850152,0.491659895983975,0.493170309631206,0.648243590690007
"HPS4",0.216256890094932,5.78537412812913,0.490436002938031,0.493432362794675,0.648243590690007
"PSMD6",0.155549513865895,6.81488793925961,0.491025954554496,0.493446130672634,0.648243590690007
"COX6C",0.0962865896545226,8.74250071296346,0.490882591796793,0.493473677905818,0.648243590690007
"ABCE1",0.151217148109294,6.09980728223743,0.490102442697272,0.493647375265359,0.648243590690007
"NCL",0.101510431513329,7.70262392543481,0.49035354976608,0.493716804005532,0.648243590690007
"HMGCR",-0.139929796940246,6.53914388387081,0.488287616674191,0.494509385065674,0.649121184263757
"UBE2E1",-0.151640593091797,5.34714586342426,0.487877987496796,0.494824514445827,0.649371764250147
"CRTAP",0.13468374837024,6.25921241173411,0.486975746828796,0.495206880874832,0.649710433316452
"SPIN1",0.111043520913981,6.92969753992433,0.485442197226188,0.495871279046432,0.650418864636311
"HMGA1",-0.174952025606285,5.946667097436,0.484342549632287,0.496358807557163,0.65089500429034
"FOXK2",-0.199783824753782,5.83646820800595,0.483916880992547,0.49655675203958,0.650897094376575
"CDK2AP2",0.16641972327862,6.28936005213467,0.483740227375236,0.496609453295156,0.650897094376575
"NDUFS4",0.17341087298664,6.65643183627595,0.483215597489796,0.496820060609995,0.65100989140347
"PRPF4",0.182642959958934,5.51336065694005,0.482274863121881,0.496993138057005,0.651073466823049
"RUNDC3A",-0.128115224573246,6.63545128638966,0.480552809222733,0.498014596739463,0.652132439940721
"ZNRF2",0.217411651895121,5.25424246811009,0.480163051224186,0.498051023578221,0.652132439940721
"RBMX2",0.167601959216062,5.34347980533583,0.478654528982073,0.498641024555853,0.652741456387038
"PLEKHB2",-0.114001232642391,7.8599749426603,0.477913912974003,0.499169701491066,0.653269912291888
"GINM1",-0.182451207323097,6.06889598603474,0.476870180635241,0.499643125551038,0.653725811578292
"HMGB2",0.156194288281324,5.46946540850691,0.47561419520898,0.499802231332602,0.653770336130008
"THAP4",-0.127779299820025,6.16729541870209,0.47622342313099,0.499936047225439,0.65378176603637
"KDM1A",0.167753362690956,5.58593583178372,0.473390885043984,0.50095317193329,0.654948031439546
"RNF41",-0.188166250688476,6.5866165852158,0.472394860369174,0.501646114610559,0.655532236989922
"BEND7",0.163665264236694,5.25892586307277,0.471176940052005,0.501752650022695,0.655532236989922
"NR0B2",0.175977965634319,5.3120674885001,0.470104033799704,0.501776254103057,0.655532236989922
"SEC61B",0.100345699868994,8.31200475317223,0.470800419081116,0.502321525553982,0.65608061321106
"UBL4A",-0.213369946623937,5.34547388300417,0.469961224325129,0.502628974731855,0.656234707042167
"FGF14",0.28689023067397,5.84193201483841,0.469481015175968,0.502745084168682,0.656234707042167
"RER1",0.127644459831302,6.19930148911326,0.469773382106735,0.502816147255382,0.656234707042167
"MORN4",0.18885883763335,5.45753192188835,0.467182719211267,0.503815769979939,0.657219039974512
"TMEM251",-0.153081318092537,5.5698491576135,0.467116564730801,0.503821827659818,0.657219039974512
"PKD2",-0.140498699275555,6.09861193701131,0.463033262052525,0.50580804803627,0.659525838634285
"YPEL3",-0.122411131386051,6.12535538458179,0.463013708295428,0.505874992740284,0.659525838634285
"MBD1",0.133038121915587,5.83394755177255,0.462750343251969,0.505968741711017,0.659525838634285
"ALPK3",-0.157396812904339,6.88413806126879,0.460393110295708,0.507047647173376,0.660767402586696
"EIF3B",0.176362397392372,6.49143264141984,0.459428357747615,0.507473835760395,0.661157960996905
"MAGED2",-0.139924125300238,8.10576085096466,0.458796182240614,0.507761652544497,0.661368093159752
"YWHAB",-0.0852619954571348,8.61908922242158,0.458440164200657,0.507907968977848,0.661393859951971
"CARKD",0.135841978242438,6.18322522339742,0.459120836865948,0.508104492203055,0.661484976524376
"NBR1",0.125151177517912,6.863874988139,0.456948115640285,0.508617752605239,0.661988295036749
"SPTY2D1",0.204285486810578,5.17136042790495,0.45662921599984,0.508750176727087,0.661995811240349
"PM20D2",-0.154239942523242,5.36765175490839,0.456367006286626,0.508884014845208,0.662005163164734
"TUNAR",-0.246683958283106,5.54780590870449,0.458392493328112,0.509310704595482,0.662395385150681
"TULP4",0.17647033733456,6.60402286405884,0.452948020814617,0.510160537244101,0.663335604023611
"NSFL1C",-0.123813357081322,6.57948454396475,0.451728894658416,0.511015397164744,0.664281890320845
"HES1",-0.232012944949009,6.14842047785709,0.44915928798551,0.512189639593304,0.66564277626907
"UCKL1",-0.195616413906612,5.48174880588283,0.448067351484195,0.512581772454656,0.665986807014787
"CCDC6",0.170277111753167,5.98804708071809,0.445696951118609,0.51370227850239,0.667140401147737
"STIM1",0.155229455756723,5.75605537949884,0.445876430586358,0.51372491192264,0.667140401147737
"SNX3",0.108923527493363,7.53701764965979,0.44517057430216,0.514036247794868,0.667378903930396
"STAG2",0.130837378533723,6.97747649254311,0.443826274167384,0.514686825656472,0.668057620488299
"ULK1",0.314343904001508,5.21236163503377,0.442497374509655,0.51510831570464,0.668391125928507
"PCM1",0.131860827733407,7.34819498183612,0.442667510760613,0.515199511453215,0.668391125928507
"RNF126",-0.188410524506944,5.16147116433665,0.442312844119621,0.515421631233023,0.668462621629585
"CTDSP2",0.181558960600348,6.62920487978797,0.442007536734144,0.515510393684495,0.668462621629585
"GLMP",-0.205320776794739,5.4324700527214,0.445151303619745,0.515972148380568,0.668895441365385
"ANKLE2",0.13671024713643,5.81171919184753,0.440144717840301,0.516370218592191,0.669245507706765
"ORAI2",0.148293217329323,6.7163301188933,0.438178209776342,0.517148032351582,0.670073210988026
"BAZ1B",0.120758213628404,6.70254617100596,0.438123223048332,0.517265239398639,0.670073210988026
"U2AF1",-0.178036566012134,6.03750571159526,0.434538826737966,0.517673841601214,0.670436365225358
"ARID4B",0.117191886254015,6.91108504042097,0.435127816057753,0.518777256906201,0.671698965035599
"PGAM5",-0.17056261665898,5.24889516205946,0.434206824079668,0.519074269823559,0.671917089739411
"CSNK1G1",-0.202832044413365,5.40501567997506,0.431489610605106,0.519475393151072,0.672269839069238
"TMEM80",0.179470594313844,6.13853988631995,0.432740098336562,0.519721593470756,0.672421972542485
"WIPF2",-0.154353162498536,6.50058991572587,0.432592547407933,0.519974195247008,0.672551927569138
"NAGK",-0.127788200800845,6.13339130971301,0.432343856213557,0.520079374638312,0.672551927569138
"FNBP1",0.156188883892756,4.96243115010105,0.43147575362501,0.520340716684556,0.672636288480671
"CTDSP1",-0.196254041323886,4.83136100781182,0.43154959794074,0.520401980221128,0.672636288480671
"CTBP1",0.122863704614174,7.26460102903032,0.429723263652656,0.521342314968079,0.673685112568145
"GORASP1",0.258781550791704,5.38294134576282,0.426754769946656,0.522699767782817,0.67527229021275
"UBE2D3",-0.089551290763704,8.63747217780759,0.422903001857768,0.524607202391463,0.677569025673382
"BLOC1S6",-0.0979042110751533,7.86831919863569,0.421959607537461,0.525088571600799,0.678023212390657
"MYDGF",-0.166371401150497,7.31877941154982,0.4235862102627,0.526319225715026,0.679444453645947
"CLN5",0.152850577281418,5.94520772497013,0.417355218096208,0.527129861367925,0.680322909967937
"PSMD12",0.185540925699172,6.46011976710651,0.417089144922451,0.52740579506641,0.680511007359201
"FBL",0.127690820070014,6.86471462819643,0.416592014739113,0.527687207312652,0.680706079127155
"BCLAF1",0.122768828023047,7.66958160904218,0.415790065395089,0.528094577725054,0.681063498092489
"KDM2A",-0.130981503263522,5.87096535460958,0.415115279758515,0.528438778573624,0.681106379351304
"CUEDC2",-0.146642494180951,5.92033172769291,0.41506256067873,0.5284479572204,0.681106379351304
"WDR46",0.17984854628955,5.26898712832472,0.414788396177968,0.528566710209492,0.681106379351304
"FKBP5",-0.128353428750334,6.28594967259675,0.41440601549934,0.5286490493645,0.681106379351304
"SNRPB2",-0.116098101573926,6.44299489005447,0.41355115297129,0.529199041872109,0.681646966945666
"RRP15",-0.164969221893291,5.39103236645227,0.411510898423148,0.529669695612947,0.682085119233524
"CDC42BPA",0.123095233759077,8.03388026199508,0.412174773630511,0.529883930692348,0.682167638213613
"ACAP2",-0.188240081252976,6.14124491695566,0.411308075784969,0.529994792191598,0.682167638213613
"YKT6",-0.159641591090862,6.13237350309521,0.411433610923072,0.530236775513628,0.682311084591268
"PPIG",-0.107326837232095,7.5893126067148,0.411097804792025,0.530393603190566,0.682340824022185
"LIN7B",0.127040485809936,6.07187737238356,0.410866461057391,0.530520969739077,0.682340824022185
"XRN2",0.150522038791631,6.26672460269469,0.409438900022482,0.530996155509965,0.682783986433108
"TCF7L2",0.139837442993506,5.60852001777395,0.408340280355725,0.531266573558138,0.682963694045349
"GNB2L1",0.0763373493351114,9.78099306910257,0.409568459252929,0.531715081863262,0.683196869451931
"BIRC2",0.127757999199989,6.19144681887634,0.408284587246627,0.531815529846273,0.683196869451931
"COX20",0.12050034230137,5.89096482177248,0.408147394559369,0.531882889892208,0.683196869451931
"FYCO1",0.191716026618073,5.85707692586271,0.407966386859124,0.53197077839475,0.683196869451931
"SRM",0.132473094390076,6.20542950113666,0.407606967394289,0.532123972927082,0.683225744654841
"DNAJB1",0.163414591626403,7.78857102791844,0.405913074152278,0.532956303903373,0.684126375369089
"SOCS6",0.144841835132377,5.7527806189217,0.405113808745232,0.533237297746366,0.684319016773939
"CAT",-0.151875876862794,6.10346057498685,0.404164193678406,0.53356743038084,0.684425527944091
"SNRNP35",0.184577486799449,5.21149569561922,0.403577395203132,0.53358217454987,0.684425527944091
"ARL5A",-0.14012247727332,6.31063780497789,0.404204448937195,0.533838861693916,0.684482060833627
"MCOLN1",-0.159118351522954,5.15992962264832,0.402135280101104,0.53388815037664,0.684482060833627
"NT5C3B",-0.154252206326974,5.2947164697928,0.405357042568662,0.53450499368434,0.685104855808741
"SENP2",0.14274181805509,5.32381229882466,0.400334037365176,0.535615302239509,0.686359692278969
"POLR2J",-0.113362648278938,6.64418309461363,0.398198034639257,0.536838035414749,0.687757943900219
"AZIN1",-0.0937315746071323,7.25335127668641,0.397753748567709,0.537064947540863,0.687880049202669
"RORC",0.205626920803538,5.1228342194967,0.39672415437369,0.537418927597915,0.687973500966829
"AASDHPPT",0.153134367704433,6.12346228901177,0.396580814716864,0.537527797250831,0.687973500966829
"TMEM70",0.19381669955807,6.25383523520967,0.396691347083209,0.537532767925872,0.687973500966829
"SSBP2",-0.119696546898526,7.17332125477942,0.395524498535083,0.538200987910717,0.688660113539612
"CHMP2B",-0.114663112125818,6.24887967437525,0.394760050274061,0.538577386330175,0.688814456152476
"SLC35F6",0.14376761707483,6.34376859021884,0.394574159780071,0.53858516975228,0.688814456152476
"B4GALT4",0.189791183900023,5.60471159146371,0.393932981621886,0.538961203492656,0.68896506162687
"TBC1D20",-0.14326218897609,5.76424110780437,0.393748630422572,0.538966546200932,0.68896506162687
"EPHX1",0.219023676141505,6.2164122679167,0.391715495651801,0.539960754235167,0.690067203517657
"VMA21",-0.132984133086668,6.9972207841924,0.391539616429469,0.540235068786784,0.690249011133835
"GTF2E2",0.197664160665482,5.73325474351323,0.39093386150969,0.540537592948852,0.690466764013599
"TRAPPC2L",-0.119360020777987,6.09339642230189,0.39013676697083,0.540949433025967,0.690824013297516
"EPC1",0.12873080349362,5.82800904699319,0.389369628366152,0.541316200250077,0.69112354145265
"FNBP1L",-0.110369772412543,6.93657888750172,0.388607504250268,0.541739779051177,0.691495439584982
"EI24",-0.112664313402947,8.26440302422368,0.388072862075304,0.541984972349949,0.69163951427568
"CLSTN1",-0.10246978488244,7.1746184446703,0.386470891233314,0.542820187207691,0.69253627496573
"GABRB3",-0.0962225763866257,6.91757261667957,0.385771696304814,0.543196792412941,0.692847641274389
"POLR2K",-0.102104917080863,7.01333074822401,0.385367418720245,0.543396554047062,0.692933346670893
"ACOT8",0.24273511831395,4.80296676844796,0.384522052582814,0.544183461615732,0.693767549723276
"MPI",0.154831452441919,5.13794669673089,0.382455761509524,0.544845123036265,0.694441711316887
"EIF4E3",0.135228506210905,5.95113323301172,0.381678176912284,0.545316850555378,0.694706850252307
"NDUFB7",0.113427975708911,7.22761648295051,0.381459784848892,0.545433979136958,0.694706850252307
"GUK1",0.0853287026559655,8.66691796277693,0.381319409740243,0.545486074236891,0.694706850252307
"PSMB6",-0.0898165000020883,7.96092314902352,0.381133863323002,0.545584775260325,0.694706850252307
"PTPN2",0.17805585022374,6.01334808940601,0.380132988119183,0.545896338458871,0.694723643287535
"HDGF",-0.120830773582155,7.44222353418979,0.380456263142497,0.545938648134903,0.694723643287535
"PDRG1",0.211618455882693,5.6884055927018,0.380379856441903,0.545996695355881,0.694723643287535
"ATP1A1",0.0946973244550242,8.67272077898517,0.378334948278367,0.54703826515078,0.695747228558508
"ARMCX1",0.161264052376193,6.04476886370551,0.37761994000335,0.547067363569058,0.695747228558508
"UROS",0.121987777459674,6.16362089060728,0.377933918455008,0.547291966565442,0.695863563424365
"ORMDL2",-0.125337045335226,6.95034323419014,0.377193697756545,0.547655094742004,0.696155929040967
"TMCO3",0.100527148323058,7.32010126238192,0.375360023376086,0.54860836223069,0.696853867422213
"USP5",-0.157597850053992,5.36609270495771,0.375131740170904,0.548707377026783,0.696853867422213
"SUPT7L",0.156012491555629,5.82763776341192,0.374440701909093,0.548726571020766,0.696853867422213
"WDR26",-0.137331197112514,6.33505085035153,0.37490633168666,0.54886027947391,0.696853867422213
"YY1",0.10041904198054,6.80691323661948,0.374559217520297,0.549043107299196,0.696853867422213
"IP6K2",-0.0984551432572115,7.15800058747814,0.374514457071982,0.5490695969346,0.696853867422213
"CLOCK",-0.152921037771842,6.70329643313326,0.374413712461437,0.549137378976869,0.696853867422213
"FUCA2",-0.111810563577666,7.01404963158644,0.374064717582099,0.549307697145671,0.69690080897583
"RING1",-0.1532957096153,5.46254306405845,0.373828055846485,0.549447456276291,0.696908967230326
"CINP",-0.153916708644961,5.55898202753437,0.373078113538508,0.549611611006482,0.696948056945871
"DDOST",0.0796235798861117,8.02791620370863,0.372293652801486,0.550221759507775,0.697486978350159
"PPP1R12A",0.15071411681275,6.69672846599013,0.371607405400096,0.550303481675159,0.697486978350159
"SYN1",0.135490788698329,5.28145515744809,0.371329077280197,0.55050908547292,0.697578421761685
"HEATR5A",-0.163833738617209,5.84416183766035,0.367910765497598,0.551275318303889,0.698380050599716
"FAM131A",-0.1607584336695,5.36015943546364,0.370132221285374,0.551415694624147,0.698388620256946
"DAZAP2",0.122854497243166,7.73396879343026,0.369543338195469,0.551690426078418,0.698567310346872
"SMARCA5",-0.106793233558581,7.122474699592,0.367258199411617,0.552927902951951,0.699942157936275
"E2F4",0.181727071287261,5.30815440215472,0.366594078378026,0.553044023775936,0.699942157936275
"MPP2",0.150154361572626,5.43419406816846,0.363893888986589,0.554132719217659,0.700746080266069
"RNF14",0.126725922342288,6.98999874583137,0.364874966968661,0.554208056099391,0.700746080266069
"MAX",0.158621748516636,5.81328209580416,0.364824288249654,0.554230662598483,0.700746080266069
"SOS2",-0.115503437217257,5.82323109797797,0.364661758774179,0.554244370772464,0.700746080266069
"VCL",-0.121779868277198,5.87003108990664,0.364618031867109,0.554349539296,0.700746080266069
"VPS45",0.129177744115024,5.82530017962716,0.363826301407479,0.554510025549214,0.700779473777984
"FAM167A",-0.128647103882279,6.45464933637628,0.362178155094044,0.555661181997831,0.70206453911111
"B4GAT1",0.200158581186851,4.98743941621619,0.364619575148207,0.556228531377838,0.702341025472068
"MLEC",0.116417522466392,6.6828060323385,0.361017420991549,0.556277254470849,0.702341025472068
"MARK2",-0.13797654106663,5.86412650589848,0.360891482273042,0.556346135535437,0.702341025472068
"HIPK3",0.182862593528873,6.32132964937351,0.359363732029175,0.55641748354311,0.702341025472068
"BRD2",0.0946996346694066,7.6007476525639,0.359821934247644,0.556905092508263,0.702745146054221
"NUP98",-0.133392789235887,5.97797420671415,0.359678922882771,0.557006531490843,0.702745146054221
"TSSC4",-0.234008748678818,5.55467031979962,0.358548489045646,0.557506573008481,0.703197645300064
"RPS19BP1",-0.0824264935113357,7.46207531102226,0.358477129144315,0.557634252873305,0.703197645300064
"SGSM3",0.151168274461031,6.28058952824781,0.357311468314702,0.558303815823336,0.70387217687134
"EEF1E1",0.159396757506778,5.23232507973878,0.355990008845799,0.558686989734279,0.704098310305959
"MBTPS1",0.118056108564863,6.65726004344035,0.356467172539679,0.558752590615863,0.704098310305959
"NFKBIA",-0.226644214373806,7.14671052629531,0.355177200819483,0.559490052970729,0.704857678206315
"SARAF",0.102587334305732,8.19002900229412,0.357787915352895,0.559859605938792,0.704865892092408
"MRPL57",0.111552744111188,7.0116712056685,0.356486754181017,0.559870757002153,0.704865892092408
"PSMD7",0.0929596551152756,7.54036057859637,0.3543293862175,0.55990112568733,0.704865892092408
"NPEPPS",-0.0953657639212028,6.76308428788793,0.352520873180772,0.560918236094764,0.705976311116623
"PAM",-0.105281143427745,10.4144356065195,0.351795415034577,0.561286403187792,0.706269626736299
"FASN",-0.118017479539843,6.26028981894052,0.350443744508743,0.56202763419124,0.707032116466332
"CCDC186",-0.130648401046852,6.03686029898299,0.352205202993684,0.562167723014127,0.707038182915024
"CSTB",-0.0675802285427057,8.82235117007821,0.349323688856837,0.562651438737988,0.70747632193492
"DLAT",-0.138905160515136,5.06993001232909,0.347792274491008,0.56342963397911,0.708284438866957
"TRAPPC12",-0.112125806493903,5.74819174941994,0.347550709094081,0.563667416566981,0.708412980619286
"POLD2",-0.123663380910876,6.37303446646995,0.346743947825646,0.564122416328353,0.708796642086442
"CCNT1",0.129332827109429,6.04247183173284,0.346120028496173,0.56424389281073,0.708796642086442
"KDF1",0.169642688857801,5.54111263508782,0.34792769193792,0.564513593653759,0.708965053827054
"SPG20",-0.124127653523399,5.89854170073968,0.345648572361542,0.565263866133356,0.70973678315615
"KLHDC10",-0.161326455776696,6.35653548335534,0.343809056982926,0.56574143549462,0.710165822125451
"LRBA",-0.154672621279532,6.50520648681014,0.342259328569556,0.566610979850606,0.711086576633642
"PHF23",-0.132473902695381,5.33015656562408,0.341279822332229,0.566978559185283,0.711377083260075
"NCOA5",-0.168972228222204,4.79400162147583,0.340849609104692,0.567162621680282,0.711437250665427
"NDUFB6",0.0937827579252454,7.4058190846602,0.340720002265913,0.567468765357516,0.711617777487242
"LAMTOR2",-0.117542661652326,6.52429229233577,0.340543373286093,0.567578824248003,0.711617777487242
"CMC2",-0.119537434197042,6.66188731827765,0.340115199112353,0.567814771945848,0.711742880805983
"PDPK1",-0.136257279496822,5.86699275326323,0.33978490301231,0.567992735052569,0.71179525919918
"CMTM4",0.15096409674186,6.65123269453971,0.338712282014343,0.568592870988598,0.712102940455208
"SCPEP1",0.153685830416822,5.68316287564603,0.336893899652661,0.568639910977609,0.712102940455208
"CIC",-0.152036462599458,5.41087288663529,0.338567270727298,0.568646962590403,0.712102940455208
"SYT4",0.0827154374538045,7.60163301985496,0.338174458678413,0.568893448397175,0.712240971202883
"DMTF1",-0.156643517569396,5.94240966693312,0.336501359943257,0.569682785446465,0.71305840984882
"TINF2",0.129837634240151,6.05332182926102,0.335588004325374,0.570371097883506,0.713749037260495
"TNFRSF21",-0.107026916201552,7.5991561628915,0.335133445675682,0.570626874843677,0.713898198853015
"RAB3D",-0.130226522223019,5.65185230445344,0.334481118915983,0.570837773065941,0.713991155734787
"CDV3",0.132894004693837,7.43064831323193,0.334166233052291,0.571173895945376,0.714138741611501
"TALDO1",0.0947584106227608,7.57493257305012,0.334061114912395,0.571229018304513,0.714138741611501
"SMAD4",-0.114569346886128,5.83651134696545,0.332947873052962,0.571628946237612,0.714467838829268
"KRTCAP2",-0.0787777623255385,8.23413360673105,0.331477971223314,0.572701825861585,0.715515466528246
"PPP6C",-0.0942624101824786,6.64932886261315,0.331477549699354,0.572740905290641,0.715515466528246
"IPO13",0.16505046959014,5.11794949751105,0.330856309651688,0.573016457097794,0.715688655017961
"APITD1",0.195309809528965,4.03533407214916,0.330943749218461,0.573299085695667,0.71570132794352
"HIPK2",-0.10079986361744,8.15214891388316,0.330436203253378,0.573300451520856,0.71570132794352
"TNS3",0.127739963536439,6.29929714409681,0.327643852918505,0.574938161897159,0.717574444182533
"GLG1",0.0899185763532149,7.71081752649934,0.327276782736251,0.575134523131845,0.717648162427824
"C1GALT1C1",-0.135816141461319,6.54122504465208,0.326363522913194,0.575652651403518,0.718080496094479
"DDX47",-0.14148379735199,5.78011156129075,0.328783042397774,0.575755760308391,0.718080496094479
"ARFGEF1",-0.163826967157977,6.18364528159698,0.325540133996321,0.576058005794663,0.718286067816961
"IMP3",0.097697959858748,6.56041659122573,0.324903363583488,0.576510797944591,0.718679213178244
"TAF2",-0.140756666277365,5.5383487445725,0.323679518696661,0.577118528949137,0.719265272011717
"SLC25A46",-0.19972361582462,5.3199230837756,0.322708634220122,0.577636059599169,0.719738661150145
"AUP1",0.112261663166026,6.93806942108864,0.322675023123575,0.577811698041298,0.719785926039529
"UNC119",0.116933226292532,5.74108118025541,0.322059331618728,0.578158835453357,0.71988519166329
"PHF20L1",0.127819825398815,5.83166851111817,0.32084439958411,0.578166832715227,0.71988519166329
"BLOC1S2",-0.130932124517975,6.16362627312046,0.321472634499819,0.57843849009672,0.720051914202323
"COA3",-0.123779097098788,8.04071621886764,0.320570872310334,0.579029874007217,0.720616464627553
"KIF3B",0.108500478304486,7.66918053817005,0.320098251160267,0.579310160557276,0.720791467906101
"SLC25A32",0.124352383395005,5.5767135113975,0.319208718986712,0.579446288146439,0.720791467906101
"SDCCAG8",-0.147555647050179,6.13600573024727,0.319369565477347,0.579730460746409,0.720960980792617
"ALG3",-0.158575017971021,5.96705225273423,0.319198289408729,0.579858420365824,0.720960980792617
"VDAC1",-0.0905519268077474,8.01162516783906,0.318745070599617,0.580098255755706,0.721087653468508
"AGGF1",-0.132711815876397,5.86151418336668,0.318376398933368,0.580247591516795,0.721101797636302
"SRP68",0.100714722265935,6.38240437095066,0.317793620801281,0.580679456509429,0.721466964386686
"HS6ST3",-0.180798632152501,5.66179969707706,0.316423276718204,0.581345413662337,0.722122736980284
"GNG12",-0.111412145397553,6.51132854456043,0.31570213698247,0.581918985776634,0.722663468437744
"POFUT2",0.138994140065413,4.82933276649296,0.314819176111629,0.582231412247107,0.72287971302034
"PMVK",0.0932527898577624,6.88936463018231,0.313885581380604,0.582981502165884,0.723639114657107
"TFRC",0.144176959217758,6.75402324665075,0.313213444340358,0.583411342104328,0.724000732473724
"DEK",0.100442351485223,6.98574198215135,0.311908676953042,0.58416847546562,0.724664216246082
"KHSRP",-0.109640624804128,6.08715878626073,0.311819661646959,0.584223265211592,0.724664216246082
"ATP5B",-0.0840054972553596,8.92888104124251,0.312274668663606,0.584426034556336,0.724694362525298
"PINK1",0.117934238200411,6.52643585778337,0.311318173515137,0.584524857931253,0.724694362525298
"CTTN",-0.113255765708958,7.59501625876446,0.310203796709204,0.584859606529858,0.724937434984958
"DZIP3",-0.0962173508085433,7.61443876082171,0.30898661548591,0.585913933327628,0.726072102774659
"RAB14",-0.0856151540372125,7.46280608491009,0.308176548067369,0.586392239448022,0.726492589617163
"NDUFS3",-0.11524722871651,6.74181759528583,0.307142638410443,0.587024656676818,0.726943177598407
"XPC",-0.143652431610442,5.93255237401468,0.306934162621285,0.587129722757342,0.726943177598407
"SEPP1",-0.158248137134767,5.19986433958655,0.306185473483908,0.587333055750806,0.726943177598407
"CUX1",-0.157677200195127,6.52029251792822,0.306568666724297,0.587341950677458,0.726943177598407
"AFF4",0.1030781044773,7.26820757141466,0.306436742676017,0.587451307093107,0.726943177598407
"PLS1",-0.105217992776621,6.66299757692018,0.304175736114516,0.588698534811351,0.72831413999028
"LCORL",-0.13190288774126,5.49334654986675,0.302784581390289,0.588925455704964,0.728422469704175
"ASB8",-0.107352303451318,6.79863614918086,0.303285708124539,0.589310094953327,0.728725778642309
"C1QBP",-0.113051330566506,6.40525281849812,0.302189944705983,0.590036326314259,0.72945124826032
"GTPBP6",0.213683010069003,3.48541328788045,0.30390223321102,0.590536615776428,0.729771901167502
"AGPAT2",0.160502380340674,6.26871568364122,0.301111264694426,0.590574926714852,0.729771901167502
"PITHD1",-0.126041048307375,6.46342353605819,0.299659749615861,0.591577534999793,0.730838046666017
"MRPL54",0.123432568837493,6.00101078423403,0.298925191658605,0.591984645183879,0.731168180618179
"GNA11",0.101975777110334,6.30074757162023,0.297396457633158,0.59296749075266,0.732069649887112
"LCMT1",0.119512445414046,6.2124409038835,0.29737657136085,0.592994623612404,0.732069649887112
"ENSA",0.090373620206976,7.79044946801585,0.296746797353081,0.593353509236932,0.732178433283913
"LRIF1",0.128756563330383,5.05536618733218,0.296281219304244,0.593452326124138,0.732178433283913
"CCT3",-0.0671325333884127,8.25253435032534,0.296427163700469,0.593546578098599,0.732178433283913
"TRAP1",-0.154653196470733,6.51127950155654,0.296308424885377,0.593643045773335,0.732178433283913
"MEA1",0.0859286210491692,7.05285479851365,0.295811952912587,0.593940472693986,0.732372458308909
"DENND4A",0.128509248112444,5.89649493388638,0.294466673072359,0.594537281793755,0.732935465079235
"FAM174B",0.109044019973067,7.1092544178364,0.29436938672104,0.594826078243099,0.733118583111691
"RPN1",0.0931019655492907,7.66686216988894,0.29275226535801,0.595830010521623,0.734182806458398
"MTFR1L",-0.119090147965646,6.0651035349708,0.291952237308303,0.596275508137521,0.734558586150088
"IFT22",0.156056152676833,5.61468005907816,0.29327542457952,0.596564094024604,0.734740932956316
"NEK9",-0.155302190267861,5.67002824137312,0.29017080185059,0.597311721363072,0.735488425810313
"SAR1B",0.0799706172875831,8.09331739221131,0.289243266866207,0.598021517835018,0.736188995224596
"ACO1",-0.137233109124738,5.44577487695336,0.288366563887743,0.598445194689915,0.736537092687587
"SPOPL",-0.153267354358174,4.9404744305212,0.287886151329762,0.598798828556138,0.736798841069429
"RABGAP1L",-0.145471991758202,6.52094690730449,0.287169858928438,0.599346056141095,0.737298619781008
"HDAC1",0.110967378159977,6.49866873310793,0.284434887701782,0.601061934019545,0.739100835034098
"MIB1",0.134578279605035,6.05397425273817,0.28437661899022,0.601093868324077,0.739100835034098
"CALM1",-0.0675684826204343,10.3941135901535,0.283836474955664,0.601428221857427,0.739338032843078
"SUZ12",-0.112747093228203,6.04314899318394,0.281537653685978,0.602727669850865,0.740528469600013
"DNAJC2",-0.13507326285885,5.29255886823954,0.281184799686604,0.602790263329409,0.740528469600013
"PIP4K2C",0.107960815329133,6.37650603912372,0.281687046940915,0.602821625817496,0.740528469600013
"RPS5",0.0579753464319064,10.090894524668,0.281088038910853,0.603179018318812,0.740590950650885
"CD2BP2",0.116456559359175,5.60768516266668,0.281057521849345,0.60320139266829,0.740590950650885
"PPP2R5C",-0.0809134464095895,7.38525479601921,0.280938906980949,0.603297545029935,0.740590950650885
"TMED2",0.0829546178412938,8.72716131628395,0.280429660129325,0.603600983761329,0.740789467508914
"PCNT",-0.117630258595853,6.13599975252941,0.279422868435025,0.603818710183573,0.740882722565619
"PHF6",0.129329031086039,5.45205023995607,0.279448870730604,0.604029799802952,0.740967792436055
"MED29",0.120025304902767,6.48075644909653,0.279170262350669,0.604433506008794,0.741289051128101
"CBFA2T2",-0.0937144252453365,6.48031790167086,0.278085162761566,0.605103012635357,0.741936065457427
"PPP6R3",0.13127318728465,6.95616393898469,0.277763666029625,0.605292496233018,0.741994342825981
"ARF1",-0.0761449826400566,9.53703541198566,0.275986309537552,0.606458838190073,0.743249788328138
"LIMCH1",0.0889823512180016,8.17993626998958,0.27548831242038,0.606791887122401,0.74348363665935
"ZFP91",-0.139352010181797,6.0864544878645,0.273562894382307,0.608019448085267,0.744486503396692
"RPL35",0.0566209097635182,9.71460054557017,0.273440047646392,0.608110188722487,0.744486503396692
"KBTBD6",0.101015709758774,5.68584227296538,0.272788605737451,0.60817050147819,0.744486503396692
"DDHD2",0.100938656627096,6.16019885785372,0.273308450242513,0.608180097475392,0.744486503396692
"CBX5",-0.0774900988212061,7.85018445534162,0.272551911137459,0.6086982162232,0.744860209905301
"CDC42EP3",-0.0883929533088241,7.66044463733694,0.272452276466587,0.608770822146834,0.744860209905301
"PDIA3",0.0733826794367702,9.20155047122449,0.272210014792606,0.608912890171293,0.744860209905301
"MRS2",-0.114468601843222,5.49025631221495,0.271452438584089,0.609234665312899,0.745079456151268
"HCFC2",-0.12764360682999,5.73096134923146,0.270240999421243,0.609607449170852,0.745360967676268
"KARS",0.0816508880706377,7.16416508713079,0.270703599074312,0.609906341973556,0.745457193888129
"CDC16",-0.139711978394136,6.15867563656432,0.270273197570673,0.610198000263785,0.745457193888129
"SAFB",0.127628959438493,6.03009831429168,0.270183827692869,0.61022518945656,0.745457193888129
"RFC1",0.114133362209364,6.45024777817125,0.270185883180641,0.610259687055896,0.745457193888129
"NDUFV2",0.0971534001920814,7.49572341322242,0.269955560469818,0.610399232799157,0.745457193888129
"TAOK1",0.0816435659049972,7.30874162449897,0.267655736999965,0.611923466532966,0.747144115759825
"STUB1",-0.0938473599764203,6.51731562795813,0.267317681127144,0.612595239535431,0.747789658349299
"PARP1",0.0808638744997111,7.13123128131916,0.265548710868074,0.613303752386725,0.748479737036052
"TIMM9",0.107018166709504,5.3030523789014,0.264173117774721,0.613981768785667,0.749132284183633
"CHCHD7",-0.11372194381597,6.02119545834537,0.263014988351519,0.615010668267544,0.750212546799172
"ADK",-0.116090881269576,5.75603038595512,0.262167481529701,0.615541341493972,0.750684692484599
"SLC41A3",-0.141764145589291,5.64676652823526,0.261658669909416,0.615890120575016,0.750934840271894
"ZRANB1",-0.135754951976856,5.60481349999421,0.259883024696299,0.617084686761042,0.752202424568386
"RALA",-0.111730897666737,5.98394311342064,0.259710611005737,0.617217562459118,0.752202424568386
"PHC1",-0.148396348215431,5.11554712262138,0.257726329342772,0.61817327922886,0.753191545577914
"GON4L",0.137067310166575,5.54830423744272,0.256875591598,0.618693884036443,0.753650182208922
"MRPS18A",0.122316131642854,5.97963392927574,0.257151165060361,0.618921350842368,0.753751607840881
"STX12",-0.0846913206463003,6.59256758854642,0.256586707845365,0.619322487394643,0.754064440161146
"DUS1L",0.122740303361998,5.66991576920409,0.256095532629224,0.61966958763802,0.754148813358927
"DPF2",-0.116834561853005,5.93488056817391,0.255581906128574,0.61968034309864,0.754148813358927
"GLRX5",-0.101317443687928,5.70046364549377,0.254619232711934,0.620665601243619,0.755047140886267
"CARS",0.0944925277419601,6.104566630341,0.254531236230255,0.620707397051519,0.755047140886267
"P3H3",-0.165576551302059,5.84196995622251,0.256541150450392,0.62156030622387,0.755908729788778
"NEK1",-0.103994407121835,6.15035442917593,0.250062313858852,0.623722065055817,0.758236651194039
"NKIRAS2",-0.182715383907945,5.15623560075565,0.249636375855474,0.62388990096,0.758236651194039
"MRPL18",-0.0883735115253087,6.54368592722929,0.249874244132113,0.623915002626244,0.758236651194039
"DROSHA",0.113795357700603,5.22369342544032,0.248947858718273,0.624172518482172,0.758236651194039
"UGGT1",0.145202450633184,6.89461459123503,0.2494095774846,0.624199791484207,0.758236651194039
"ARL6IP1",-0.0727455811890415,8.09416075287597,0.249033161540144,0.624465398279043,0.758383047584702
"EHMT2",0.133146818589613,5.14016256193721,0.248081518606171,0.624666685949484,0.758451281639478
"BCAP29",-0.0983443562384363,5.86970771923383,0.247556685580962,0.6251499570579,0.758861780200102
"GAMT",-0.156377194155056,6.00898225517824,0.247640765384786,0.625387445774218,0.758973805215193
"UBE2O",-0.120674142960062,5.08572369831022,0.246858415215313,0.62564377925462,0.759108643027832
"EIF4G2",0.0660479600399,9.25662097215772,0.246365033528575,0.626312399258816,0.75974353931906
"RPRD2",0.0917174894770732,6.39715875902937,0.245706564584224,0.626786492935399,0.760006727936123
"CLPX",-0.12456774144302,5.10360547487702,0.245376355900028,0.626820165320954,0.760006727936123
"PBRM1",-0.086592905770689,6.42301991384534,0.245374101084397,0.627031746153369,0.76008695202775
"NEMF",0.0763740171941312,6.9946315637813,0.245077747390228,0.62722902857768,0.7601498104279
"SUMO3",-0.0930230166589149,7.31751128770032,0.244347735612329,0.627722374904288,0.76057136152636
"ATIC",-0.114021375640705,5.72771334401305,0.243838550342395,0.628063358776031,0.760808152102506
"MAPK3",-0.098615675165329,5.92498188988936,0.243276540082394,0.628400953862342,0.761040728878235
"GOT1",0.118197208962143,5.93689019565842,0.242162465634684,0.629200280815164,0.761783212481027
"ARHGAP5",0.0717128084490722,7.34560272287425,0.242109760719603,0.629305512051478,0.761783212481027
"PPIL4",0.105558387592915,5.84739254602285,0.23932152238708,0.630092468827739,0.762559234675294
"MRPL11",-0.107167428227472,5.38620400056202,0.239816609371349,0.630919702537667,0.763383630825089
"MRPL1",-0.101464800410845,5.74043856320839,0.238933405977552,0.63141655163213,0.763807987822528
"LYRM4",0.144779081976607,5.11071840547558,0.237360993669607,0.632636473832988,0.764863689872101
"RSF1",-0.105728816555718,6.6935805161097,0.237109462549341,0.632847993607109,0.764863689872101
"ETF1",0.0913637254928675,6.61294877346866,0.237087484066689,0.632853450636938,0.764863689872101
"RHOT1",-0.128412526847071,5.80007958717388,0.236738581508861,0.632874585555163,0.764863689872101
"PHLDB2",0.100239539865161,6.37376484457034,0.236639074369487,0.63308829252967,0.76494510056694
"DHX38",-0.11779823560668,5.33581788565687,0.236201561894112,0.633334463655859,0.764994727103918
"NISCH",0.106442711808064,6.7346406424393,0.236271945027071,0.633422073637987,0.764994727103918
"FOXK1",0.104642604979989,6.06945136856565,0.234522294220484,0.634695992162511,0.766356191044916
"RALGPS1",-0.107585996655791,5.74303770578283,0.233788229173227,0.635082427261328,0.766576315272436
"NRCAM",0.0814218476256224,7.20066944216127,0.233854053738986,0.635171613056231,0.766576315272436
"HTT",0.100909177514742,5.62463541416783,0.232615116039452,0.635964435053368,0.767208806039435
"KANSL1",0.123341200231409,5.75452885858266,0.232255290035833,0.636079507170556,0.767208806039435
"PPP1R3E",0.121745105782522,5.73583783062442,0.232425515075006,0.636136017863959,0.767208806039435
"PTP4A2",0.0637727053784457,7.61795530203851,0.232277001343101,0.636294650412804,0.767223099817238
"GMPPA",-0.123376681947167,5.49093713587208,0.231493941151205,0.63687609884056,0.767611517433413
"CCNDBP1",-0.0896861009095605,6.54067293909339,0.231437812632151,0.636915834404275,0.767611517433413
"NGLY1",0.167778743364133,5.60134383538898,0.230959942029448,0.637081304942049,0.767611517433413
"GSPT1",-0.0810598028413282,6.97096760421576,0.230974260070727,0.637238900951377,0.767611517433413
"SEC24D",-0.0996781869905658,7.31281873487082,0.23081058393918,0.637351059051275,0.767611517433413
"UBXN6",0.0863599142362221,6.84595654656045,0.230454201717428,0.637610904280848,0.76774756891868
"CUTA",-0.0712004249550585,8.75959872028677,0.229950226378559,0.637969466490576,0.767877533111641
"GMPR2",-0.100459579895796,5.78710177329322,0.229879096316337,0.638018676387953,0.767877533111641
"IMPDH2",0.0733360031390846,7.02728221165055,0.229706705828322,0.638159556884823,0.767877533111641
"SSTR3",-0.13585468864901,5.59686263568688,0.22920822428184,0.638825360705917,0.768501763040237
"PLA2G16",-0.0917388062957862,6.81881409116782,0.227986606484236,0.639417626685999,0.76896763156186
"MRPL4",-0.132240101565341,5.30522809012051,0.227621384914406,0.639606654256222,0.76896763156186
"PPP2CB",-0.0790287873727688,7.89421191742158,0.227637636254709,0.639653962508316,0.76896763156186
"USP30",-0.272162002620705,4.94704831504688,0.226383271769981,0.640256641094944,0.769482967304004
"SLC9A3R1",-0.0925066242324903,7.29851940427352,0.226661417201817,0.640377062898874,0.769482967304004
"CCNL2",0.0910466143173115,6.49306033183956,0.225969554854275,0.64087653869003,0.769895438952752
"SUCLG2",0.148721683729706,5.51418218258244,0.225741722045836,0.641014913013656,0.769895438952752
"DPAGT1",-0.10945454135289,6.04903953299428,0.224554709106088,0.641911876264246,0.770795629963983
"MRPL37",-0.0987400424980365,5.74193263230005,0.224283361597031,0.642129815291982,0.770824987785431
"RTF1",0.124414883633523,5.7035288151769,0.223553562251883,0.642483249182448,0.770824987785431
"CDK12",-0.131785164378817,5.46699703129202,0.223339156857765,0.642499435331303,0.770824987785431
"OFD1",0.120340766465665,5.75144217155452,0.22341048126461,0.642526204664459,0.770824987785431
"DYNC1I1",0.113408308102018,5.38049883915462,0.222026602024584,0.643170143396153,0.771389692671695
"MFSD1",-0.116795910121126,6.0841744433532,0.222681258673418,0.643292073915423,0.771389692671695
"ME2",0.116048301334177,5.56217203978571,0.221812218346517,0.64393843865995,0.771855312766027
"LONP2",0.104016517465004,6.94445782276207,0.221798203749558,0.6439757067099,0.771855312766027
"ZNFX1",0.143549774298893,5.83345386499227,0.22079754137276,0.644672111514286,0.772512867236399
"NT5C2",-0.140930390421071,6.19496424918185,0.220655696947274,0.644821530893124,0.772514815947366
"NUB1",0.10754813234614,5.9491353423788,0.219900414361595,0.645362885230809,0.772819268336106
"TMEM248",-0.0858764231063583,7.13581627150603,0.219898302563152,0.645371361447695,0.772819268336106
"FBXO9",-0.0970534909831954,6.89103270911928,0.219385354510414,0.64576720817949,0.773094939423928
"RPL41",0.0461213587608653,12.113270333669,0.219184529543688,0.645897379082512,0.773094939423928
"PEX16",0.108430034501524,5.30186127325447,0.218673924113305,0.6461901987947,0.773230279272797
"ADRM1",0.114913672895016,6.36303697284064,0.218618821174751,0.646349930853256,0.773230279272797
"AK3",-0.0881816350452102,7.16589626170445,0.218450078092658,0.646454241519442,0.773230279272797
"ZZEF1",-0.171798859754729,5.90119959239543,0.217607731543701,0.647101576688058,0.773827486009719
"PRKAR1A",-0.0520419110603508,9.14128026872065,0.217058687682225,0.647491922269,0.774117172392512
"MRPL20",0.0709850256258666,7.6525674801636,0.214778484229367,0.649213791591206,0.775942996430436
"RALY",0.0958837444917137,6.3244699738701,0.21466375788559,0.649315987447241,0.775942996430436
"POGZ",-0.0777499349749419,6.71663784877319,0.214255383599302,0.649579853577304,0.776021165777195
"PAK4",0.118217993161491,5.75746357628456,0.213386487286301,0.649807938642858,0.776021165777195
"PSMD5",-0.109594369681274,5.77806058739546,0.212781858163679,0.649826792157411,0.776021165777195
"PRSS1",0.588056031213691,6.73479395508843,0.218723656970575,0.650154309805682,0.776234942291983
"KPNA4",0.0979744771908931,5.91774149966254,0.213281434048964,0.65037734828614,0.776323909452307
"CCDC115",-0.10745200848232,5.51269560774872,0.212236263324265,0.651027645613456,0.776922717721812
"RSAD1",-0.107662886198524,5.54546674837789,0.21155375312524,0.65159919601749,0.777416467480157
"FAM199X",-0.100345447202968,5.68178585644297,0.211494967446261,0.651738848383021,0.777416467480157
"TMEM68",-0.104701123935269,5.57023818464874,0.211167292802856,0.651969284779433,0.777513906352292
"FIS1",0.0858954057217961,7.23034359964382,0.210250644825532,0.652672940821662,0.778049044737527
"KAT5",0.132954822860717,5.42758843324736,0.209310704014625,0.65271571860992,0.778049044737527
"PSMD2",0.0682608536846993,7.63806876398909,0.209560905675549,0.65319438584828,0.77829037618904
"FBRS",-0.0995696272432256,5.04793782170738,0.209517347468464,0.653263171073701,0.77829037618904
"GORASP2",0.0661786069170297,7.55655416996054,0.209250828389904,0.653433104203097,0.77829037618904
"PCIF1",0.0890230571740959,5.87989786965276,0.209102936764535,0.653513767188387,0.77829037618904
"UBE2W",-0.100646792113981,6.59745980160359,0.208551039078589,0.653973791939262,0.77858705222038
"CASC3",-0.0851728775748575,6.81590492609358,0.20845612400564,0.654060789420258,0.77858705222038
"TRIB3",0.16096523633787,6.44645401881003,0.207821289442635,0.654568619494989,0.779014156215917
"BRE",0.0966344399922781,6.07705902452688,0.206151329274492,0.656242747584114,0.780772393109643
"AP1M2",-0.0858080274574169,6.70054283836643,0.20549378311808,0.656344728395594,0.780772393109643
"PTCD3",0.0947881435777709,6.1023401047539,0.204934157761229,0.656669556269286,0.780902774853374
"CLN8",-0.139517339717692,5.74601415683269,0.204673117103701,0.656753127655525,0.780902774853374
"UBE4B",0.118789493660482,5.65283527193483,0.203832981322021,0.657558717211704,0.781544500791724
"NCLN",0.210876320284339,4.91445586451442,0.203686393857367,0.657674305069605,0.781544500791724
"AIG1",-0.0752107519319772,6.97433394583218,0.203714011034029,0.657741392573712,0.781544500791724
"RUVBL2",0.112593504976195,5.38167589796709,0.203112050253811,0.658076786369523,0.781724905168764
"ARMCX2",0.113060585803954,5.7277424344033,0.201792594351509,0.65819232975851,0.781724905168764
"SLBP",-0.162887216173124,5.89530313194345,0.202285267148484,0.658869608598146,0.782071182017508
"LARP1B",0.101631800540958,5.67639612729206,0.202110497904649,0.65889305082367,0.782071182017508
"PPP1R8",-0.0934773798984428,5.47003583092962,0.202209740261726,0.658932750259251,0.782071182017508
"GOLGA2",0.0799056620679555,7.69362306102803,0.201192713866202,0.659705846036278,0.782737012132138
"SEC61G",0.0590140694934373,8.18544437124715,0.20054891940079,0.660208879129865,0.782737012132138
"YTHDF2",0.0759045835485021,6.56651164581185,0.200296563797627,0.660430466788328,0.782737012132138
"PSMG2",0.08390812953617,6.14333848719759,0.200181189434369,0.660525544177469,0.782737012132138
"PTGR1",0.105892384906125,6.16492846552562,0.199938486452948,0.660620538406219,0.782737012132138
"NDUFA10",0.0693380521340932,7.04009001659506,0.199912230556045,0.660726969054566,0.782737012132138
"WNK1",-0.0740989294054354,7.32688600846361,0.199764757085501,0.660834303470071,0.782737012132138
"SRPK2",-0.0958799312647491,6.55539914323269,0.199698205700935,0.660860857062772,0.782737012132138
"PIP5K1A",-0.127870248514656,5.13691736681923,0.199559412497972,0.660884560239021,0.782737012132138
"RAB2B",-0.0975829715872702,5.35564020357354,0.199224534195048,0.660991232361059,0.782737012132138
"OARD1",-0.0914920912678027,5.84730314184248,0.19937653158953,0.661171279077547,0.78277288238694
"EIF4H",0.058217822417259,8.05949903855262,0.19897212720404,0.661456373817646,0.782852057165055
"CAP1",-0.0660526734494891,7.88957791893113,0.198870121647237,0.6615376959055,0.782852057165055
"SELK",0.0748045324743118,7.83752084336015,0.198635925705536,0.66210695349425,0.783348358061214
"YES1",-0.112624847286579,5.545418319003,0.195524863966656,0.663829031030395,0.785208043719365
"CHTF8",-0.0830215026983178,5.91302370227293,0.195323033426802,0.664376827320935,0.785678207331794
"TMEM63C",0.122410515451178,5.00650318594775,0.194851697410202,0.664540965287564,0.785694554525695
"AHSA1",0.0741532378819749,6.85754508810904,0.194867214296932,0.664744814954593,0.785757835316069
"AIFM1",0.0937637368737308,5.51128927842876,0.194440026369538,0.665059029365353,0.785951514015984
"ZCCHC8",0.141744477302155,5.64661921876382,0.193823346205533,0.665378520724083,0.786151339924227
"GPBP1L1",-0.0808567365499507,6.42615376280357,0.193842981313748,0.665574930082207,0.786205685771683
"SPAG7",0.112113976985277,6.77775286584868,0.193084908426328,0.666157504155612,0.78671605834193
"TMEM242",-0.0998456684594128,5.80426696297351,0.191151288248231,0.667758735203167,0.788428938086053
"GDF15",-0.368074552304893,6.25099123370911,0.194983371907844,0.669139298220003,0.789880558219502
"ARL15",-0.0937025694392398,5.36844564037582,0.188382840214215,0.66962730825523,0.790278153138425
"CHERP",0.120827546442844,5.0207464850825,0.187687309283539,0.670464500451901,0.791087571977898
"DCTN1",0.0788397461558566,7.56295178803853,0.186604560375547,0.671459438827111,0.791867712179466
"COX7A2",-0.0578575411899088,9.53925399176605,0.186457915684935,0.671571926834084,0.791867712179466
"AKAP1",-0.120691856767,5.11973274752928,0.186396345881779,0.671614039284626,0.791867712179466
"CCNH",-0.106290344007937,5.7803004021031,0.185449032277158,0.671735893971634,0.791867712179466
"CYB561",-0.0772834947385123,6.48905790790029,0.186106427131051,0.671883165011657,0.791867712179466
"NAP1L5",0.0846741791313958,5.78568074686147,0.185258078506879,0.672326424481419,0.792211501524882
"NECAP2",-0.135009463174021,5.44971220347814,0.184786016121317,0.672908272823167,0.792550860177423
"EVI5",0.147363720003455,5.69856887145135,0.184655883426888,0.673036156802177,0.792550860177423
"PAX6",0.0616968751417067,9.74293124493492,0.184389614613715,0.673282903179076,0.792550860177423
"ZBED5",0.104873081673462,5.89540754481706,0.184091688919384,0.67341239445768,0.792550860177423
"STK16",-0.151085060602647,4.7708669118317,0.183969167628012,0.673648520678729,0.792550860177423
"GDI2",0.0705060201431511,8.04023446191693,0.18359281027723,0.673948388448135,0.792550860177423
"WBP4",-0.102056745234533,5.51492427759042,0.183204836816035,0.673953506101885,0.792550860177423
"PTGES3",0.0599237492245855,8.01372901445965,0.183546957538707,0.673986760651205,0.792550860177423
"GDA",-0.109191827913885,6.69519745540073,0.183407671689624,0.67411741236159,0.792550860177423
"YTHDF1",0.0778079442504648,5.96507983854378,0.183401794164805,0.674130691476721,0.792550860177423
"PPP1R1A",0.0908262786712366,9.95848990425181,0.182796315213972,0.674672411743351,0.793009376249718
"FBXO21",0.08147142850591,6.62210136917875,0.18190106657905,0.675368487766503,0.793286679922878
"COQ10B",0.0955745702267583,6.44885132758421,0.18185425030326,0.675421189046231,0.793286679922878
"SLC35C2",0.106723992986683,5.45910798884105,0.181656384853564,0.67557056383068,0.793286679922878
"HARS",0.120822934252352,5.81604355284062,0.181472990989919,0.67558901102287,0.793286679922878
"APTX",-0.116354713112263,5.62107689851358,0.181451638428445,0.675667170272939,0.793286679922878
"HERC4",0.124015094661511,5.61059512050054,0.181068785907701,0.675930608100001,0.793336124467856
"EIF4G1",0.0893010045334308,7.56314760812084,0.181122211950975,0.676012836881544,0.793336124467856
"KHDRBS1",0.0674050094420739,7.35348751073796,0.180429902145003,0.676596857449833,0.793843271355842
"SCAPER",0.110722158475854,6.55813425100187,0.1797007248329,0.677223594550525,0.794400298185726
"RBM33",-0.128906854896279,5.38128151464389,0.177633194656095,0.678501895142459,0.795721203928569
"SMPDL3A",0.0949018186881157,5.36577296855317,0.177837007997652,0.678769369474314,0.795856324415038
"SACM1L",-0.0780107568305079,5.9262046407181,0.177282936493166,0.679173269617876,0.796151307533671
"ARFIP1",0.105318299480419,6.18649769900692,0.175885117662471,0.680412414779434,0.797425043061009
"FLOT1",0.0641389497912964,8.06615073424276,0.175649004896317,0.680644025195825,0.797517668616583
"GDE1",0.105559212140746,5.96557329021342,0.175308093202299,0.68095408124655,0.797702147618942
"UFC1",0.0678261505659764,7.52318178737195,0.174932443046099,0.681260853797478,0.797718277463039
"RBBP7",0.0959359047195048,7.12455409044937,0.174751030113224,0.681420097726884,0.797718277463039
"CBX1",-0.0798318450043256,6.14930649569869,0.174758806197218,0.681425695211875,0.797718277463039
"COMMD1",-0.109297878189031,5.55224278987523,0.174094017899539,0.681836121577031,0.798020019588701
"PHF8",-0.122384751812326,5.16962652112922,0.173744001628615,0.682241784039473,0.798316052199312
"GSS",0.097220855326412,5.97991201018748,0.173264772368368,0.682626938878776,0.798510903378973
"PIGM",-0.105712515248968,5.39607534379159,0.172539868893835,0.682858295589156,0.798510903378973
"CHPT1",0.121085059647103,4.57750341563117,0.172751798928543,0.68287575842153,0.798510903378973
"CNIH4",0.0938693056357294,6.0578499635483,0.1729326803627,0.683019370385955,0.798510903378973
"WRNIP1",-0.101110569165434,6.26763625459206,0.172396272532489,0.683455365534357,0.798715598703022
"MANSC1",-0.080745724235131,5.81518646375304,0.172350838491367,0.68350007135998,0.798715598703022
"ZFYVE21",-0.105024260798769,5.65050540502251,0.171811205986343,0.683709074660501,0.798781254638006
"EWSR1",-0.069408604668326,7.48126151672013,0.171853100450651,0.683910994928493,0.798838607931002
"PARL",0.0788359535455002,6.33245177624243,0.171494391665329,0.68423330554582,0.79903652548883
"BRMS1",-0.104160394392313,5.26755846506275,0.170804509879403,0.684794785556021,0.799513590373313
"CRCP",-0.0902186910868407,5.34863601046099,0.169595336244836,0.685623038594543,0.800301836251379
"TRAPPC4",0.0729496574274292,7.44220117435449,0.168854589490287,0.686523238611717,0.801172999757028
"ZYG11B",0.0879402407055864,6.18380723544172,0.168604218103755,0.686675920970248,0.801172999757028
"ZCCHC14",-0.0926064017008462,5.89164940340671,0.168118060555548,0.687100873228165,0.801359620785625
"ELP6",-0.11616295845161,5.19425405336313,0.167947878836648,0.687142494807953,0.801359620785625
"SLC35B1",0.0781821116134514,7.41830047189126,0.167940480196201,0.687319946432188,0.801385730546659
"RRM1",0.0965882968821934,6.29992567669798,0.167668749625898,0.687504513386365,0.801385730546659
"LUC7L3",-0.0581019016241792,7.94259655627813,0.167605572724155,0.687624832887271,0.801385730546659
"COX7A1",-0.128906564409698,6.71751779172513,0.16730786647438,0.687878479530039,0.801409925863598
"MPHOSPH6",0.0930810485951866,5.51663442392067,0.167051124775468,0.688050777922435,0.801409925863598
"TET2",0.0978827320953675,5.47693726126991,0.166671337744129,0.688105557160097,0.801409925863598
"SDAD1",0.107488721931028,6.13241579442433,0.166675231607283,0.688472541916768,0.801658716105802
"MAP7D1",0.0852285053867269,6.12592847120154,0.165932531836528,0.689097011571399,0.802207144651158
"RIOK3",0.0998367808887044,6.20594608612032,0.164912753238097,0.690001806291805,0.802992913947702
"NLK",0.0881626122062767,5.4083365822528,0.164829752897527,0.690096873010538,0.802992913947702
"SLC25A44",0.0998135875252611,5.66308490297826,0.164457490215431,0.690232860602071,0.802992913947702
"ASH1L",-0.091095040829811,7.42929639063469,0.164429865667397,0.690431476568287,0.80304524433076
"BUD31",0.0623959972239209,7.08452059366987,0.163898151495446,0.690831256308937,0.803331474244008
"TBL2",0.190135002402475,5.01289261796109,0.162707034433076,0.691896231869575,0.804055489201629
"NXT1",0.110774519468675,4.94976795630534,0.162623424164,0.691986226568563,0.804055489201629
"WAC",0.0638905801282968,7.84677566446186,0.162625349775802,0.692024947543533,0.804055489201629
"DERA",0.0983458663486789,5.69660163097048,0.162354279616011,0.692206370138365,0.804055489201629
"RNF4",-0.0942679277603235,5.49018620767552,0.162421110997599,0.692223015383074,0.804055489201629
"HEBP2",0.0723787109734674,6.36746684381892,0.162144617498198,0.692468038694509,0.804161394858076
"HTATIP2",0.076651008824188,6.88006728843407,0.161787939847487,0.692781799820077,0.804331696401171
"FBXO31",0.0829079901391821,5.47249722214572,0.161487150297186,0.692922446698771,0.804331696401171
"CIZ1",-0.0995196135944517,5.50944133925109,0.160623743876207,0.693739625620648,0.805101470497141
"INSIG1",0.0922067201304098,7.20927596366634,0.159965731366771,0.694376086977585,0.805661222337811
"CRELD1",-0.0982083635761158,6.89006130677049,0.159608707583435,0.694744843426575,0.805910185661498
"HEXIM1",-0.0977500056292066,5.7958781768444,0.159333018165326,0.695007790560358,0.806036325994894
"CSNK2B",0.0664825548689185,7.21883049599598,0.159045687382747,0.695252961554509,0.806141799034032
"SECISBP2L",-0.112061549846185,5.70014288741836,0.157446009474205,0.696341404787646,0.807224777738972
"WDR33",0.0738596738857749,6.51185456618064,0.157587655163874,0.696583057346758,0.807325862694346
"WBSCR16",0.120742517934885,4.67734455199485,0.15734719599941,0.697125436594597,0.807775361800035
"ABT1",0.0847066716132053,5.87954342401084,0.156276407251619,0.697783999062665,0.808359256006327
"RPS26",0.066862841004997,9.11452017589588,0.154544872205819,0.699354351779167,0.809998935685732
"LTV1",0.12452645399606,5.47423087217581,0.153250030216524,0.70016446647097,0.810757568950767
"CNOT10",0.103111002307516,5.31684770218165,0.152011824992591,0.701023240722065,0.811353653026374
"FARSA",0.111570061158718,6.30718387011359,0.152543644243281,0.701231051315917,0.811353653026374
"EIF5",-0.0665330663406493,7.56684303678528,0.152498628424088,0.70125299473008,0.811353653026374
"CAMTA2",-0.117631175482537,5.4153424379172,0.152435887052811,0.701300134756678,0.811353653026374
"MKLN1",-0.105134898184547,6.48839093689915,0.152158156308572,0.701545355099769,0.811457749746955
"FUBP3",-0.0830518373042166,5.59715202220722,0.15161966351132,0.702023648284225,0.811831329553461
"POLR2I",0.0700103148738394,6.95297569265912,0.151417735817524,0.70225938502147,0.811924309999386
"UGGT2",-0.0909324402843878,6.0259845254216,0.151079810355625,0.702528538634603,0.81200179751779
"CSNK1E",0.0624034628267169,6.80747406791936,0.150951368329684,0.702693680104948,0.81200179751779
"LMAN2L",-0.121800975062134,5.50150776832761,0.150865895871597,0.702792449200399,0.81200179751779
"TRAK1",-0.0661915013025124,6.91637898211787,0.150688555036487,0.702948805327858,0.812002962530102
"HIATL1",-0.129207326076565,4.74422128221333,0.148838646306906,0.704943594252014,0.814069600637204
"NSRP1",0.0754085545702743,6.85557704548637,0.148423457688453,0.705049374800961,0.814069600637204
"TNRC6A",-0.100205996046087,6.52464839563166,0.147928175785906,0.705542441862854,0.814458998148661
"MPV17",-0.0675115833743124,7.38896752942311,0.147371992561093,0.706060986544595,0.814877627880017
"ACOT13",-0.0762795253412386,6.54770178853832,0.147078737804224,0.70633501263911,0.814965945618307
"MOGS",-0.181958971472868,5.22829036176828,0.147040678353833,0.706449339888377,0.814965945618307
"CSNK1G2",-0.158615822998446,4.96817437986173,0.14554340023795,0.707767254044067,0.816306142296632
"LMO7",0.0891938865358373,5.62213023847702,0.144895323571616,0.708410992011648,0.816868355447802
"MDM2",-0.104285853674505,6.35180334948088,0.144271768473425,0.708952201800588,0.81731212148471
"CEP170B",-0.109507410489457,4.96916400806883,0.143115311595425,0.70996807578775,0.818302785477964
"SART1",-0.098484158875669,4.8105888855321,0.142524614303876,0.710652558903535,0.81891113875414
"SDHB",-0.0851293991795083,7.27185633329819,0.141619646683086,0.711569605573551,0.819734577212483
"TMEM43",-0.0975257657036207,5.65558223360479,0.14148811938324,0.711681100139217,0.819734577212483
"FAM134C",0.0769495996961903,6.0240657399546,0.141628421032014,0.711894286456865,0.819734577212483
"CTNNBIP1",-0.121348435281893,5.23681911224135,0.140985121773926,0.711994448162364,0.819734577212483
"UBQLN2",0.089448944323241,6.53171550289538,0.140467185313298,0.712691798146088,0.820356755980974
"DIAPH1",-0.100175040848611,6.45045830756052,0.140024649560691,0.713121382720387,0.820419180863359
"SREK1IP1",-0.0642598140824724,6.45993759318046,0.13997039120209,0.713178406263409,0.820419180863359
"SEC16A",-0.0876117939494839,6.39625410530272,0.139902685090053,0.713251671636594,0.820419180863359
"GRAMD3",-0.10481730701646,5.38312100213833,0.140062849115263,0.713373862066954,0.820419180863359
"RAPGEF1",0.0912252418134775,5.04984867481415,0.138173643323358,0.714898724232333,0.821991999903741
"ROCK1",0.0811698157673863,6.63950875412369,0.137695711568016,0.715222356280055,0.822135636618178
"SCCPDH",-0.116973781137341,6.59926096514315,0.137765734437959,0.71533821988511,0.822135636618178
"TMX3",-0.108315732856863,5.37098574555045,0.136659777160359,0.716145976430267,0.822883055353046
"GTF2A2",-0.0670547600976722,7.26537421866162,0.1364670906357,0.716611776968239,0.82314302225873
"PTMA",-0.0397895394942597,9.93735476682511,0.13638097710171,0.716687180849336,0.82314302225873
"SMIM6",-0.101242707439506,5.65240090591349,0.135909695849048,0.717192294317114,0.823433527948028
"CALM2",-0.0484578052411954,10.2346639391661,0.135807849910157,0.71725518514394,0.823433527948028
"MRPS16",0.072410050873628,6.90431689245777,0.135540931595271,0.717528832359103,0.823566799899216
"CDS2",-0.0645001132556012,7.5083379978044,0.135165834488879,0.717903009063016,0.823815373956616
"TM7SF3",-0.0758697334260033,6.64048150217072,0.134129278129769,0.718946512294227,0.824831742704549
"RASSF4",-0.078287990130517,6.13837114871152,0.133803313926807,0.719237459368468,0.824984463488914
"SRP9",0.0628568067082184,8.54692313763176,0.132151781420912,0.720912922971959,0.826724846067229
"ETNK2",0.0985176114051214,5.37558221531313,0.13157892426389,0.721409138039781,0.827112429158573
"ILK",0.0718933189017246,6.6367718073408,0.131381138777894,0.721707313405424,0.827272834905735
"AKIRIN1",-0.0895603950319585,6.71316699898066,0.131125084269909,0.721958821436337,0.827379688587532
"IFRD1",0.0896139834358201,6.11012407290615,0.13062818003603,0.722473944021961,0.827788536914246
"EVL",0.109826064809368,5.54078968881004,0.13032278094385,0.72275186690672,0.82792548944147
"PGLS",-0.101524600410434,5.74101413890302,0.129895183735787,0.723146486357709,0.82819103125454
"RPS11",0.0353336050726404,11.1129176134639,0.129659426137296,0.723435704035532,0.82819103125454
"SLC23A2",0.0814989661890067,5.90341102092831,0.129473623539789,0.723517672803942,0.82819103125454
"SNX29",0.0938585480880913,5.86283618581168,0.129503855025015,0.723617455469578,0.82819103125454
"MARCH6",-0.0471456201544085,8.09896294716085,0.127917259434699,0.725221065336516,0.829844682249117
"NUDT22",-0.0824325682721681,5.20627556806978,0.127017200657533,0.726165720665807,0.830715961406026
"ILF3",-0.0633771873982988,7.14102992123608,0.126723618652227,0.726455977617771,0.830715961406026
"MON2",-0.0849588444397697,5.65161194184461,0.126622777475136,0.726459280579098,0.830715961406026
"DHDDS",-0.080913991971289,5.39032114022815,0.125551276257498,0.727647690761576,0.831892930798503
"PFDN2",0.0646093042009364,6.98168918771923,0.125030298412354,0.728208072959524,0.832351541080129
"COQ10A",0.118604424566798,5.41484404006708,0.124546048974604,0.728729793670696,0.832765769898716
"ATPIF1",-0.0569680851055865,8.40946892088428,0.124602653805176,0.728942125210644,0.832826336278915
"R3HDM2",-0.0984190069705617,6.48184428257327,0.123381467116946,0.729935775607688,0.833451062950198
"CACNA1C",-0.137146768864276,5.4075882011537,0.123273124786433,0.72996765998708,0.833451062950198
"SLTM",-0.0594379988639622,7.22199317425571,0.123297012423094,0.730019065731749,0.833451062950198
"PPP4R2",-0.0790319921520481,5.2970309397722,0.123017800394817,0.730311500067568,0.833451062950198
"NAP1L4",0.0641704255268257,6.53013285210542,0.122888986618365,0.730450615014193,0.833451062950198
"SCAMP2",-0.056272208634878,6.92440056414785,0.12268629011038,0.730659176250232,0.833451062950198
"NFU1",-0.0685850408868418,6.64855024285934,0.122668568002395,0.73068375767682,0.833451062950198
"SH3GLB2",-0.0763651163852148,5.30078138274598,0.122512495691218,0.730764534436724,0.833451062950198
"ZBTB7A",0.0655953335611617,6.44594522786719,0.122316435884989,0.731051157874697,0.833596073780768
"TMEM60",-0.0718261146843985,6.5807174179328,0.122063616934402,0.731305202758658,0.833698407460429
"HDAC2",0.0697364581853489,6.67753217671896,0.121919536189097,0.731459899868668,0.833698407460429
"MRPL3",0.0634765467291372,6.50958809907193,0.12173508389112,0.731672460046363,0.833758872610059
"PSMD3",0.0620083056737943,6.28174747515889,0.120743366384434,0.73271144804678,0.834760841094272
"WBP5",0.0902960473992846,6.59498771803351,0.120576671970117,0.733050546223003,0.834887704727483
"DTD1",-0.0680185795090272,6.45153130824273,0.120325162157903,0.733142254581815,0.834887704727483
"CYB5B",-0.0840625178727344,6.27702061412203,0.119278984279175,0.734275237164522,0.835995788424952
"MRPL23",-0.0697515069243903,5.73276880284124,0.118408943313889,0.734903640130637,0.836433024412176
"NDUFA3",0.0571764859874062,7.34127489510796,0.118621057335265,0.734979315309953,0.836433024412176
"ORAI3",-0.0801366652642977,5.56083251485679,0.118047534943526,0.735608215957535,0.836966509536359
"NOLC1",0.0699282427742317,6.5139477440611,0.117594668978385,0.736090815563184,0.83733333905305
"PHC2",0.0710335828949653,7.21455322408972,0.116861849639973,0.736864255415302,0.838030779603086
"KPNA6",0.0531788377972377,7.94754875507124,0.115235027837214,0.738629358805896,0.839830974234266
"IER3IP1",0.0479601743295216,7.98358070302235,0.115100763366377,0.738768475134715,0.839830974234266
"GLIS2",0.112342857701038,5.62956098114619,0.114797191920167,0.739092489178838,0.839932372378919
"FBXL15",0.0817907497686004,5.60945229915217,0.114610578957548,0.739309557177342,0.839932372378919
"COX5B",0.0506071418033763,8.30363951399078,0.114478896599428,0.739446806219685,0.839932372378919
"POLR2A",-0.0838720334811355,6.71067349087237,0.11443801438449,0.739500435754311,0.839932372378919
"DLG4",-0.132249477120939,4.74109443457394,0.113840071269955,0.740174264857556,0.840515073302291
"CORO1C",0.111269832438235,5.3804472019183,0.112573834634575,0.741533188929091,0.841875321140825
"MMADHC",0.0591922804425675,6.96121029417765,0.111301057649654,0.742952701178579,0.84326379858555
"PIGK",-0.0808349017904877,6.54268784518641,0.110798917204572,0.743078832271866,0.84326379858555
"CDK13",0.0845694614180552,5.47609383597059,0.110151405645808,0.743953048491681,0.844072625236817
"RGS7",-0.0819847129028906,5.5718529045477,0.109936084611583,0.744471405215372,0.84446258342018
"FAM46C",-0.0739673153631806,6.95725686254657,0.109885264115162,0.744771271398029,0.84446258342018
"IDH3A",-0.0774886195993463,6.32176883575834,0.109656151080793,0.744781425208921,0.84446258342018
"TOMM22",-0.0537729051170224,6.36333238836318,0.109441563466987,0.745032750621939,0.844503843445398
"WDR45",0.0874449338061845,5.67151766335229,0.109072728963036,0.745140946234967,0.844503843445398
"MAPRE1",-0.0505794487174259,8.36983744409608,0.10896947390659,0.745553257726487,0.844787964044298
"SLC25A28",-0.105785710682182,4.94869857290212,0.108734736957318,0.745821801881103,0.844901429693838
"FIP1L1",-0.070521980747435,6.05623747670679,0.108600119567125,0.745976678407702,0.844901429693838
"NRXN1",0.0878278087317944,6.29049500784114,0.107666568750939,0.746712596388839,0.845538628538973
"CPSF2",0.0614828631291468,6.01156737356197,0.107635563234437,0.746862798539208,0.845538628538973
"VIMP",0.0686330493041818,6.55498465198599,0.107514707866104,0.747472786164981,0.846045962166383
"PSPC1",-0.125824978627123,5.00276421922944,0.106806628834261,0.747721321361718,0.846144045628426
"MARCH2",0.0865014635016161,4.62736986151222,0.106807298684568,0.747947513195835,0.846216807678491
"RALBP1",-0.0726065028379271,6.26844376408737,0.105334482952111,0.7496830721719,0.847749269300407
"HBP1",0.077571826684626,6.18861019703268,0.104917615390726,0.749774283671269,0.847749269300407
"SNRNP70",-0.0539342682684868,6.7746057516037,0.105240496577854,0.749788573173097,0.847749269300407
"RLIM",0.0794505490370817,7.13532720695194,0.10451696089907,0.75062280306825,0.84849653212888
"PDHB",0.0599389067043803,7.04280992281469,0.104387134189435,0.750774145991213,0.84849653212888
"TMED9",-0.0529833371526739,8.16353666506756,0.104120294759399,0.751066930926774,0.848525609000624
"SPPL3",-0.066758306467654,5.73119269324482,0.104070377051388,0.751124544259783,0.848525609000624
"NEDD8",-0.0455850152266939,8.19031386888756,0.103136665302855,0.752203293385227,0.849560634080506
"SESTD1",-0.0627037479268183,6.21003873717261,0.10251488344182,0.752901173766417,0.850027708030724
"NDUFS2",0.0593906385169784,7.24517626695306,0.102512769362275,0.752942086891573,0.850027708030724
"TMEM259",0.0791972633635079,5.69168243867519,0.10228649086834,0.753776493785537,0.850470104219391
"ARHGEF7",-0.0798391773381687,5.43245095799505,0.101575913365194,0.753809664436503,0.850470104219391
"USP7",-0.0648847389060409,6.96975124326432,0.101751571991602,0.753822076305421,0.850470104219391
"FKBP9",-0.0666833845830244,6.54985487325157,0.100915339975585,0.754450009647345,0.850747963473338
"PTGES2",-0.0785144299650315,6.14525224011747,0.101009216704141,0.754700129082666,0.850747963473338
"TUBA1A",-0.0510779923809528,10.3391307863741,0.10081574979976,0.754907715801173,0.850747963473338
"SRP14",-0.0338171460679377,9.53431763951535,0.100776507235291,0.754953820489981,0.850747963473338
"ECI1",-0.0656606357736209,6.08372415516825,0.100702970031951,0.755044703982778,0.850747963473338
"SLC35F5",0.0708436817201979,6.14408827786223,0.100699244176845,0.755044921092944,0.850747963473338
"SRBD1",-0.0799489085256957,5.90266165490607,0.0998965468804494,0.755627004218463,0.851220334277997
"VWA9",-0.091447504143317,4.71373565287864,0.0998187900719553,0.756264585436471,0.851641191235208
"TRIM56",0.0853196123266147,5.11173064875253,0.0996140588095269,0.756326460630158,0.851641191235208
"TOP2B",-0.0546156153247913,6.71827362784898,0.0987514194143385,0.757351857178799,0.85261213815929
"IVD",-0.0742639490950347,6.32023277937346,0.0982945337438014,0.757801050953137,0.852934128624472
"BCCIP",0.0660744159046579,6.4755031010839,0.0980107027750065,0.758221456407651,0.853223585068416
"HNRNPDL",-0.055694451852757,8.09813761729108,0.098208072630765,0.758546115059089,0.853405196602207
"DDX23",-0.115459336673823,5.79967706685571,0.096980540586363,0.759475192108317,0.854266586862529
"SSRP1",-0.0674778211996865,6.50189633921564,0.0957807953177008,0.760904264008792,0.855689885536565
"MPHOSPH10",0.0802428495623178,5.5953513045215,0.0949965137302422,0.76148169001288,0.856155042739798
"RUFY1",-0.0688382198057733,5.84559279802799,0.0949803249197864,0.761851038897105,0.856266540464237
"BEX1",0.0379367838354264,9.66376405856411,0.094944834729863,0.761908490472387,0.856266540464237
"EXOC4",-0.104980076429168,5.2711268228058,0.0942703484044889,0.762692973246491,0.856946831140666
"SON",0.0441677961422811,8.52011153073093,0.09417831697297,0.76284170753731,0.856946831140666
"SLMAP",0.0823762327706404,5.36689536104455,0.0933713957749769,0.763584704980422,0.857429684443598
"PDCD6IP",0.0512268061963178,6.82882711634076,0.0935555182104401,0.763599613752621,0.857429684443598
"XPO6",0.070342198971033,5.730521992154,0.0932555551108458,0.763966065728912,0.85746919331025
"HSF1",-0.0705988457099566,5.33484201770974,0.0931356765897801,0.764125065541553,0.85746919331025
"SNX14",-0.0628463827078265,6.29252460496335,0.0931220877733267,0.764126937524229,0.85746919331025
"RPL39",0.0389234125599646,9.11472096996744,0.0928454727950819,0.76446931061594,0.85766926091211
"SMIM12",0.0649871658616014,5.99833963581298,0.0925525769292681,0.764849063623979,0.857822264593163
"IRGQ",-0.084540168235362,6.16159791061011,0.0923944608428564,0.764933915299164,0.857822264593163
"RBM5",0.0508386260032423,6.66955533272364,0.092245852424882,0.765178249486298,0.857912207221123
"METTL15",-0.0860905658949835,5.11527631957092,0.0909703924275102,0.766588956866931,0.859309559842043
"WDR45B",0.0408964245581685,7.41380983945658,0.0909941286748093,0.766755868011523,0.859312376092674
"SEC11A",-0.0421801387999126,7.82046489972698,0.0901779662693648,0.767770570469618,0.86002990101177
"RPS19",-0.0287247441772098,10.3682635121501,0.090134700070177,0.767823360680646,0.86002990101177
"BRIX1",0.100178807878412,5.6903050104859,0.0897349729751416,0.767889716476359,0.86002990101177
"HDAC3",-0.0678786011703648,5.65799033566182,0.0897197368225001,0.768326384904359,0.860334621657045
"UTP18",0.061144089874383,5.63460040005642,0.0894901484793423,0.768656094455894,0.860448939569668
"IFT74",-0.0792316465985406,5.52016434692315,0.0893345583122283,0.768757709544739,0.860448939569668
"TCEAL1",0.0876137702151864,6.18491899261548,0.0890055569308915,0.769260644830275,0.860752846348508
"VPS52",0.0929434119148733,5.77993920984192,0.0889186966010252,0.769358580091875,0.860752846348508
"STAMBP",0.0844670324292924,5.34012589997723,0.0885500422749183,0.769734271798396,0.860943593177119
"CUL4A",-0.058289642839593,6.16386444068511,0.0885192121463851,0.769858495219027,0.860943593177119
"APP",0.0355402087153524,8.81210505066296,0.0876926404919108,0.770893197433908,0.861793698821543
"VEZF1",0.0551758119830801,6.50685392717981,0.0876311258605425,0.770983041094102,0.861793698821543
"CFAP97",-0.0975968409005262,4.74317383879647,0.0878407316907654,0.77156454175148,0.861793698821543
"GEMIN8",-0.0798474501212294,5.84479668811024,0.0868500053183273,0.771817112268274,0.861793698821543
"B3GALT6",-0.0648946359302239,5.26885219271095,0.0867666464587687,0.772074822879133,0.861793698821543
"MBNL2",-0.073085450267917,6.72702188178216,0.0866727545339701,0.772202957682253,0.861793698821543
"UBALD1",-0.0843393052387221,4.5216751690765,0.0864707970239534,0.772221945937346,0.861793698821543
"SMG7",0.0701909350192875,6.29165194620154,0.0866198497617607,0.772251900612049,0.861793698821543
"NXF1",-0.05868467398109,6.30768729032392,0.0864852975631858,0.772364172711395,0.861793698821543
"DCAF5",-0.0668126679006698,6.15335830094849,0.0864599109984592,0.772392658669218,0.861793698821543
"STXBP3",0.0653369812639239,5.92589721880189,0.0862460922125069,0.772432270705745,0.861793698821543
"ATXN2",-0.0676113259573582,6.97934363035341,0.0860327168770841,0.773006364360745,0.862250163575249
"GGPS1",-0.0771953480829803,7.126027861667,0.0858932484458424,0.773196702524839,0.862254333471478
"ATP5L",0.0406393026582497,9.24262593295293,0.0859610950736187,0.773340025887562,0.862254333471478
"NDFIP2",0.0743311131625205,5.87190209271778,0.0855766471245048,0.773612287853845,0.862373945108135
"TRAF3IP2",0.101874030476521,5.96862211943405,0.0852206086831559,0.773928280417464,0.862523127038181
"SELT",0.0487041095604104,7.92742296377908,0.0853872949231392,0.774076140986437,0.862523127038181
"HECTD1",0.0625293997986671,6.66549800810547,0.0844971475366185,0.77498392467609,0.863350591279182
"PPP6R1",-0.0534513640200565,6.62080295568389,0.0843048949682295,0.775235093023638,0.863446373585032
"ARL2BP",0.0521396073664269,6.31256961651881,0.084084025845546,0.775527245198479,0.863487672508819
"SNAPC3",-0.0584218988147922,5.48853008404089,0.083845687066899,0.775602567902986,0.863487672508819
"STMN3",-0.0574156314580598,6.28734035110096,0.083199957273174,0.776676655186397,0.864298708058052
"AFG3L2",0.0680853726518416,6.07691428170741,0.0830890978058542,0.776824895759653,0.864298708058052
"OAZ2",-0.0524817666709161,7.30048552314957,0.0830803772576095,0.776827115067291,0.864298708058052
"SAE1",-0.0558028792589546,5.73631230221283,0.08263775643794,0.777365927616252,0.864714131442892
"MAPK1",-0.0531286388715856,6.66961746692469,0.0823586069022973,0.777777881173413,0.864926593123697
"UBE2J1",0.0569294268618632,6.67430022553338,0.0822398388617171,0.777928823960035,0.864926593123697
"NCKIPSD",-0.0588795891505358,5.6388030214652,0.0821413943526264,0.778053346253611,0.864926593123697
"RAB3GAP1",0.0651758171809713,6.95892668693084,0.0813286690696822,0.779125114964784,0.865720928973893
"LDLR",-0.0580709880342134,7.25717446229877,0.081242785899224,0.779235751886035,0.865720928973893
"PRPF8",-0.0514006306602726,7.71371809067613,0.0812204406937762,0.779264773449812,0.865720928973893
"CRYZL1",0.0746972066798688,5.66004762582058,0.0804471154887336,0.779981047452257,0.866332540380992
"VPS13D",-0.0800198042817845,5.6745761166088,0.0804341326796885,0.780164104971883,0.866351769001069
"GOSR2",0.0676729977155704,5.53057185930288,0.0802021652399178,0.780600432111239,0.866652178981616
"NUCB2",0.0479240814417293,8.48437538258132,0.0800109296009726,0.780865527788737,0.86676239408616
"MCUR1",-0.0786408761686285,5.19067601172878,0.0800093743955628,0.78138753586724,0.867157675154579
"NIF3L1",-0.0727372822504753,5.30348658862498,0.0783258518944908,0.783058293206507,0.868827361195163
"ACP2",-0.0840969260867384,5.51606989842764,0.0780422526849336,0.783517190754306,0.869094032073949
"STX3",0.0636065266115736,6.63701449524458,0.0779583906919309,0.783631179101688,0.869094032073949
"DNM1L",0.0487533581044696,6.60540363123834,0.0775798392746963,0.78413217451173,0.869267291831338
"RPL27",0.0284334814119857,9.81803818381414,0.0775687639491589,0.784142437527263,0.869267291831338
"TTC8",0.0629896902867802,6.77784015910109,0.0774718060931969,0.784286311130016,0.869267291831338
"ACBD3",-0.0438758296298231,6.78928443368701,0.0769990194786757,0.784924877209254,0.869790615470165
"GTF2H5",-0.061941675851921,6.56277811843764,0.0769418556859616,0.785235804413094,0.869950731171522
"SAFB2",0.0690985644735992,5.84388928640876,0.0748416186813697,0.78784288450061,0.872654112584168
"SCRN1",0.0454709643498327,7.61765731885617,0.0747104412358851,0.788055379034177,0.872704547926196
"CHM",0.0712005800065611,6.01687349988916,0.0739228482988682,0.78900201116288,0.873489509693559
"MRPS23",0.0516612470377357,6.1997654867092,0.073964023078147,0.789098424483066,0.873489509693559
"IP6K1",0.0651819635360601,5.44927335244252,0.073448378332865,0.789741086509301,0.874015807576565
"MCCC2",0.0683362073370875,5.71540934313893,0.0722263829478767,0.79143384895503,0.87547368138052
"GLOD4",0.0659158676730574,6.34549474204255,0.0722430207633867,0.791502626991878,0.87547368138052
"RPL28",-0.0351423856889158,9.86956353778039,0.0721932045031082,0.791560860570947,0.87547368138052
"RDH11",0.0409956817643502,7.83671721976882,0.0716385743234495,0.792351441594127,0.876162679334144
"DENND4C",0.0558589650835217,5.91418755920231,0.0707734769307455,0.793249933635088,0.876970685937099
"DNPEP",0.0566172347575389,5.69387286552159,0.0703810902567105,0.794136473665803,0.877765140167298
"NDUFAB1",-0.0367822641483429,7.68612522810558,0.0697864307515449,0.794979858595162,0.878511568895753
"F3",0.0712210914355189,5.49360998308501,0.0688438131085938,0.79624006347985,0.879718201608365
"BMI1",0.0696150635614444,5.79180746183922,0.0678641523639189,0.797337929343476,0.880645328336348
"REEP2",-0.0542436127892475,5.60638620206997,0.068106821752522,0.797416173525145,0.880645328336348
"NHP2",-0.0423109745657739,7.32455185970515,0.067766411023862,0.79789807402806,0.880991388454725
"KBTBD2",-0.0697836827847671,5.22018769221177,0.067426775008749,0.798300747853767,0.88124984351249
"PPP2R5B",-0.0711757828868298,5.2591058301144,0.0672194192744624,0.798701021465566,0.88150554037173
"DPYSL2",0.0482642680195287,8.94722834639557,0.067046091345081,0.79895589001861,0.881600683370757
"GOSR1",-0.0499406221285128,7.15258701843687,0.0666364419862187,0.799559008189178,0.882028978316041
"UBE2N",0.0398007114734034,7.22576201586916,0.0665503537627145,0.799681524438438,0.882028978316041
"CNPY3",-0.0605690437448159,6.14693322924788,0.0659995677540479,0.800506597606866,0.882752739597277
"SRPK1",-0.0754520530084082,5.49283601254516,0.0655756588792707,0.801018920842588,0.88310393988421
"GPS2",-0.0509320617222764,6.46016469346343,0.0654129366902064,0.8011986859454,0.88310393988421
"GNAI2",-0.0400555535890028,8.10303035774105,0.0654291375123954,0.801331927849782,0.88310393988421
"NCALD",-0.0497573761788263,6.31160405988335,0.06432058455165,0.802959172993398,0.884710707680542
"ETFA",-0.0507767224033451,6.19335879377345,0.063963216711626,0.803505469961346,0.885126046678178
"SYNGR4",-0.0683186955337692,6.87006322864913,0.0635588199190951,0.803841452286498,0.885309580931632
"CAPZA1",-0.0507665384385775,7.94849359366222,0.0632762581864934,0.804567209531647,0.885922225452269
"RAE1",-0.0645746435202001,5.54151813744914,0.0627873911537876,0.805215927738292,0.886449800818882
"SUCO",0.0502055933366928,7.13364158841105,0.0627141315912411,0.805410096686789,0.886476853102095
"KANSL3",0.0550754998977151,5.51773283020561,0.0624136274626873,0.805832700815755,0.886755268876622
"HSPE1",-0.0336065034518705,8.26570523302146,0.0621398071155463,0.806278155531826,0.887058707422617
"DHX36",0.0390673247579761,6.95949156309004,0.0617214868631786,0.806925067547884,0.887583612809931
"RPP14",-0.0778798744617662,5.61016673272119,0.0612590907573428,0.807544490526851,0.887931122679692
"MTX1",0.0614383541863953,5.16689183504845,0.0612505698961661,0.807650548143061,0.887931122679692
"CWF19L2",-0.0624228067328765,5.34980544643077,0.06111455443006,0.807750619541216,0.887931122679692
"TM9SF3",0.0434620936201794,7.7287011627778,0.061063252600453,0.80792865137833,0.887940088468152
"STAU2",0.0708042735461336,5.32077241822796,0.0596235152947427,0.810067601684332,0.890103711163339
"FURIN",0.0468625209709279,6.89661406073956,0.0594013336957493,0.810510688945898,0.890403398722195
"PHYH",0.0505221644238895,6.2871754044893,0.0587160117188156,0.811553064557659,0.891361182694449
"CYB5A",0.0401182780779141,6.85053879658295,0.0579137756997764,0.812850639660001,0.892598801156056
"FUBP1",0.0442556604466876,6.79398378246859,0.057572527800897,0.813386247072016,0.892825767570225
"KAT6A",-0.0614028073232644,6.66416325830396,0.0575684214232889,0.81339894876017,0.892825767570225
"NR2F6",-0.0602577233391353,5.56630907907039,0.0566925776655959,0.814787014856048,0.89413471287144
"SNRPA",-0.0555011044526431,4.83441846664407,0.0565937475313109,0.814933570330886,0.89413471287144
"FAM134A",-0.0420069591175761,7.09315902452222,0.0565789683349798,0.815167796308458,0.894194520873976
"ST18",-0.0426065283275334,6.8008543093442,0.0563491557928442,0.81533022507851,0.894194520873976
"WDR6",0.0452418673501139,7.14971972801933,0.056207831616845,0.815572361466464,0.894272442497421
"CCAR1",0.0531801368658868,6.66329659996923,0.0557627244927974,0.816202912380606,0.894776137376977
"TMEM30B",-0.0473915374270997,6.03823560210676,0.0554989247393761,0.816706133637854,0.895140063016369
"UBE2F",-0.04642712900726,5.73086991472512,0.0547025001694098,0.818023179247647,0.896395630592757
"SLC35A2",-0.0545129077387325,5.3319222076322,0.0545814774799555,0.818219195504712,0.896422497359701
"PSMA2",-0.037011404310755,7.30449129972467,0.0541035275213405,0.81898883108203,0.896833092961505
"UGP2",0.04692187154443,6.41621965798523,0.0540270141988081,0.81910365277705,0.896833092961505
"MOB1A",0.065721947286058,5.55425662943123,0.0540340361020953,0.819108702084986,0.896833092961505
"APH1A",-0.0408185585148635,6.50129044085961,0.0538038486311127,0.819483966704088,0.897056061562778
"SLC37A1",-0.0544933306239847,4.99520927880692,0.0535646845454926,0.819878373393961,0.897261556623069
"SREK1",-0.0501126992033153,7.09635063564808,0.0534714695773357,0.820015009754811,0.897261556623069
"LMNA",-0.0490755338871546,7.7767779979923,0.0533240690391698,0.820268683626436,0.897351278634446
"SMPD1",-0.0437188971532445,7.76146739812715,0.0529281397922182,0.820924321266006,0.897880608340116
"LAMP2",0.0330105365170014,8.50346063548402,0.0524058641120323,0.821797068258629,0.898637016975583
"PNPT1",-0.0602276893742575,6.63939110244696,0.0520545327645597,0.822052355289144,0.898637016975583
"MIEN1",0.0420491613296113,7.26657901710108,0.0522058719820153,0.822131665425146,0.898637016975583
"YARS",0.0645232181934069,6.48877602241866,0.0518009870004432,0.822813083977514,0.898996166891339
"SART3",0.0521252971215113,5.77336503416606,0.0516639523934079,0.823029761241176,0.898996166891339
"FAM193A",-0.0684050544248151,5.43475107934643,0.0515497533082554,0.823069101935803,0.898996166891339
"AKIP1",0.0431589434007206,5.76713129296679,0.0514783464369784,0.823364494637757,0.898996166891339
"BBIP1",0.0535457511577797,6.02256642950098,0.05142383969768,0.823424459368194,0.898996166891339
"DCAF10",0.0391499059590926,6.65191956310567,0.051398323881834,0.823492184250188,0.898996166891339
"METTL9",0.0428375149156049,6.84015237565606,0.051074827802589,0.82403386709484,0.899231360347601
"THOC2",0.0451142967404452,7.16217468943025,0.0510193559438864,0.824051696205282,0.899231360347601
"IBTK",-0.0399085118130749,6.82128337446319,0.0508368868677413,0.824444394803461,0.899472104286723
"SEC24A",0.0633538328587756,5.0617697243008,0.0503498700897599,0.825255152623046,0.899998567119772
"CHMP4B",-0.0548462742145353,7.53897005531577,0.0503441479912108,0.825271309011875,0.899998567119772
"CAPRIN1",-0.0324489202787957,7.34406036584453,0.050204592830202,0.82551419739481,0.900075659111946
"GRIA2",-0.0650953953099032,5.54386699418067,0.0497727284527364,0.825994758905949,0.900411804963795
"MRPS25",-0.0554875049600321,5.69344506476197,0.0497229351815455,0.826350382527203,0.900611645010361
"EHBP1",-0.0554145819295329,6.35452662723733,0.0494883942816678,0.826743495150544,0.900741408617197
"PYURF",0.0542134064451636,6.09182974132379,0.0495209941046589,0.826814095761491,0.900741408617197
"ZMYM2",-0.0425647127275684,6.30267673003212,0.0492258433615861,0.827177278296428,0.900949288113238
"RNF128",-0.0412853945642574,6.23658935829788,0.0487529699846921,0.828021181265633,0.901680565515722
"VBP1",-0.0416513536798272,6.30011551040471,0.0476087563552464,0.830009618715243,0.903585046847569
"TRMU",-0.0882831035292193,5.0303387450134,0.0473631963228197,0.830266663303244,0.903585046847569
"MRPL36",0.0430958838632046,5.62436207112508,0.0474250760409003,0.83028868949854,0.903585046847569
"XRCC5",-0.0299580309798433,8.10441771266325,0.0471914491022006,0.830738175937872,0.903609336895695
"BAIAP3",0.0495621299136628,5.83014141596601,0.0470443243693572,0.830824111429786,0.903609336895695
"DNAJC14",0.0660408548652193,5.34008502617984,0.0469512671464549,0.830829629447238,0.903609336895695
"ATP5H",0.0331292956418966,7.70785869443489,0.0470661892948217,0.831136717082001,0.903755277759022
"ATXN2L",-0.043146151826612,6.19259256788566,0.0468562767451671,0.831337662771403,0.903785766078644
"MTA3",-0.05445868185242,5.62831108647905,0.0466752510970123,0.831652155841186,0.903835211577161
"CTNNA1",-0.0315561339470058,7.70026104701826,0.0466317202651764,0.831728977938807,0.903835211577161
"UBR3",0.0463594619225986,6.26315293996744,0.0464744671043245,0.83199329704275,0.903926161826957
"ST8SIA3",0.0480064219231211,6.73347343842087,0.0463771968711063,0.832182452612244,0.903926161826957
"COX7B",-0.0302582588415029,8.18584864934856,0.0462919065890226,0.832331474435267,0.903926161826957
"ZMAT2",0.0414402740969951,6.39940802963429,0.0454731023437824,0.833804037646068,0.905337288071458
"RBP1",-0.0518324234878399,6.90829510172656,0.0450425831591363,0.834574957838868,0.90598614841615
"MPLKIP",-0.0365038871702707,6.0474658868705,0.0448184261209005,0.834987424784369,0.906136281368033
"CHD4",0.0363779916598668,7.46286746523578,0.044775996388232,0.835059970795832,0.906136281368033
"GLYR1",0.0456891467325725,6.11922914293055,0.0441150995312506,0.836266362608714,0.907257010659143
"PEX11B",0.0601005862926979,5.7458368194905,0.0438641960925046,0.836492470534587,0.907313995327721
"AHI1",-0.0350172469932969,7.38842340058066,0.0436871592940294,0.837051895505522,0.907681713991946
"PDLIM1",-0.0434932709693078,7.20284996060709,0.0436143763194596,0.837178791497067,0.907681713991946
"ZMYND11",0.0541231263423267,7.03539171392177,0.0432239478626952,0.837905897450904,0.908143774162616
"ZHX3",0.0457362100126304,5.90277706974543,0.0431469830570379,0.837952443617045,0.908143774162616
"SWI5",0.0394268893823888,5.53298413084011,0.0430909812063211,0.838153195482677,0.90817304162271
"MAP4",-0.0414108910120682,6.70839541191485,0.0426442229201752,0.838977068394987,0.908870462006784
"FAM114A1",-0.0585141555516933,6.34793470353153,0.0425520162087961,0.839144604867943,0.908870462006784
"CAB39",0.0405865017679424,6.09398535196346,0.0422165391641117,0.839779173737667,0.90936932693739
"SSU72",0.0318426057432981,7.55324915583093,0.0418674243145664,0.840422118103926,0.909877052885092
"CCDC12",0.043980148991415,6.52648826786342,0.0416183019642396,0.840898735600985,0.910204533233868
"SNX4",0.0501788862594946,5.78791833612824,0.0411769390174081,0.84165001051968,0.910829110763223
"GDI1",-0.041502818672317,8.06761779584867,0.0411176250400229,0.841835887952203,0.91084168626085
"RNF220",0.0519405669334722,6.10400626216488,0.0410028842463904,0.84205660038516,0.910891939199759
"ACTG1",-0.0294430714513175,11.309556798274,0.0408836224702575,0.84227945451821,0.91094448764053
"ATP6AP2",-0.0354346639009101,8.88560086334412,0.0406759097039119,0.842676021669329,0.911184850075627
"UBQLN1",0.0315122836276199,7.11264655295581,0.0404359495736753,0.843138659456059,0.911330764500575
"RTN3",0.0312244221537028,7.78144716083671,0.0403604052443345,0.843279128231678,0.911330764500575
"POU2F1",-0.0646104109314144,5.45693006071732,0.0402727075088726,0.843334017197108,0.911330764500575
"TMEM87B",0.0712781765909912,5.4057428944635,0.0395378579825589,0.844856633695519,0.912787437851691
"EIF4EBP2",-0.0468870299154632,6.5530227526357,0.0392006158523169,0.845517179149614,0.913312315646835
"TMEM41A",0.0696380105996946,5.35049330042135,0.0390137950435524,0.845746032052423,0.913370766433475
"NOL7",-0.0447562654312376,6.35245617900441,0.0389146926916014,0.846077606182837,0.913540104837366
"VPS51",0.0375580007911121,6.41267792062502,0.0387857731663099,0.846330506804243,0.913624444251503
"UQCC1",-0.0544652643925283,5.52760091310366,0.0385232646849716,0.847155226223437,0.914325906972931
"TMEM261",0.0554864782031503,5.9630197448486,0.0383932270178818,0.84764691831352,0.914667721309821
"DDX41",0.0679497851702718,5.98658920836997,0.0376556615613755,0.848552225768307,0.915455621071402
"SLC35E1",0.0406097153706708,6.24491557907259,0.0374935760617265,0.848877468272673,0.915493139424719
"CACFD1",0.049442710100947,6.37679042875106,0.0374580025771965,0.848937296114714,0.915493139424719
"UBR4",-0.0343425271809348,7.16991174307516,0.0371907858744419,0.849479546223329,0.915583472610296
"IAH1",-0.0335609407379147,6.42676278966858,0.0371666528207313,0.849527219560016,0.915583472610296
"LHFPL4",0.0589316894592881,4.91258824373975,0.0371325900676997,0.849546554842153,0.915583472610296
"ATL3",0.0495825961467848,6.14156245099871,0.0366353949810217,0.850756972769712,0.916698968597667
"CLUAP1",0.0426661395081403,5.78744436567391,0.0357330670173647,0.852333248829353,0.918208139247945
"CNOT11",-0.0760907668142983,4.83878057989052,0.0358147028306264,0.852591963604527,0.918297587834507
"SLC15A4",-0.0481619320511992,5.72207735434025,0.0355441387342163,0.852770739346372,0.918300917709824
"MRPS34",0.0336151309340201,6.43053376606888,0.0344557797236687,0.855052125387313,0.92048781132349
"CYP20A1",0.058606672149719,6.58582621899241,0.034305633757274,0.855153780713003,0.92048781132349
"VPS72",0.0344469694989575,6.40194643400483,0.0342838984339066,0.855408214475566,0.920572109751654
"HIST1H4C",0.0295780704685626,8.48127143754244,0.0338101856408133,0.856393485602516,0.921330992078524
"HNRNPM",-0.037506554271354,6.96434085493049,0.0337195339902727,0.85658659336345,0.921330992078524
"GLE1",0.0461916760454826,5.62423556884392,0.033691534207729,0.856642169791778,0.921330992078524
"KCNK3",-0.0368736693183081,7.15285918032014,0.0331666982866607,0.857753093148516,0.92233602507453
"SLC30A5",-0.0389508862600111,5.53717013061342,0.0327807864348403,0.85858345382189,0.922885459756463
"MAPK8IP1",-0.0340503846331586,6.24466449613994,0.0327615391211226,0.858617178265866,0.922885459756463
"QARS",0.0386062956535477,6.48606952558117,0.0324306398334722,0.859326680577688,0.923458174214551
"TBCB",0.0273935286355979,7.25900605943369,0.032241365904651,0.859729473271023,0.923574729399325
"DHX29",0.0389551426069553,6.0254379639105,0.0322100465085356,0.859788527502796,0.923574729399325
"DNAJC8",0.028256582578998,7.35315859431674,0.0317921820417526,0.860698235068004,0.924361963160151
"BCL2L1",0.0315713186338262,6.85694818230967,0.0316844096705953,0.860922327479617,0.924377951768248
"MRPL51",0.0255145050960053,7.41194772024774,0.0316214322200752,0.861066815986148,0.924377951768248
"APMAP",0.0269040765303989,7.36716652475494,0.0315311455066849,0.861266320337167,0.924402270308495
"RAB10",-0.0266005456579625,7.79175580697883,0.0313490748374415,0.861659406988144,0.924634309243899
"RBM34",-0.0355311954223332,5.63767734975346,0.0309581645499945,0.86234701395769,0.925182233570781
"MCTS1",-0.0386301300836416,6.51447784423784,0.0306084585477958,0.86328914942211,0.926002951781115
"POLR3GL",0.0408939971031344,6.04962838602079,0.0303547082501022,0.863850627574507,0.926415106756658
"PNRC2",0.0257350542506687,7.06678603991944,0.0301674625381543,0.864268780312392,0.926543834983459
"FKBP3",0.0279040381490996,6.97031371673167,0.0301423114378464,0.864325184499588,0.926543834983459
"SYVN1",0.0441688813158097,5.99926864411428,0.029798767986282,0.865096237077903,0.926838759056311
"PDCD6",-0.0273437212954902,7.53984517178251,0.0297628091787327,0.865166772685637,0.926838759056311
"MRFAP1",-0.020087042292153,8.95819824302264,0.0297429292470476,0.865210628580793,0.926838759056311
"MANBAL",0.0313580104854349,6.13428798504731,0.0297006060065959,0.865309574171571,0.926838759056311
"CALU",0.0354460195064102,6.64882700291132,0.0295686691283299,0.865610502515223,0.926936672419541
"NDEL1",-0.0390090526235491,6.16590645859218,0.0293909771929127,0.866010196149004,0.926936672419541
"BTBD6",0.0375698098313293,5.52769524807995,0.0293222867006834,0.866164134279222,0.926936672419541
"DHX15",0.034527164780919,6.5823236218091,0.0292501354093704,0.866329654992349,0.926936672419541
"METTL14",0.0383401878463518,5.66989119349421,0.0289984285476436,0.866818665258804,0.926936672419541
"COMMD2",-0.0543619492450151,6.05279283921911,0.028901838898048,0.86691569631433,0.926936672419541
"CHUK",0.0443632292062911,5.50791867924069,0.0289139399388883,0.867048415223983,0.926936672419541
"PPM1B",0.0422015993088904,5.85355551522043,0.0289068922280081,0.867104852941873,0.926936672419541
"TSEN15",0.0418700451607079,5.3331264485752,0.0288527804909861,0.867222435933737,0.926936672419541
"KLHDC2",-0.0374870683008651,6.45495226291115,0.0287457916997525,0.867461281552636,0.926936672419541
"PKP3",-0.0380063770069982,5.40877293616206,0.0286943689270643,0.867595169821325,0.926936672419541
"SAP18",-0.0268293568461293,8.40446293580347,0.0285436227798499,0.867928566375229,0.926936672419541
"PRPF40A",-0.0310330716389575,6.69962768841432,0.0283679135294127,0.868140063775984,0.926936672419541
"SMIM14",-0.0363720963945591,7.32461866236464,0.0283966155155213,0.868267277872746,0.926936672419541
"STRN4",-0.0453292283803242,5.49259369811288,0.0283022786418069,0.868450235065141,0.926936672419541
"KLC1",-0.0329078731516591,6.63419349682814,0.0283040555437707,0.868481547890645,0.926936672419541
"ATP6AP1",-0.0216357566928271,9.22360627658197,0.0282719790657283,0.868551912878297,0.926936672419541
"TSPYL2",-0.0402586526672091,6.8517474623411,0.0282490790440157,0.868607455943442,0.926936672419541
"MIEF1",0.0576132843977764,5.42701887986709,0.0283102025187862,0.868770376541675,0.926936672419541
"FYN",0.038287286854157,5.53571362527069,0.0280233544225196,0.869054087541314,0.927050146036418
"CCT5",0.0359121564794006,7.30558011966489,0.0279461194603702,0.869308861413597,0.927132711407646
"PRMT6",0.0447328138189565,5.26365560701764,0.0277476734059129,0.869569642629064,0.927221648719322
"DDX6",-0.0294441904928182,6.83219139801151,0.0273335957523219,0.870736586010004,0.928276592917457
"COMTD1",0.0425741490548539,5.79378268745927,0.027083313926714,0.871311313190146,0.928699884593168
"TRMT112",-0.023386711680656,8.64171211251949,0.0264763687221422,0.872754497398121,0.929933479727097
"NIT2",0.0405417442433777,5.63610552168712,0.0264166145628393,0.872864675687409,0.929933479727097
"ATN1",-0.033993545284088,6.14388105502149,0.0263744455944588,0.873002407694828,0.929933479727097
"TAF11",0.0477129896442798,5.59518332711863,0.0261514216590868,0.87352177246801,0.929943708181544
"PTPRN",-0.0225634472741807,10.5720898836954,0.026139534487845,0.873558787725812,0.929943708181544
"VAMP4",-0.0420186830117548,5.68040270231302,0.0260760454982528,0.87371393505339,0.929943708181544
"SPEN",-0.0372893012172432,6.50942880365028,0.0260541754917558,0.87375141234761,0.929943708181544
"NOL11",0.0353440729759982,5.81549794655151,0.0259795689630911,0.87395077075622,0.929943708181544
"SNHG6",0.0257599415423467,8.20612225745933,0.025976770156829,0.87407947929901,0.929943708181544
"CHD7",-0.0381914742378059,6.44188130285991,0.0258034510571133,0.874296115691872,0.929984899617708
"APOO",-0.0581564385095419,5.60574332687654,0.025411400723543,0.87526778855137,0.93082903982869
"BCAR1",-0.037699661000856,6.15428911271615,0.0253331735947403,0.875509853262545,0.930897071400188
"SCAF1",-0.0600206917595011,5.01744408323952,0.0250728076554752,0.876009427021982,0.931238819411002
"PPP1R15A",0.0396185157386893,6.73788448509847,0.0249287379717228,0.876499389397157,0.931427818776893
"SSR1",-0.0237642442458436,8.99129988834339,0.0249093703939038,0.876543608296066,0.931427818776893
"RTFDC1",-0.0286140332003086,6.67868804137774,0.0248031148194538,0.876935440961413,0.93165478656612
"MFF",0.0303939328337222,6.50569503799612,0.0246376917825077,0.877218964693153,0.93176661825871
"PDCD10",0.0266117693500365,6.31627747872283,0.0244789098897529,0.877611232991454,0.931993887616076
"ZBTB8OS",-0.0342809807755983,5.98987870565957,0.0242913897269935,0.878081164169385,0.932193292014632
"NBAS",0.0313734615814022,6.07864132102061,0.0241072124071584,0.87851625682033,0.932193292014632
"TAF1D",0.0305575451604333,6.24994058802609,0.0240756980357501,0.878618753284359,0.932193292014632
"FIBP",-0.0382371740739662,6.52964434136844,0.024065640572009,0.878645784743598,0.932193292014632
"DIABLO",-0.0331851162607552,6.22570684060592,0.0239778909316231,0.878690711642642,0.932193292014632
"NAPB",0.0338415863821835,5.69221527444195,0.0233205544215285,0.880366383111918,0.933715568059064
"UQCRC2",0.0241330578352057,7.20100685272875,0.0232239659592713,0.880760999455701,0.933715568059064
"BDP1",-0.0305200531534294,6.68300237808213,0.023150158397226,0.880806774015479,0.933715568059064
"MEF2A",-0.0293749834729723,6.172144799964,0.0231910544970801,0.88084015039205,0.933715568059064
"SMARCE1",0.0244536033108872,7.11140576920915,0.0229083725662199,0.88156909964633,0.934298800456481
"UQCRFS1",-0.0221901500292115,7.0204290355893,0.0227210049302132,0.882047450478596,0.934616262649832
"KPNA1",0.0330760255389573,6.06533412146729,0.0225322649806688,0.882524665712766,0.934932393125381
"UBE2G1",-0.0412394696319577,6.24333796125031,0.0222119971980032,0.883374804397436,0.935643384515785
"DDX27",-0.0327747969119513,5.54733622632141,0.0219903791056411,0.883831650021451,0.935798158836583
"GPX4",-0.0225060966512578,9.00915663846073,0.0220152796464644,0.883878995633482,0.935798158836583
"ZADH2",-0.041330319260581,5.96423924665307,0.0218184575377769,0.884384933777185,0.936144197823683
"ARF5",0.0228653089540234,7.29643819011292,0.0216811531993476,0.884759156034792,0.936182070316859
"VEGFB",0.0380388479565044,6.79617192691859,0.0216735577331966,0.884778922396267,0.936182070316859
"KCTD20",-0.0302660002527268,5.66432060285787,0.0213383197440549,0.885662540064879,0.936927362258475
"SLC25A23",-0.0380889048939314,5.56719559945239,0.0209761871788549,0.88663117112996,0.937762268615196
"UQCRC1",0.0229838184122249,7.40250270102312,0.0208253958906194,0.887037391968628,0.938002113659724
"ACTN4",0.021815333910187,8.02520804422934,0.0206711356810911,0.887451758108448,0.938250473226711
"COMMD5",0.0335229583562553,5.29221328725585,0.0205307472245606,0.887823518456288,0.938453696859659
"R3HCC1",0.032545845319931,5.06773712737309,0.0202915638237095,0.88847259183931,0.938820666747986
"TNRC6B",0.02322519793437,7.57588205289032,0.020231371779253,0.888650399256072,0.938820666747986
"TMEM183A",0.0468284571621048,5.57048919404763,0.0201452170032064,0.888865375264688,0.938820666747986
"EP400",-0.0326127411201006,5.35146446483022,0.020109118347239,0.888889129469253,0.938820666747986
"OCEL1",-0.0303593901027019,5.0591736974069,0.0199571921554044,0.889373021366962,0.939141976300023
"CARS2",0.0347810684292902,5.06581956062246,0.0198234194077912,0.889756734233079,0.939317745279895
"KLHDC3",-0.0287269712730069,6.38034772551746,0.0197788391442029,0.889898885522487,0.939317745279895
"UBE2H",-0.0196198291690031,7.24540293183313,0.0196694106472615,0.890194423938877,0.939439986660309
"JADE2",-0.0401383239365825,4.94910369731302,0.0196782476715276,0.890419895455301,0.939488250614626
"PSME4",-0.0369257501783394,5.59591664385991,0.0194084428912282,0.890875765426575,0.939779541046359
"DNAJC15",0.0301839193110699,6.14042532726563,0.0193625574078034,0.891055908920519,0.939779910397004
"SF3B4",-0.0282254981651921,5.74960660773431,0.019147596466216,0.891635858440959,0.940089941258537
"AGAP3",-0.0463914699451505,5.86527741957265,0.0191284207663755,0.891709571218639,0.940089941258537
"GSK3B",-0.0378616425138011,5.97536005944865,0.0190410802810001,0.89195811275206,0.94014571297477
"EMP2",-0.0373103447789578,6.23620119253423,0.0189648988758568,0.892122199417421,0.94014571297477
"HUWE1",0.0266390472873202,7.57942647053687,0.0188386221097958,0.892523475815417,0.940378997800279
"RCAN3",0.0263010791888028,6.43866216764179,0.0185330454067885,0.893397835491575,0.940995292479323
"CCT2",-0.0300162687333901,7.42390267064872,0.0185068671931723,0.893468459264374,0.940995292479323
"YAF2",0.0433758297628456,5.14294711647473,0.0182477156186346,0.894199908398217,0.94157593094228
"TMEM192",-0.0591363448306321,5.33505648881792,0.0181218450618145,0.894526483549357,0.941589587883861
"ETFDH",-0.0279351723658958,6.62927008177264,0.0180903713182059,0.894573157342883,0.941589587883861
"PRDM2",0.0489477357889827,5.56922841785345,0.0179431813957256,0.895048877308382,0.941900640565918
"NUDT16",0.0538698190271011,5.36670356782659,0.017813638694577,0.895446529341766,0.942129430126692
"RAB3B",0.0197778636426474,9.30870069515166,0.0177126283949835,0.89576207213836,0.942271755095031
"MAPK1IP1L",-0.0209376385056779,7.35341886500974,0.0175949742894582,0.896110252891578,0.942432337428075
"DERL1",-0.0288068531776997,6.10260677511421,0.017521844208869,0.896328732660051,0.942432337428075
"BAG6",0.0222363729671089,6.6906516906388,0.0174773338536639,0.896455630704494,0.942432337428075
"CCDC91",0.0261384602842168,5.86002381340091,0.0173112712390976,0.896933092809768,0.942744676476303
"MRPS28",-0.0330468002575002,5.59478770946648,0.0171025421211096,0.897524454465954,0.943176582929944
"AP3D1",-0.0270392834673295,7.34976668435075,0.0167496775115843,0.898620277399019,0.94413832964114
"HSPA1A",0.0296101683477719,8.76086215172235,0.0164484933659796,0.899528362252002,0.944773118075421
"HDDC2",-0.0210572988353667,6.47722324848213,0.016430742556851,0.899585959185263,0.944773118075421
"DUSP16",-0.0305365504764661,5.09802823555533,0.0163139131363327,0.899941851943979,0.944957022923097
"C1GALT1",0.0250844277653381,6.35094643338627,0.0162190837746603,0.900181956135051,0.945019297995162
"PPP1R9A",0.0302785687734986,6.75473839078703,0.0158844858280486,0.901241834349223,0.945941981554897
"LSM3",0.021945953537739,6.99596934100725,0.0156241119391722,0.902065900560952,0.946616836424834
"ALG13",0.0247494761781304,5.69373496231281,0.0153802712102822,0.902825554535464,0.947223840537309
"TUSC2",0.0270836171500302,5.84609463122695,0.0153066876386945,0.903065893966657,0.947285857468135
"NDUFA9",0.02735892276984,6.79166871895518,0.0151440751786527,0.903563590968488,0.947452268236825
"FAR1",0.0225091104624388,6.12110903342335,0.0150325142559987,0.903916132775039,0.947452268236825
"CDC27",-0.0234354506045499,6.06544513396198,0.0149949734431935,0.90404888863419,0.947452268236825
"ARID3A",0.0289298883585652,5.05961183186733,0.014994334331689,0.904050702428495,0.947452268236825
"CYTH2",0.0232878875600643,5.67257234707232,0.0148472445397001,0.904503952918378,0.947452268236825
"ATF7",-0.026996126650652,5.19860806962373,0.0148146023606536,0.904577043043469,0.947452268236825
"CLIP1",0.0235511504366988,6.62529960204342,0.0148048169092946,0.904638334574512,0.947452268236825
"RWDD1",0.0185967566529372,7.15209090192803,0.0147986982407382,0.904674626127796,0.947452268236825
"SKIV2L2",-0.0350277785828757,5.26584958445836,0.0144041161067102,0.905944823394313,0.948499470799029
"DCP1A",-0.033110329316009,6.14132803935478,0.0144015595591761,0.906037470384456,0.948499470799029
"PACS2",-0.0295711482123458,5.47798668721432,0.0142571360154164,0.906398583091945,0.948687503768842
"CCDC28B",0.0261671372149323,5.29095117344534,0.0137177418877185,0.908182475177287,0.95036432387421
"TRAPPC5",-0.017805113575331,6.85671835959205,0.0134384840718215,0.909138759587015,0.951166657557255
"CAND1",-0.0230701513073952,6.58685946619915,0.0133714968446526,0.909370770932546,0.951166657557255
"SRSF6",0.025400530777027,8.62424228980766,0.0133260251386869,0.90949511277428,0.951166657557255
"ASNA1",-0.0236651196924815,6.38752063877562,0.0129887364694448,0.910667994223285,0.952202761713364
"GABARAPL1",0.021067592154593,7.6648394432547,0.0128971975341672,0.910977864015035,0.952336259041317
"DNAJB6",-0.0197870100422329,7.13267598825236,0.0125445527131331,0.912199473042403,0.953397548930853
"ANAPC7",0.0227960689387414,5.65710873725871,0.0124969183290878,0.912357861058375,0.953397548930853
"MBD6",-0.028749344368299,4.88875604382732,0.0122076173294067,0.913366572767205,0.954260858655643
"ARIH1",0.0232507889280519,5.84973831812485,0.0120808311628392,0.91382157556179,0.954545438741302
"ETV5",-0.032755238949769,5.30447025103959,0.0119815004711113,0.914189913210204,0.954643393739043
"PEG3",0.0245358924892044,6.34840699830938,0.0119346805672753,0.914355551984814,0.954643393739043
"UTP11L",0.0277520546772533,4.98971011490191,0.0118999075030499,0.914463262378303,0.954643393739043
"LSS",0.0256315521487923,6.00534618898187,0.0116198919421975,0.91539285582592,0.955102960648885
"ASXL1",0.0282180781908613,5.42826081872623,0.0116140819096576,0.915481005911041,0.955102960648885
"VDAC3",0.0168597041127837,7.97575996628031,0.0116102757737536,0.91551695208365,0.955102960648885
"SNRPE",0.0217075181509867,6.90395000345643,0.0115784249454927,0.915634386036266,0.955102960648885
"NSL1",0.025787916333426,5.81222387584127,0.0114727939735686,0.915958122933338,0.955250021662522
"PEX5",0.0256400535968105,4.83835736814164,0.0112175036346669,0.91691927036571,0.956006653567258
"NAPG",-0.0189339577063749,6.45604000342917,0.0111925042510334,0.917049428158835,0.956006653567258
"IST1",0.0164841873980071,7.42081900889281,0.0110223262903575,0.917675910715749,0.956468990091968
"NUDT14",0.0230775458282854,5.76357208936234,0.010865366954127,0.918245713577717,0.95687207832351
"ACVR1C",0.025506545171495,5.80095799138308,0.0107917151291603,0.918466855638772,0.956911750931605
"PDS5B",-0.019681646363662,6.75073545650684,0.0107403645922131,0.918700991879052,0.956964943115147
"ASAH1",0.0180954589378456,8.12131632227112,0.0105842042338243,0.919322498057623,0.957421537626459
"EIF4A3",-0.0249621328459597,6.43515603161253,0.0104755894804658,0.919734106934602,0.95765939779824
"ATP5A1",0.0169975152948477,8.81502854291975,0.0103580055063082,0.920266219845393,0.957970195628206
"WDR54",0.0291180981692795,5.5523531495856,0.0102837895005439,0.920417903522994,0.957970195628206
"NUP153",0.0415582299414103,5.03421092809426,0.0101814091628452,0.920834747532834,0.957970195628206
"NUCKS1",-0.0143186108216178,8.71803496170737,0.0101756916945879,0.920887788550528,0.957970195628206
"MTSS1",0.0238278919514188,6.58641367887031,0.0101606422815961,0.920948963656349,0.957970195628206
"LAMTOR1",-0.0137508577552665,7.67929118081072,0.00981800157650812,0.922286207727399,0.9590467187412
"JUP",0.0166861032360445,6.61863909154644,0.0097998359633866,0.92235084276105,0.9590467187412
"ATP5C1",0.0177021547669421,7.55905492740215,0.00974802546746475,0.922642532255288,0.9591224366859
"DCTD",-0.0176749497192744,6.57000127028442,0.00969108971834025,0.922790651251844,0.9591224366859
"REPS1",-0.0231962545589552,5.11655776141371,0.00961490415909872,0.923049658471581,0.959200907521064
"PPM1G",-0.0220584879242811,6.33474415723247,0.00955641866040218,0.923327919645182,0.959299351219512
"POLE3",0.0385639293449173,5.14792434044157,0.00923481718292598,0.924614167306631,0.960444803758299
"CNOT4",-0.0214213675656099,5.63818724090933,0.00906412496420074,0.925289930098317,0.96095578474546
"IRF2BP2",-0.0133466380973512,8.19668055435514,0.00899765881542892,0.925593527009597,0.96108012826364
"CREBZF",0.0194964968243544,5.71905513812762,0.00869940662859811,0.926838421530926,0.961969283050002
"USP34",0.0156563332418241,7.40803183071799,0.0086897152301622,0.926875597913691,0.961969283050002
"SSNA1",-0.0206660947815676,6.03382296097084,0.00865962700193208,0.927001966466971,0.961969283050002
"FOXN3",-0.0191724033817108,6.0942001152307,0.00843356690157296,0.927957765884786,0.962673156664288
"AHCY",-0.0175254860207264,6.0338533423346,0.00840939528153128,0.928048600809518,0.962673156664288
"PDAP1",0.0140570814655528,7.07515699897401,0.00810952912877443,0.929349896109226,0.963749282192687
"ZFPL1",-0.0251175418881038,5.59864154791359,0.00808612527470911,0.929454779325298,0.963749282192687
"YWHAH",0.0130738145435367,8.20626329722248,0.0078768993275096,0.930367102487294,0.964499950554384
"NARF",-0.0210582127169154,5.36749297620631,0.00783355838938995,0.930547780877321,0.964499950554384
"UBE2J2",-0.0191760316925405,5.18845996143367,0.00777019217141411,0.930831959197707,0.9646032217935
"GIT2",-0.0259290869906259,5.18136788883703,0.00767441144741341,0.931194889719594,0.964788045305118
"ATP6V0A1",0.0141948656008816,7.51654040099825,0.00757978712476276,0.931690557271432,0.964993653097836
"NDUFB3",0.0132261036216311,7.38942939033496,0.00753670901452666,0.93188441331404,0.964993653097836
"XIAP",0.020944509048344,7.21135028222758,0.00752178301260139,0.931947189752798,0.964993653097836
"CHCHD5",0.0203275104175646,5.58280335282972,0.00743265497045887,0.932347752433175,0.965217211718797
"UTP23",-0.0234618415732537,6.1489862575939,0.00728471338564906,0.932990771561749,0.965691636228369
"CPSF6",0.016951701662895,5.73029991284701,0.00724748744948234,0.933191084753074,0.965707741042233
"PIGX",-0.0210205040889479,6.04779026345485,0.00715517563613894,0.933628696847124,0.96591687374765
"DYNC1LI2",0.0144644975086364,7.06143034375146,0.00712605477792945,0.933762763161828,0.96591687374765
"SCAMP1",-0.0168600530094696,7.40645415766056,0.0070811337538573,0.933972077410361,0.965942233601891
"CHMP2A",0.011449712415283,7.99057085508099,0.00685423771318631,0.935032761098327,0.966847921317696
"COX7C",-0.00921663250560051,9.54825555010244,0.00676196422530297,0.935470113695043,0.96698767761017
"TMEM41B",0.0186193854118543,6.50196020345278,0.00674873979134899,0.935537915759447,0.96698767761017
"RPP25",0.0244797229891764,5.30979294409704,0.00669527488487724,0.935787405699504,0.967054323762616
"SF3A3",0.0153462221800761,6.07867019199211,0.00662529121013634,0.936128907236616,0.967216010698912
"TXN2",0.0128701410115161,7.09655490902319,0.00654423789205058,0.936516591526693,0.967272161309609
"ZHX1",-0.015304544723626,6.87312036132337,0.00653686222455514,0.936553359171213,0.967272161309609
"HIF1AN",-0.0228222147391021,5.39596837433024,0.006400451319127,0.937160317404012,0.967707818860286
"ZC3H7A",0.0143549480503896,6.3912172055958,0.00626678111267459,0.937873734020718,0.968159307795375
"DR1",0.0173078989595341,5.64894149823702,0.00624860554376852,0.937967999746658,0.968159307795375
"LSM6",-0.0215741219026836,5.44984089801985,0.00618877275497862,0.938240260470844,0.968249129611274
"KPNA3",-0.0190574405124485,5.86472365487194,0.00609570558847691,0.938715383915846,0.968416980330606
"SEMA4B",0.0194558807996859,6.75987757214807,0.00608640415168311,0.938773453096457,0.968416980330606
"RPF2",-0.021486239564499,5.08647879963031,0.00584709798128659,0.939951569165619,0.969440973170618
"BAG5",-0.0148321035564091,6.22193882505255,0.00573608316978549,0.940560619303858,0.969769035971445
"UBR5",0.0142554402849903,6.48432098805244,0.00568769240631681,0.94078449259106,0.969769035971445
"MPHOSPH8",-0.0115768292388905,7.27690445769598,0.00568174157286055,0.940838957892992,0.969769035971445
"ABHD17A",-0.0197705013158656,5.05870921252911,0.00564820671174592,0.941144015619672,0.969769035971445
"MED13",0.0145338143418375,6.12331047872603,0.00560335172738037,0.94124890176507,0.969769035971445
"FAM174A",0.0154874405297486,6.49282834942528,0.00550232612541938,0.941778751608609,0.969769035971445
"SEPT3",0.0260547704641028,6.05043744293851,0.00543359825562926,0.942124455151725,0.969769035971445
"RPAIN",-0.0119949261630598,6.7696531476727,0.00542378399421858,0.942196472715284,0.969769035971445
"MAP4K5",0.0219089568058672,5.71636696583976,0.00540890495710641,0.942250946170475,0.969769035971445
"CADPS",-0.0158554846738958,7.65583856183216,0.00540573577648184,0.942290671669035,0.969769035971445
"EPB41L3",-0.0144645015439286,6.773740559885,0.00540223176016127,0.942310490472349,0.969769035971445
"HDGFRP3",0.0171896506132117,6.10811639334665,0.00537204369776096,0.942529405049465,0.969803385864873
"TTC14",-0.0131982600202811,6.05390061815382,0.00529558281365661,0.942873176637627,0.969966166952347
"FAM120A",0.01038989149935,7.62154783670614,0.00500839557413472,0.944447487204598,0.971171333653112
"SUGT1",-0.0126621954938747,6.12169598776336,0.00498772110235409,0.944564858212578,0.971171333653112
"SLC26A2",0.0231085238393115,5.20303006462215,0.00497676577605622,0.944602077729562,0.971171333653112
"RQCD1",-0.0154230096400571,5.86660968387165,0.00483987153466137,0.945446313466442,0.971704570307744
"YWHAE",0.0088593327736951,9.42126008289953,0.00482131703852586,0.945492528139504,0.971704570307744
"SSBP1",0.0124137279819924,6.81773218561217,0.00469080781083393,0.946231769591558,0.972273139307071
"SPTAN1",-0.0116147106330645,6.45194835018173,0.004598660328696,0.946767642036988,0.972553493428114
"LONP1",-0.020246201252646,5.8604510790866,0.00457853041459435,0.946876741544992,0.972553493428114
"ACOX1",0.0130940882813684,5.9992251255564,0.0043982050955499,0.947919089422758,0.97343282522844
"SUV420H1",-0.0156824787994584,5.5219588295607,0.00428231926466546,0.948661264782165,0.973921828455724
"RARS",0.0154921649154093,6.45421826285844,0.00425729233588835,0.948767926247665,0.973921828455724
"SCAF8",-0.0170201905000155,5.57728661279682,0.00414887694206008,0.949428632963522,0.974408691242947
"COQ5",0.015818040914654,5.45618671815159,0.00409373749009774,0.949749368018852,0.974498530578665
"LARS",0.0105414451920635,6.97593130203916,0.00407292303997974,0.949889040233078,0.974498530578665
"LMF2",-0.017517053329048,4.89127211373225,0.0038879477843653,0.951026258527228,0.975473754576495
"EXOSC7",-0.0201503747316029,5.63002053102405,0.00384711563181351,0.95128574084186,0.975483721554842
"SNRPC",-0.0116057503083952,7.134108754303,0.00379933868610332,0.951605695656298,0.975483721554842
"PPP1R14B",-0.0123137320651929,6.05707630585886,0.00379178274787584,0.951654732898175,0.975483721554842
"DEGS1",-0.0127416852181828,6.62210707088928,0.00377197816730792,0.951782471767685,0.975483721554842
"KRIT1",-0.0155769905835606,5.60810994061854,0.00369040399084034,0.952261109172431,0.97578294797967
"LYST",-0.0188624433822246,5.94034992027221,0.00361127060532526,0.952794690258567,0.976138346919155
"MTA1",-0.0140853739028251,4.94025327461544,0.00345620626086742,0.95383325035231,0.976835592470125
"HAT1",0.0135334093211943,6.14332827204479,0.00342805655079305,0.954020445402341,0.976835592470125
"EIF2B5",0.0120756774606908,6.12580970444145,0.00342705078149823,0.954035909615456,0.976835592470125
"UBA3",-0.0152768489050044,6.05975889944327,0.00335514503382839,0.95448835637283,0.977107449816056
"BAD",-0.0170301145451598,5.82942404329337,0.00328288702672614,0.954991065771964,0.977357706456542
"POLD4",-0.0184887084358347,5.44536564254727,0.00326824371024989,0.955106784882345,0.977357706456542
"RNF115",0.0179047470207307,4.94106919918568,0.00315909729533479,0.955898193004274,0.977915026163953
"PER2",0.0151057527680423,6.8008812632205,0.0031324243712541,0.956025594738435,0.977915026163953
"SOS1",-0.0127449155424266,5.59246672169734,0.00294829101231726,0.957341563520124,0.979069527004439
"SF3B6",-0.0116283083542749,6.33966982739816,0.00289926369881652,0.957810667066023,0.979074106156055
"PCF11",-0.0116205999254193,6.10499779332532,0.00288301283780456,0.957840021157828,0.979074106156055
"PCYOX1",-0.0132784117840192,7.21368003477515,0.00287341476670909,0.957907973767375,0.979074106156055
"RNF141",-0.0135579994236916,5.88192280052622,0.00281805080745781,0.958314305373798,0.979297922617565
"STAT2",0.0111850141317599,6.37857985301377,0.00277452968044814,0.958632808932555,0.97931360195395
"MRPL43",0.00853042167682462,6.62211469794184,0.00274450216427022,0.958861474001007,0.97931360195395
"ATF6",0.00976921906699079,7.18034831887821,0.00274044531576751,0.958891718921047,0.97931360195395
"HEPACAM2",0.0119896818374915,7.24462998714121,0.00269258024540559,0.959249693515331,0.979487819496901
"SIN3A",0.0107079362941699,5.57340661078581,0.00266247317156759,0.959462926304558,0.979514202303501
"FAAP20",-0.0139133843357374,5.60036460318464,0.00250640223952016,0.960823032972661,0.980389558216289
"SLC35B3",0.0121307059973495,5.20910101386495,0.00248578620676776,0.960827634403063,0.980389558216289
"STAT1",-0.0111274384895234,6.88863918483057,0.00248125828968621,0.960883050840262,0.980389558216289
"XRCC6",0.00721513358849996,7.95247932697718,0.00244462187523799,0.961170933766152,0.980491895159187
"TUBA4A",0.00843135976015593,7.97946855588634,0.00237503973096395,0.961727266302793,0.980867984578478
"MRPL21",0.00987646574054971,5.51978988010291,0.00230077235191048,0.962304320260741,0.981120124040168
"UFM1",-0.0074555719376478,7.29247430828677,0.00229831298795085,0.962349890176763,0.981120124040168
"NF1",-0.00882121297426023,6.30941567035682,0.00221211022801979,0.963062057109086,0.981654713827845
"M6PR",0.00866242910313389,6.59687521492704,0.00215317043645477,0.96354882557281,0.981959389992021
"PHF5A",0.00975471612489904,4.9635307267666,0.0020547033005272,0.964402468412623,0.982637758751029
"TMEM39A",0.0107227639399988,5.57954023423283,0.00198753575468605,0.964988538272675,0.982968645988104
"HAGH",-0.00765866536474145,6.88146584672928,0.00197435419770588,0.965103327187861,0.982968645988104
"LYSMD3",-0.0106114544933904,5.2793321048848,0.00189123739148148,0.965844446027425,0.983531837012537
"PROSC",-0.00932091279405283,6.49330784199065,0.00175047125131089,0.967174133471753,0.984508445373714
"EDF1",-0.0054897878268776,8.30307428289376,0.00174604967908978,0.967180192652386,0.984508445373714
"TIAL1",0.00832297594085306,6.32575759810214,0.00169703621904236,0.967645736389631,0.984790549865382
"DEDD2",-0.0130290139293393,5.50793290233252,0.00167369123197937,0.967861886493632,0.984818781526614
"WDR82",0.00952086479223176,6.12960220629075,0.00160893403378373,0.968494906139589,0.985271092719274
"CNTN4",-0.00977421744992409,6.00403968576729,0.00157310774108217,0.968784813315167,0.985298394782541
"CUL3",-0.00940903291052693,6.36439630217174,0.0015265549202615,0.96931272446055,0.985298394782541
"YIPF6",-0.0071545592382048,7.63359313751636,0.00152250391865413,0.969352594436998,0.985298394782541
"KIFC3",-0.0107789338865682,5.11843862126742,0.00151219853067176,0.969448824740373,0.985298394782541
"FAM73A",0.00858838913160197,6.29555508973855,0.00151380060456445,0.969464251839795,0.985298394782541
"FAM117A",0.00892603525191621,5.43967133240295,0.00143815083692183,0.970211024172216,0.98586532696555
"COIL",0.00965200604445525,5.2378589177686,0.00140899894829328,0.970506354586951,0.98586532696555
"CDC37",0.00695204352310201,6.62424951173064,0.00138796335915709,0.970737126979021,0.98586532696555
"RNF157",-0.00967264664837359,5.48629913336394,0.00138261874432784,0.970776513849567,0.98586532696555
"DIP2B",-0.00833772963034666,5.6559317591645,0.00135331403217546,0.971036432201899,0.985937729432658
"RBM27",0.00821299184144889,5.95968101364054,0.00128916080891615,0.971797669958498,0.98651901745447
"ZC3HAV1",-0.00762097584701496,7.21988482057989,0.00122289219939566,0.972532967502977,0.986899908410026
"ANXA2",0.00648168362050386,8.81791127601393,0.00122115425316847,0.972550493250439,0.986899908410026
"PCCB",-0.00754080464797782,5.90865030773399,0.001138197645255,0.973479518371976,0.987650901112251
"DDX5",-0.00599028094814416,9.57915863342695,0.00111702586424298,0.97374640301346,0.987729953144063
"MARCH9",-0.00769080269736546,5.3488457170535,0.00105490211660493,0.974485968334512,0.987774746386005
"ZFAND2B",-0.00687852109864341,5.86254749378799,0.001051182958204,0.974533199764773,0.987774746386005
"ASH2L",0.00870890749519579,5.963183415583,0.00105044504886949,0.974541421691146,0.987774746386005
"TMEM208",-0.00503643736456948,8.02674254956666,0.00104119929908406,0.9746528424345,0.987774746386005
"SLC25A11",-0.00650138256276189,5.91755816451628,0.00103422604638385,0.974735439422042,0.987774746386005
"ANKHD1",0.006252931479219,6.53602178115799,0.0010172303548429,0.974947899805984,0.987798540857894
"ATG12",-0.00970617849591126,6.43953117513217,0.000928530931220562,0.976060621253283,0.988708953494611
"LSM12",0.00608844180149918,7.04168707363195,0.000912424854470209,0.976273163844902,0.988708953494611
"MRPS21",-0.00527379740335572,7.83767644951781,0.000903329442323065,0.976413931115206,0.988708953494611
"NUBP2",0.0077965045271963,5.89042051767596,0.000884935008845723,0.976631548617108,0.988737769634248
"RRP7A",0.00935217570932327,5.60946222056884,0.000814665076302218,0.97756070947707,0.989442226270482
"TNPO2",-0.00546581825202145,6.65709939460586,0.000805461056364564,0.97770596875589,0.989442226270482
"METTL17",0.00832035645198756,5.63440265013784,0.000788150329311907,0.977944304362137,0.989491846477137
"RRAGC",-0.00793898011588462,5.7358176201166,0.000764350835809056,0.978274009079845,0.989633877580869
"FGFR1OP2",-0.00731202606251469,5.58852130941272,0.000741214867283306,0.978607731653574,0.989779917444511
"SCAMP5",-0.00420944633036144,7.41482803309804,0.000691020611151616,0.979349447240995,0.990338471798932
"TLN1",-0.00520590960459867,6.8630242974325,0.000663552825710121,0.97976483214731,0.990421065980118
"DPCD",-0.00820229864359652,4.94088063677854,0.000650544554864687,0.979941625043641,0.990421065980118
"MAP2K4",0.00641008381476645,5.44625965719042,0.000646795811879236,0.979999570164372,0.990421065980118
"UBXN7",0.00671866966970905,5.6261050850503,0.000620410134678002,0.980425893416196,0.990660379835001
"CUEDC1",-0.00616841038287346,4.94854111789426,0.000608547540075898,0.980620395492201,0.990665405341657
"MRPL13",-0.00595544009652973,6.2514409348993,0.000586026729750984,0.980983659504593,0.990840886614591
"ENOPH1",0.00376438688384937,6.65999047518855,0.000515877081305653,0.982157733211374,0.991647146766666
"AP1M1",0.00638718533380392,5.29014884525469,0.000507022083506837,0.982310202499454,0.991647146766666
"TIMM22",0.00602337232117769,5.73480204669383,0.000504237632549687,0.982351047629194,0.991647146766666
"MAPKAP1",-0.00490640198086595,5.21818606124632,0.000482929032646153,0.982732250283645,0.991796842519256
"SOAT1",0.00534697832888448,6.67186461748003,0.000464548152220869,0.983066821284876,0.991796842519256
"PTPN23",-0.00685758518831295,5.8720522240125,0.000464540901556016,0.983068574917212,0.991796842519256
"MPG",0.00524906837557463,5.61101737137131,0.000421905462618411,0.983863902139433,0.992407683613048
"AGTRAP",0.00447281150532135,5.27617103255763,0.000397760324590394,0.984326511549806,0.992493756851306
"SETD3",-0.00377482402254374,6.00570436064575,0.000397889608213176,0.984328990915854,0.992493756851306
"DHX9",-0.00408503281316787,6.75534364823916,0.000373120245352992,0.984825232999056,0.992802602292395
"TRAFD1",0.00494001659734913,5.71564183061403,0.000295749125789831,0.986490441975012,0.994289537254799
"ACTR1B",-0.00402961500760193,6.19375387059785,0.000285272938463182,0.986730917052859,0.994340178028782
"KLHL8",0.00398106824786239,5.13834761407102,0.000263836045949001,0.987228361685713,0.994649700565
"TSPAN31",-0.00338749062949241,6.68244372232624,0.000248500762702082,0.987616029449757,0.994848523016743
"BIN3",-0.00441063550413375,5.1802005053714,0.000226713145092015,0.988167113364671,0.995211850011009
"PCBP1",0.00187605742508072,9.20526926912612,0.000209898883486296,0.988617633605431,0.995332633858042
"HGS",-0.00322357996503282,5.85658924219794,0.000208077543041524,0.988667885018357,0.995332633858042
"EZH1",0.00292390415253647,5.64979771997632,0.000189234225755452,0.989190925009656,0.995667430199398
"CMC1",0.00284863493824361,5.54007522749047,0.0001385590755421,0.990749259084222,0.996929739118016
"GMFB",-0.00269208629114061,6.81163212571849,0.000136355806973782,0.99082647689269,0.996929739118016
"MAD2L1BP",-0.00281779989059426,5.48505032500684,0.000121756228970409,0.991329422139818,0.997243820154894
"GATAD2A",-0.00350296322239723,5.56253524942416,0.000111924488073294,0.991688587794362,0.997413170752574
"PSMF1",0.00171234494591733,7.05865887133558,0.000101237787842443,0.992095218756426,0.997520829853747
"RBBP6",-0.00205040768602319,6.42964835927611,9.90483891616389e-05,0.992181454223168,0.997520829853747
"CEP63",0.00227433010445479,5.79067887832605,9.24351986341462e-05,0.992443474167997,0.997520829853747
"RNF170",0.00243185866001947,6.09462308873851,8.48516218982422e-05,0.992758345536197,0.997520829853747
"PWWP2B",-0.00269449907691012,4.56056604628681,7.98939166057356e-05,0.992976565948126,0.997520829853747
"RAB4A",-0.00150595384325541,6.12871022646601,7.20578025644206e-05,0.993331112420662,0.997520829853747
"KANSL2",0.00189855834357747,5.57509540746683,7.13640638979268e-05,0.993361679087828,0.997520829853747
"RALGAPA1",-0.00145455929192031,6.11158278909235,5.73835572086798e-05,0.994047668213962,0.997520829853747
"USE1",0.0019576004135854,5.03372158004386,5.47580570529477e-05,0.994185050885956,0.997520829853747
"RSPRY1",0.00160111561124017,5.61285393473956,5.43444880114635e-05,0.994207936819612,0.997520829853747
"SIL1",-0.001427635356586,7.50806899202128,5.0779468636598e-05,0.994401497862906,0.997520829853747
"CRNKL1",0.00158148350117395,5.23415979665047,4.92997040494736e-05,0.9944737147769,0.997520829853747
"CRMP1",-0.00135777225683097,6.85431959157927,4.93727583116286e-05,0.994479734279137,0.997520829853747
"TMEM127",0.00164589897590316,5.79576657018592,4.64632144934163e-05,0.99464493491741,0.997520829853747
"DCXR",0.00144713316374783,6.53133329150281,4.6228549030891e-05,0.99465822942371,0.997520829853747
"ANKRD11",0.00108566157531333,7.31707061508003,4.12138051240912e-05,0.994956278396708,0.997528581530348
"FLII",0.00128391383080965,6.24899427867942,3.83939518045847e-05,0.99513213396215,0.997528581530348
"GPR108",-0.00158683945132476,5.97070613762984,3.39493664813516e-05,0.995422283412512,0.997528581530348
"UBR2",0.00167516647120026,6.46533214856787,3.38183721103894e-05,0.995429324901912,0.997528581530348
"HNRNPR",0.000654778804888358,7.69341005624996,1.99815468867742e-05,0.996488016190246,0.998398094810507
"STXBP5",-0.000760175139440166,6.50330496310693,1.55260005981154e-05,0.996904322021568,0.998623781373465
"PITPNB",-0.000625157080247419,5.97379859133814,1.13299826840106e-05,0.997354277566966,0.998704331521408
"LGALS3BP",0.000633261869150029,8.59435621727097,1.12323190862959e-05,0.997366866374928,0.998704331521408
"ZBTB33",0.000872476930885102,5.30074719256308,8.37873525133629e-06,0.99772494298697,0.998871533612888
"DFFA",0.00061720986290349,6.47647315870737,5.18027940060982e-06,0.998211485074685,0.999095087055901
"RNF19A",0.000664016500950695,5.57245264192861,4.49375250229332e-06,0.99833052222938,0.999095087055901
"TRIM27",0.000336950888470329,5.97355557719008,2.20801761080165e-06,0.998832616038759,0.999406218230205
"TIAM1",-0.000163517264016369,5.72677565269488,6.05606663679402e-07,0.999388377169484,0.9997709181751
"PSMB2",6.77664498059548e-05,7.45388078259121,1.79955251179426e-07,0.999666714322099,0.999858001485191
"MCF2L",5.33730839132757e-05,5.57408512450918,2.17393184972876e-08,0.999884082617608,0.999884082617608
