"p_val","avg_log2FC","pct.1","pct.2","p_val_adj","cluster","gene"
1.34771165735408e-145,5.71152682753164,0.871,0.023,2.15606910943505e-141,"5","Pbk"
2.58349436778725e-126,5.6772478116922,0.882,0.045,4.13307428958604e-122,"5","Top2a"
1.81273987520703e-122,5.80709855687203,1,0.094,2.9000212523562e-118,"5","2810417H13Rik"
1.89436456402651e-122,6.3213760000901,0.71,0.015,3.03060442952961e-118,"5","Aurkb"
1.17797000732209e-113,3.07464930532572,0.981,0.207,1.88451641771388e-109,"1","Anxa2"
4.55590248155111e-113,4.99106068134033,0.731,0.023,7.28853278998546e-109,"5","Asf1b"
1.52128170924812e-105,5.09519470979415,0.742,0.033,2.43374647845514e-101,"5","Mki67"
1.65949361734601e-105,4.87235230601579,0.72,0.027,2.65485788903015e-101,"5","Incenp"
1.72615934863269e-105,5.71639961292061,0.642,0.024,2.76150972594257e-101,"3","Irx2"
2.61334665331917e-104,4.666251143807,0.957,0.102,4.18083197598001e-100,"5","Cdk1"
2.38319399227468e-103,4.31668939507187,0.914,0.079,3.81263374884104e-99,"5","Tk1"
5.88972319168231e-103,2.91473075555645,0.926,0.158,9.42237916205337e-99,"1","Adamts1"
1.70090416090468e-100,6.37151716777956,0.591,0.012,2.72110647661531e-96,"5","Nusap1"
4.05526448651548e-98,4.37749999477531,0.806,0.056,6.48761212552746e-94,"5","Ccna2"
8.07928651242339e-98,3.33861646118001,0.851,0.143,1.29252425625749e-93,"1","Cyr61"
1.09735999520304e-96,2.91027290292453,0.907,0.182,1.75555652032582e-92,"1","Gsta3"
2.05057174524764e-96,2.68692326895962,0.935,0.19,3.28050467804717e-92,"1","1700011H14Rik"
2.51365845004625e-96,4.68789266645509,0.645,0.021,4.021350788384e-92,"5","Melk"
3.86487356339059e-96,5.22748628509282,0.581,0.012,6.18302472671226e-92,"5","Sgol1"
7.41413428869138e-96,4.9231778291078,0.581,0.012,1.18611320350485e-91,"5","Cdca2"
6.12493576908268e-95,7.55073186906941,0.495,0.003,9.79867224337847e-91,"5","Hist1h1b"
9.10207635389444e-95,2.64090502479439,1,0.386,1.45615017509603e-90,"1","Spp1"
2.60865255385839e-94,4.5481132210345,0.806,0.064,4.17332235566266e-90,"5","Cdca8"
1.18670767174404e-93,2.67026496343742,0.967,0.258,1.89849493325611e-89,"1","Bicc1"
6.09595437787388e-93,5.15685135550908,0.645,0.026,9.75230781372264e-89,"5","Prc1"
6.16387311797239e-93,3.56305536932751,0.79,0.132,9.86096421413223e-89,"0","Pax4"
7.06309389990532e-93,5.39260042192592,0.613,0.02,1.12995376210685e-88,"5","Plk1"
7.68569186977335e-93,6.15877504154275,0.552,0.017,1.22955698532634e-88,"2","Sytl4"
1.74821383504605e-92,7.71808689748059,0.462,0.001,2.79679249330666e-88,"5","Esco2"
7.06732351087514e-92,5.67527353913072,0.57,0.015,1.1306304152698e-87,"5","Clspn"
1.01373762267397e-91,3.58195948543825,0.749,0.098,1.62177744875381e-87,"1","Dcdc2a"
2.1554730393033e-91,4.82806327597531,0.656,0.029,3.44832576827742e-87,"5","Tpx2"
3.28514207660061e-91,4.79563991341339,0.724,0.08,5.25557029414566e-87,"2","Ppp1r1a"
1.64745346429015e-89,3.62352608009709,0.939,0.27,2.63559605217138e-85,"2","Gng12"
3.94702288741935e-88,2.27076446397703,0.995,0.491,6.31444721529348e-84,"1","Cldn3"
1.3969603819781e-87,5.54853521680077,0.527,0.011,2.23485721908856e-83,"5","Ska1"
1.52555353068134e-87,8.63413840373051,0.632,0.053,2.44058053838401e-83,"2","Ins2"
2.81979014235142e-87,3.59074241508234,0.938,0.252,4.5111002697338e-83,"3","Tmem27"
1.92281416295134e-86,3.8352020605557,0.806,0.068,3.07611809788955e-82,"5","Cenpm"
2.41159148049156e-86,5.85198850710104,0.495,0.008,3.85806405049039e-82,"5","Ckap2l"
2.57949862069644e-86,2.96105576939113,0.837,0.166,4.12668189339016e-82,"1","Smtnl2"
1.1599225689119e-85,6.74070130397671,0.452,0.003,1.85564412574526e-81,"5","Cdkn2c"
5.14848376504563e-85,6.05527071911428,0.512,0.016,8.23654432732e-81,"3","Irx1"
5.50902461333034e-85,2.31714489614613,0.981,0.327,8.81333757640589e-81,"1","Sparc"
6.9138416144689e-84,2.63439181916642,0.994,0.268,1.10607638148273e-79,"2","Mafb"
9.95420879825654e-84,3.61454063454841,0.935,0.129,1.59247432354508e-79,"5","Smc2"
2.49111957793324e-82,4.37177719061617,0.667,0.041,3.9852931007776e-78,"5","Racgap1"
3.34876063890704e-82,2.06777614969988,0.995,0.435,5.35734727012348e-78,"1","Mgst1"
7.76286041347402e-82,3.50090812465615,0.742,0.102,1.24190240894757e-77,"2","Papss2"
3.58168899435823e-80,2.01943525975177,1,0.879,5.7299860531743e-76,"0","Krt7"
1.65818379355391e-79,4.26970479376408,0.645,0.038,2.65276243292754e-75,"5","Fbxo5"
2.19504588433355e-79,4.32100547277507,0.849,0.115,3.51163440575681e-75,"5","Birc5"
3.6873903736888e-79,4.05920907414595,0.849,0.103,5.89908711982734e-75,"5","Rrm2"
4.16961828003154e-79,4.90884025395409,0.505,0.014,6.67055532439446e-75,"5","Hmmr"
6.77186685198684e-79,2.40107669927065,0.986,0.555,1.08336325898085e-74,"1","Mt1"
2.46390270027934e-78,2.25443738718566,1,0.577,3.94175153990688e-74,"1","Clu"
4.11614605048985e-78,2.02465096996999,0.978,0.491,6.58501045157366e-74,"0","Map1b"
1.33283061271857e-77,2.03992654711174,0.995,0.575,2.13226241422717e-73,"1","Dbi"
1.72046795433019e-77,3.2130666630228,0.747,0.103,2.75240463333744e-73,"3","Arx"
5.58699616584277e-77,1.63949009199753,1,0.863,8.93807646611526e-73,"1","Krt18"
7.76755126372718e-77,3.82903258013515,0.688,0.049,1.24265285117107e-72,"5","Cenpk"
1.07161482686465e-76,4.76933924752629,0.634,0.041,1.71436940001807e-72,"5","Cenpf"
2.86720462394148e-76,3.32175024652767,0.989,0.201,4.58695395738158e-72,"5","Tyms"
1.32271927223632e-75,2.94281599880874,0.933,0.421,2.11608629172366e-71,"0","Cck"
1.73153272031001e-75,4.439479914299,0.581,0.029,2.77010604595195e-71,"5","Kif23"
1.88745398525993e-75,2.2701344521165,0.988,0.249,3.01954888561884e-71,"2","Pcsk2"
2.16285220451099e-75,5.44897005569235,0.452,0.009,3.46013095677667e-71,"5","Kif11"
3.58655556274605e-75,3.48358250042098,0.957,0.179,5.73777158928112e-71,"5","Spc24"
3.74545371242834e-75,4.66028154522178,0.591,0.033,5.99197684914286e-71,"5","Aurka"
1.37542485454184e-74,3.34942123775556,0.796,0.08,2.20040468229604e-70,"5","Mad2l1"
2.53784329974794e-74,5.63045623794627,0.84,0.246,4.06004171093676e-70,"2","Nnat"
5.71714238122658e-74,2.14364768237392,0.94,0.346,9.14628438148629e-70,"1","Vim"
7.36155755242392e-74,3.35255339593342,0.935,0.168,1.17770197723678e-69,"5","Lig1"
6.03765069660913e-73,1.35601761348502,0.884,0.212,9.65903358443529e-69,"1","Hhex"
9.86354974353287e-73,4.82190643403815,0.473,0.014,1.57797068797039e-68,"5","Ncapg"
3.0906278416041e-72,3.05588839695088,0.957,0.152,4.94438642099824e-68,"5","Gins2"
5.66728764938412e-72,5.04342039618443,0.473,0.015,9.06652678148471e-68,"5","Rad51ap1"
8.86075675103931e-72,4.90294924681658,0.495,0.018,1.41754386503127e-67,"5","Fam64a"
2.22249271693004e-71,3.67957592038908,0.951,0.379,3.55554384854469e-67,"2","Iapp"
5.58659312732091e-71,3.39631911423907,0.935,0.178,8.93743168508799e-67,"5","Gmnn"
5.88643129568081e-71,4.43035304807474,0.656,0.054,9.41711278683016e-67,"5","Ccnb1"
6.53891506707576e-71,4.07552949684232,0.521,0.034,1.04609563243078e-66,"2","Adra2a"
1.39863037349306e-70,2.36011795347013,0.93,0.339,2.2375288715142e-66,"1","Sox9"
1.51406557815454e-70,4.13173690016268,0.516,0.021,2.42220211193164e-66,"5","Kif20a"
1.53308787311931e-70,2.47391058961771,0.916,0.348,2.45263397941628e-66,"1","Mt2"
1.94952070784574e-70,3.231806765882,0.796,0.086,3.11884322841161e-66,"5","Mis18a"
4.87242950053283e-70,6.94297925019873,0.366,0.002,7.79491271495242e-66,"5","Casc5"
1.17564768035247e-69,3.00625399217597,0.772,0.183,1.88080115902789e-65,"1","Hes1"
1.33739775876018e-69,1.69063307094366,0.991,0.658,2.13956893446453e-65,"1","Atp1b1"
1.46968148789578e-69,3.64481948276629,0.785,0.095,2.35119644433568e-65,"5","Cdca3"
2.21026556295054e-69,4.1217186057191,0.495,0.019,3.53598284760827e-65,"5","Mis18bp1"
2.33779062754573e-69,4.36413593914936,0.473,0.016,3.73999744594766e-65,"5","Ccnf"
4.1544519027732e-69,2.1084853546934,0.949,0.368,6.64629215405657e-65,"1","Acot1"
4.72893085620383e-69,2.1236805378328,0.935,0.36,7.5653435837549e-65,"1","Lurap1l"
1.66870170107531e-68,1.67378651885007,1,0.971,2.66958898138028e-64,"2","Sec61b"
2.1637912445905e-68,5.86687249933484,0.398,0.007,3.46163323309588e-64,"5","Mxd3"
2.47446995254959e-68,2.78860961112728,0.859,0.25,3.95865703008883e-64,"2","Ociad2"
4.40646685318752e-68,4.68619132803648,0.462,0.016,7.04946567172939e-64,"5","Shcbp1"
5.22047482258585e-68,5.22546196715762,0.451,0.021,8.35171562117284e-64,"3","Ctxn2"
9.05375447236611e-68,3.41978628528245,0.892,0.166,1.44841964048913e-63,"5","Smc4"
1.33511004669432e-67,2.73216083965121,0.817,0.325,2.13590905270157e-63,"0","BC023829"
1.63647892131013e-67,2.10342772621902,0.926,0.346,2.61803897831195e-63,"1","Nudt19"
2.97376441988764e-67,2.78589916219629,0.67,0.103,4.75742831893624e-63,"1","Ppp1r1b"
8.25447068395093e-67,3.20456410543008,0.699,0.061,1.32055022001847e-62,"5","Ube2t"
2.02030276844989e-66,3.04178079130933,0.903,0.14,3.23208036896614e-62,"5","Mcm5"
3.21948112921848e-66,3.61017033150282,0.595,0.071,5.15052591052372e-62,"2","Gm27033"
3.77569616245877e-66,3.83269231906294,0.688,0.065,6.04035872070154e-62,"5","Uhrf1"
8.68065620483582e-66,4.80151698695121,0.43,0.012,1.38873137964963e-61,"5","Cdca5"
1.68114758378819e-65,2.76254571658573,0.763,0.194,2.68949990454434e-61,"1","Capg"
1.45336066556865e-64,4.5752097641101,0.516,0.029,2.32508639277672e-60,"5","Cenpe"
1.93726264258796e-64,3.2242775126137,0.71,0.072,3.09923277561222e-60,"5","Cenpw"
3.14246545941978e-64,5.26795683795861,0.387,0.008,5.02731624197976e-60,"5","Spdl1"
5.26717607446735e-64,4.44948835782854,0.43,0.014,8.42642828393287e-60,"5","Cenpu"
6.34350318205509e-64,3.02317494987917,0.892,0.152,1.01483363906517e-59,"5","Spc25"
7.41365354208373e-64,3.4062636720603,0.656,0.058,1.18603629366256e-59,"5","Chaf1a"
9.29335286486401e-64,3.88414646683594,0.495,0.024,1.48675059132094e-59,"5","Kif20b"
1.6425512771585e-63,2.19014975847505,0.969,0.342,2.62775353319817e-59,"2","1700086L19Rik"
2.17226112103784e-63,3.07478163795574,0.609,0.093,3.47518334143634e-59,"1","Cdc42ep1"
3.13823879655043e-63,6.11766525766847,0.333,0.002,5.02055442672139e-59,"5","Sgol2a"
9.11803504490054e-63,0.698736556934101,1,1,1.45870324648319e-58,"1","Rpl3"
1.37333763650727e-62,2.84716776979037,0.688,0.147,2.19706555088433e-58,"1","Sdc4"
1.52555170563641e-62,4.5001257228846,0.462,0.02,2.44057761867713e-58,"5","Kifc1"
3.25368395751348e-62,2.26110459575805,0.914,0.265,5.20524359523007e-58,"2","Dbpht2"
3.29340449534476e-62,3.68411724814703,0.613,0.052,5.26878851165254e-58,"5","Cenph"
3.44776070612808e-62,2.72172044787736,0.674,0.131,5.5157275776637e-58,"1","Cdc42ep5"
4.10597594314538e-62,4.99257033017301,0.387,0.009,6.56874031384398e-58,"5","Anln"
4.53106715243847e-62,4.93086025234151,0.43,0.016,7.24880123047106e-58,"5","Ube2c"
4.90096896367564e-62,1.93879970190243,0.969,0.707,7.84057014808829e-58,"0","Btg2"
6.12210564172814e-62,3.57090913140006,0.636,0.102,9.79414460563667e-58,"3","Peg10"
6.18847570683992e-62,2.45637372663993,0.945,0.467,9.90032343580251e-58,"2","Pdx1"
6.73632147141729e-62,4.92005661529232,0.429,0.023,1.07767670899734e-57,"2","G6pc2"
1.28917041862065e-61,4.11811104783203,0.462,0.02,2.06241483570932e-57,"5","Cenpn"
1.75797863889299e-61,4.09264423553387,0.505,0.029,2.812414226501e-57,"5","Bub1b"
1.91439141272337e-61,1.59325236348837,0.982,0.758,3.06264338207484e-57,"0","Ypel3"
2.35677556917185e-61,2.42528681485902,0.772,0.195,3.77036955556112e-57,"1","Habp2"
3.63424290298207e-61,2.41570281699019,0.812,0.254,5.81406179619071e-57,"0","Runx1t1"
8.49878097186695e-61,2.4785032038647,0.932,0.306,1.35963497987927e-56,"3","Slc38a5"
9.07567265657648e-61,3.47704835365169,0.509,0.054,1.45192611159911e-56,"0","Neurod2"
1.49066915240284e-60,3.4789071680389,0.591,0.047,2.38477251001406e-56,"5","Dbf4"
2.18675990276433e-60,5.17938646409877,0.376,0.009,3.49837849244238e-56,"5","Bub1"
4.25055133043996e-60,0.689592461575689,1,1,6.80003201843785e-56,"1","Rpl13"
6.89710825953058e-60,4.72451952383414,0.442,0.029,1.1033993793597e-55,"2","Mapt"
6.95313821256124e-60,2.95488883878213,0.786,0.36,1.11236305124555e-55,"0","1110012L19Rik"
7.09155051517618e-60,3.59015142165376,0.564,0.07,1.13450625141789e-55,"2","Ero1lb"
8.10189659990207e-60,4.25981037551281,0.43,0.017,1.29614141805233e-55,"5","Dscc1"
1.46296289691113e-59,1.83923454871528,0.949,0.36,2.34044804247843e-55,"1","Wfdc2"
2.00916848123178e-59,3.06669944392551,0.6,0.103,3.2142677362746e-55,"1","Sphk1"
3.50056859195539e-59,5.18065985782785,0.344,0.006,5.60020963341024e-55,"5","E2f8"
5.33617159334441e-59,2.25751371600989,0.851,0.305,8.5368073150324e-55,"1","S100a10"
6.40709213529598e-59,0.753455779775068,1,1,1.02500659980465e-54,"1","Rps19"
1.37777450970275e-58,2.34016353343131,0.753,0.188,2.20416366062246e-54,"1","S100a16"
2.86414770290517e-58,4.05059363611615,0.559,0.047,4.5820634951077e-54,"5","Tcf19"
3.97942565844704e-58,3.85317905135531,0.559,0.046,6.36628516838358e-54,"5","Kif22"
4.85997592703033e-58,1.91303080006772,0.957,0.3,7.77498948806312e-54,"2","Scgn"
7.05523592370003e-58,2.33714490327367,0.768,0.264,1.12869664307353e-53,"0","Celf3"
7.7701374887664e-58,1.76385093682272,0.912,0.329,1.24306659545285e-53,"1","Smco4"
8.55674520635298e-58,1.69562897037732,0.949,0.424,1.36890809811235e-53,"1","Ldha"
2.16516094433833e-57,2.14456391344245,0.912,0.438,3.46382447875246e-53,"1","Pdzk1ip1"
3.43629399461369e-57,1.83434352850788,0.912,0.364,5.49738313258298e-53,"1","Cyba"
3.99290736395857e-57,3.60985870799767,0.581,0.051,6.38785320086093e-53,"5","Atad2"
9.58258735588503e-57,6.2431811622216,0.301,0.002,1.53302232519449e-52,"5","Ska3"
1.45223843739957e-56,1.38413837052915,0.995,0.83,2.32329105215183e-52,"1","Myl12a"
2.76791506120731e-56,2.9134085172534,0.581,0.099,4.42811051491945e-52,"1","Fgfr2"
2.9005868980146e-56,4.11691255698825,0.419,0.018,4.64035891944376e-52,"5","4930427A07Rik"
3.80982314124895e-56,1.84943028448675,0.87,0.285,6.09495506137007e-52,"1","Phgdh"
7.97716792769183e-56,2.19412266907973,0.74,0.175,1.27618732507214e-51,"1","Nfib"
1.30450633836545e-55,2.57035955894957,0.642,0.135,2.08694924011705e-51,"1","Gpx8"
2.55726182762177e-55,1.80863865979427,0.935,0.432,4.09110747182932e-51,"1","Csrp2"
5.33010344307099e-55,3.09588245051979,1,0.511,8.52709948822496e-51,"5","Hmgb2"
6.51050642813406e-55,3.1883727509061,0.667,0.079,1.04155081837289e-50,"5","Nrm"
8.5636987823174e-55,3.54473653740165,0.496,0.069,1.37002053119514e-50,"0","Hpca"
1.0137482608614e-54,4.98471541177725,0.323,0.006,1.62179446772607e-50,"5","Neil3"
1.07809401294027e-54,0.628894733300107,1,1,1.72473480190185e-50,"1","Rpl23"
1.29805397197067e-54,0.670812404209172,1,1,2.07662674435868e-50,"1","Rpl32"
1.50657244383446e-54,3.4520303826051,0.903,0.237,2.41021459564637e-50,"5","Cks2"
1.53558429913605e-54,2.54335829671164,0.903,0.182,2.45662776175785e-50,"5","Rfc5"
1.73608362167357e-54,2.47615116360245,0.642,0.132,2.77738657795337e-50,"1","Trip6"
2.39661194877181e-54,4.22679619956507,0.419,0.02,3.83409979564514e-50,"5","Ncaph"
2.86671451511344e-54,0.681048775165707,1,1,4.58616988127848e-50,"1","Rps8"
2.90601445152113e-54,3.19682248243012,0.624,0.071,4.64904191954351e-50,"5","Nrarp"
3.80169549255538e-54,3.17472824526039,0.53,0.081,6.0819524489901e-50,"1","Gja1"
8.05020715852882e-54,2.10228396194411,0.749,0.195,1.28787214122144e-49,"1","Ccnd1"
9.18668425332752e-54,0.641478897991036,1,1,1.46968574684734e-49,"1","Rps2"
1.12418098958195e-53,5.27477691434391,0.344,0.012,1.7984647471332e-49,"2","Gip"
2.2332637447017e-53,2.11878808400336,0.744,0.198,3.57277533877377e-49,"1","Galk1"
2.5066017847101e-53,2.81043923063259,0.497,0.051,4.01006153517922e-49,"2","Mnx1"
3.29797404101257e-53,8.49081347641086,0.85,0.046,5.2760988708119e-49,"6","Sst"
4.88112411231054e-53,0.544414181971021,1,1,7.80882235487441e-49,"1","Rps16"
4.92201142572811e-53,0.863782113367517,1,0.99,7.87423387887983e-49,"1","Rpl22l1"
5.18776754922876e-53,3.85580674385705,0.387,0.022,8.29939052525616e-49,"2","Frzb"
6.50852099424916e-53,0.674442622638296,1,1,1.04123318865998e-48,"1","Rplp0"
9.79678189807968e-53,0.592884135473739,1,1,1.56728916805479e-48,"1","Rpl21"
1.49770107887552e-52,2.53817902579226,0.73,0.167,2.39602218598506e-48,"2","Scg2"
1.55582960282495e-52,4.89826464596709,0.402,0.022,2.48901619859936e-48,"4","Dll1"
1.6438539276672e-52,1.85634954664915,0.902,0.304,2.62983751348199e-48,"2","Scg3"
2.0439970441153e-52,4.97216927323767,0.366,0.014,3.26998647117566e-48,"5","Fam111a"
2.63477459365475e-52,2.33103789341534,0.749,0.208,4.21511239492887e-48,"1","Sat1"
3.51959305159559e-52,0.716721542144835,1,1,5.63064496394262e-48,"1","Rpl10a"
3.69069238118321e-52,3.8423109825795,0.495,0.04,5.9043696714169e-48,"5","Psrc1"
3.82931564085197e-52,1.58218944792299,0.988,0.574,6.12613916223497e-48,"2","Rbp4"
3.85654950215932e-52,4.05633413800513,0.376,0.015,6.16970789355447e-48,"5","Lrr1"
4.1282214593204e-52,3.5285827240515,0.484,0.035,6.60432869062078e-48,"5","Lockd"
5.63417368245652e-52,0.531688816567777,1,1,9.01355105719395e-48,"1","Rps27a"
7.38135554489714e-52,2.67425274617329,0.806,0.137,1.18086926007264e-47,"5","Dhfr"
8.22304614064324e-52,0.784965598490861,1,0.987,1.31552292158011e-47,"1","Rps12"
1.03048117317322e-51,4.73282391500528,0.346,0.015,1.64856378084251e-47,"3","Nap1l5"
1.06810779244131e-51,1.73240611836541,0.994,0.488,1.7087588463476e-47,"3","Cpe"
1.13533943814552e-51,2.62716730129927,0.609,0.128,1.81631603314521e-47,"1","Rest"
1.35294345031568e-51,0.63566872993768,1,1,2.16443893181502e-47,"1","Rpl17"
5.20406915612742e-51,2.32358513785222,0.684,0.168,8.32546983597265e-47,"1","St3gal4"
7.08576409435197e-51,2.14737023953526,0.767,0.189,1.13358053981443e-46,"2","1500009L16Rik"
7.66238838595733e-51,2.27747322607326,0.859,0.366,1.22582889398545e-46,"2","1110008P14Rik"
8.70464180460909e-51,2.01795205679626,0.805,0.271,1.39256859590136e-46,"1","Rbp1"
1.08334917427017e-50,4.45544191185143,0.344,0.011,1.73314200899742e-46,"5","Ndc80"
1.33651511057145e-50,1.8521011697655,0.926,0.483,2.1381568738922e-46,"1","Tpm1"
2.1300453265086e-50,4.2633351771975,0.344,0.011,3.40764651334845e-46,"5","Nek2"
2.46605526700267e-50,0.86541914606786,1,0.988,3.94519521615087e-46,"1","Rpl12"
2.56072317186615e-50,2.40733480620577,1,0.791,4.09664493035146e-46,"5","Tuba1b"
2.92329414244665e-50,2.24671141098669,0.66,0.16,4.67668596908615e-46,"1","Tgm2"
3.64176806963316e-50,2.12403738542259,0.938,0.362,5.82610055779914e-46,"3","Isl1"
5.1250773629814e-50,2.51134005105094,0.873,0.208,8.19909876529764e-46,"4","Cbfa2t3"
5.66010729592067e-50,1.12195567222053,1,0.863,9.0550396520139e-46,"1","Pebp1"
7.37972141022425e-50,2.56837077769634,0.567,0.109,1.18060783120768e-45,"1","Hpgd"
1.1155914445795e-49,1.54242933658253,0.915,0.642,1.78472319303829e-45,"0","Cyth2"
1.15302583970708e-49,2.55435569245666,0.698,0.159,1.84461073836339e-45,"3","BC048546"
1.53689761236976e-49,0.669753219884566,1,1,2.45872880026914e-45,"1","Rps18"
1.74573012802874e-49,2.27554514638916,0.724,0.172,2.79281905882038e-45,"2","Pcsk1"
3.06590608346577e-49,2.84190346095609,0.605,0.113,4.90483655232854e-45,"3","Sphkap"
3.69452724531953e-49,1.62998007627213,0.963,0.599,5.91050468706218e-45,"1","H19"
4.65416150357746e-49,2.3457486062174,0.935,0.201,7.44572757342322e-45,"5","Rfc4"
5.6145272558401e-49,0.954719344852196,1,0.997,8.98212070389299e-45,"0","Actg1"
5.65224418292554e-49,7.81146699388291,0.638,0.164,9.04246024384428e-45,"2","Ins1"
8.06836951669605e-49,2.08111874405442,0.798,0.221,1.29077775528103e-44,"2","Cnih2"
8.66497570528667e-49,3.03829070640556,0.716,0.222,1.38622281333176e-44,"3","Smarca1"
8.96112495993126e-49,3.13149573561683,0.623,0.137,1.4336007710898e-44,"3","Tmsb15l"
9.40973656183254e-49,2.67191518723537,0.526,0.09,1.50536965516197e-44,"1","Mboat1"
9.56948779890528e-49,2.27575090391754,0.802,0.245,1.53092665806887e-44,"3","Pam"
1.04968790737108e-48,0.689234460804784,1,0.999,1.67929071421226e-44,"1","Rplp1"
1.22412917938549e-48,1.83644611213094,0.795,0.255,1.95836186118091e-44,"1","Cldn10"
1.36513117997844e-48,2.26178508055022,0.957,0.271,2.18393686172951e-44,"5","Ptn"
1.38717832275094e-48,1.69247076619237,1,0.592,2.21920788073695e-44,"2","Tuba1a"
2.08037169328622e-48,2.8581084109727,0.521,0.092,3.3281786349193e-44,"1","Gjb1"
2.17796134618115e-48,0.72931077661651,1,0.997,3.48430256162061e-44,"0","Eef2"
2.45167271916349e-48,3.05429585231554,0.526,0.096,3.92218601611775e-44,"1","Ugt2b34"
2.98573441426301e-48,5.4542954461512,0.28,0.005,4.77657791593796e-44,"5","Gsg2"
3.0673353020104e-48,2.59130778125461,0.839,0.175,4.90712301615624e-44,"5","Psat1"
3.42876044872393e-48,3.98471552072476,0.387,0.02,5.48533096586855e-44,"5","Exo1"
3.49737143762548e-48,2.52561952821426,0.623,0.148,5.59509482591324e-44,"1","Zfp36l1"
3.67667611472833e-48,6.36206546206418,0.247,0.001,5.88194644834239e-44,"5","Espl1"
4.42751966511623e-48,1.85737122907556,0.89,0.311,7.08314596025294e-44,"2","Abcc8"
4.58714660412834e-48,5.70007878891488,0.269,0.003,7.33851713728451e-44,"5","Iqgap3"
5.44127632070298e-48,4.44581086087702,0.344,0.014,8.70495385786062e-44,"5","Kif2c"
9.71086281592569e-48,3.04111324902006,0.613,0.078,1.55354383329179e-43,"5","Chaf1b"
1.19143294891143e-47,4.11631492786094,0.344,0.014,1.90605443166851e-43,"5","Nuf2"
1.75508565444473e-47,2.92952672371462,0.559,0.059,2.80778602998067e-43,"5","Mns1"
3.50972842068696e-47,2.79211777072509,0.58,0.105,5.614863527415e-43,"3","Etv1"
3.99699765248776e-47,4.08891458575845,0.355,0.016,6.39439684444991e-43,"5","Cdc45"
4.12054543883122e-47,3.81853808515038,0.461,0.042,6.59204859304219e-43,"4","Nfix"
4.35848372819483e-47,2.49170667834322,0.951,0.356,6.97270226836609e-43,"4","Neurog3"
6.41193681248458e-47,4.44749732582892,0.301,0.008,1.02578165126128e-42,"5","Kif4"
8.38742270238692e-47,2.07221803606705,0.614,0.132,1.34181988392786e-42,"1","Psat1"
8.39801211383791e-47,3.83116440070093,0.613,0.085,1.34351397797179e-42,"5","Cdc20"
8.85962487636737e-47,2.62294788486836,0.763,0.135,1.41736278772125e-42,"5","Prim1"
1.27294906023894e-46,0.891416492683753,1,0.963,2.03646390657026e-42,"0","Eif3e"
1.77779830275744e-46,4.47149377624954,0.355,0.017,2.84412172475135e-42,"5","Fam83d"
1.92300461917574e-46,1.91046623418862,1,0.72,3.07642278975736e-42,"5","H2afz"
1.98440686697291e-46,5.2371038071838,0.28,0.006,3.17465410578326e-42,"5","Sapcd2"
2.07551584609792e-46,0.625694336892447,1,1,3.32041025058745e-42,"1","Rps4x"
2.18489956627782e-46,2.1897056022607,0.978,0.516,3.49540232613125e-42,"5","Cks1b"
3.57989232919954e-46,2.02415454675284,1,0.806,5.72711174825343e-42,"4","Sox4"
3.86445296745804e-46,2.62063845470595,0.833,0.241,6.18235185733937e-42,"4","Amotl2"
4.86211049181567e-46,1.18427957585771,1,1,7.77840436480672e-42,"2","Gnas"
4.98958535167027e-46,1.4478143594132,0.969,0.782,7.98233864560209e-42,"2","Immp1l"
5.87802935307497e-46,0.860422561363361,1,0.989,9.40367135904934e-42,"0","Ddx5"
6.65036314430798e-46,1.30256410039387,0.963,0.732,1.06392509582639e-41,"1","Eno1"
7.07854934980216e-46,5.19551708511071,0.258,0.003,1.13242632498135e-41,"5","Oip5"
7.68585652919054e-46,2.68229845401629,0.849,0.21,1.2295833275399e-41,"5","Pcna"
1.24433597095094e-45,0.941237235845861,0.994,0.401,1.99068868632732e-41,"2","Chgb"
2.02992545189747e-45,1.43152168520826,1,0.945,3.24747473794557e-41,"5","Ran"
2.12812628318803e-45,0.567681788071758,1,1,3.4045764278442e-41,"1","Rpl23a"
2.3786245979935e-45,2.30748476843583,0.609,0.141,3.80532363187e-41,"1","Ldhb"
2.943283674744e-45,1.41861124564812,0.994,0.398,4.70866522285546e-41,"2","Pcsk1n"
3.4674364497704e-45,3.6264425433821,0.366,0.019,5.54720483234268e-41,"5","C330027C09Rik"
3.93254873997062e-45,0.606464568665837,1,1,6.291291474205e-41,"1","Rps11"
5.99384092507176e-45,1.86434348015306,0.758,0.233,9.5889467119298e-41,"1","Col18a1"
6.64882408773207e-45,1.86859228104472,0.83,0.436,1.06367887755538e-40,"0","Tox3"
8.85048342828452e-45,1.26203715578904,0.964,0.852,1.41590033885696e-40,"0","Jund"
9.39302013621476e-45,1.74546572330482,0.963,0.405,1.50269536139164e-40,"3","Pcsk1n"
1.08487150514239e-44,2.15218949496467,0.737,0.283,1.7355774339268e-40,"0","Tubb3"
1.36298906486505e-44,5.78463465072294,0.475,0.075,2.1805099059711e-40,"3","Gast"
1.64181613619322e-44,2.07281162718159,0.736,0.191,2.62657745468191e-40,"2","Tmem163"
1.66263527651487e-44,1.83983055489038,0.926,0.597,2.65988391536849e-40,"2","Hadh"
1.66624803160103e-44,2.32767179020715,0.903,0.257,2.66566360095532e-40,"5","Pmf1"
2.01571162722502e-44,0.797997645383731,1,0.971,3.22473546123458e-40,"1","Rpl39"
2.03707353978363e-44,3.75630318172899,0.372,0.038,3.25891024894585e-40,"1","Sh2d4a"
2.17476313793471e-44,3.07497894338061,0.798,0.352,3.47918606806795e-40,"2","Sdf2l1"
3.5598127105683e-44,1.42963234912225,0.94,0.5,5.69498837436716e-40,"1","Cdkn1c"
4.20236064658702e-44,1.6021507078579,0.969,0.419,6.72293656240991e-40,"3","Fam183b"
5.45828223926959e-44,0.560285070327483,1,1,8.73215992638349e-40,"1","Rps15"
6.44159020103659e-44,0.796132781121173,1,0.98,1.03052560036183e-39,"1","Rpl36a"
6.57094677648623e-44,4.38805047550701,0.373,0.025,1.05122006530227e-39,"4","Nptx2"
7.06317696489082e-44,1.95813507246381,0.73,0.225,1.12996705084323e-39,"1","Ptn"
7.67284056316081e-44,1.78815890237313,0.795,0.271,1.22750103329447e-39,"1","Muc1"
8.18107470011943e-44,1.7679338168575,0.975,0.763,1.30880833052511e-39,"2","Dlk1"
8.54222034725974e-44,3.60399636765308,0.387,0.025,1.36658441115461e-39,"5","Trip13"
9.59497593183099e-44,2.08766225382044,0.705,0.266,1.53500424957432e-39,"0","Gdap1l1"
1.02177756657068e-43,3.56738434657477,0.451,0.046,1.63463975099978e-39,"4","Grin3a"
1.32071230961776e-43,2.01864048452699,0.785,0.26,2.11287555292649e-39,"2","Pak3"
1.36325794491025e-43,2.12238390177143,0.693,0.203,2.18094006026742e-39,"1","Bst2"
1.39551371402587e-43,3.56754099702578,0.423,0.062,2.23254283969858e-39,"1","S100b"
1.42854102857534e-43,4.81889544883289,0.29,0.009,2.28537993751483e-39,"5","Ankle1"
1.57562274856067e-43,1.57856286699975,0.92,0.335,2.52068127314736e-39,"2","Cryba2"
1.7487161668713e-43,2.57478774039488,0.71,0.12,2.79759612376071e-39,"5","Dnmt1"
2.02725957261923e-43,1.74886220096002,1,0.937,3.24320986427624e-39,"5","Tubb5"
2.31672966126629e-43,3.77004877700819,0.366,0.021,3.70630411209381e-39,"5","Gas2l3"
2.43289552734951e-43,0.605989264984166,1,1,3.89214626465374e-39,"1","Rpsa"
2.71020405794559e-43,0.508819723678904,1,1,4.33578445190135e-39,"1","Rpl11"
3.95874970777934e-43,2.7357524381414,0.581,0.078,6.33320778250538e-39,"5","Ccnb2"
4.8370057477401e-43,6.68858471949571,0.3,0.003,7.73824179523461e-39,"6","Mef2c"
5.08608437591937e-43,2.44548747956485,0.6,0.156,8.1367177845958e-39,"1","Gstt1"
6.17886021040085e-43,1.77513899024963,0.932,0.667,9.88494056459928e-39,"3","Meis2"
6.53518282036409e-43,0.593477489406447,1,1,1.04549854760185e-38,"1","Rpl18a"
7.99444841368196e-43,1.22143154291185,0.977,0.636,1.27895185722084e-38,"1","Serpinh1"
8.19232181335437e-43,0.484695775943046,1,1,1.31060764370043e-38,"1","Rpl6"
1.46579865480401e-42,4.12570678877765,0.301,0.011,2.34498468795545e-38,"5","Cep55"
2.11046253105608e-42,0.630959085885188,1,1,3.37631795718351e-38,"1","Rps20"
2.36511853195206e-42,1.61405633265462,0.963,0.603,3.78371662741691e-38,"2","Pyy"
2.43410940424042e-42,2.13319902061506,0.87,0.436,3.89408822490382e-38,"3","Gpx3"
2.64470811545576e-42,1.46965836731124,1,0.907,4.23100404310613e-38,"5","Ranbp1"
3.58154586631866e-42,1.33552670911688,0.949,0.627,5.7297570769366e-38,"1","Hsd17b10"
4.15100058586233e-42,3.04458877236772,0.438,0.074,6.64077073726256e-38,"0","Rbfox3"
4.92532704060296e-42,1.26626933848761,0.946,0.775,7.87953819955661e-38,"0","Marcks"
4.9603767763914e-42,2.89776063487563,0.763,0.157,7.93561076687096e-38,"5","Tuba1c"
5.14056378669362e-42,2.0451052714764,0.693,0.228,8.22387394595245e-38,"1","Pamr1"
6.08244617306668e-42,2.77852930460418,0.53,0.116,9.73069738767208e-38,"1","Gas6"
6.08515927676297e-42,0.51929983537248,1,1,9.73503781096539e-38,"1","Rps24"
8.30298874172435e-42,0.524829895921471,1,1,1.32831213890106e-37,"1","Rps7"
9.72140722629311e-42,2.52655667176595,0.54,0.124,1.55523072806237e-37,"1","Selenbp1"
1.0735584339775e-41,2.44798439000947,0.747,0.245,1.7174787826772e-37,"3","Hap1"
1.17296667757254e-41,2.20762858332641,0.804,0.376,1.87651209078055e-37,"2","Tubb2a"
1.19115095759181e-41,3.57163112207659,0.333,0.017,1.90560330195538e-37,"5","Rad54l"
1.21449637675564e-41,2.82365559621584,0.447,0.075,1.94295130353367e-37,"1","Gpm6b"
1.35164523114751e-41,1.23140889552859,0.994,0.452,2.16236204078979e-37,"2","Chga"
2.5816068808671e-41,2.49941653972753,0.589,0.177,4.13005468801119e-37,"0","Mfng"
2.73864433870411e-41,1.9774172514322,0.989,0.517,4.38128321305884e-37,"5","Siva1"
3.65516698971035e-41,2.04715458842839,0.957,0.357,5.84753615013861e-37,"5","Phgdh"
3.67434710855856e-41,1.90758212514618,0.763,0.409,5.87822050427199e-37,"0","Dbn1"
3.7762091873999e-41,0.59223932963122,1,1,6.04117945800237e-37,"1","Rps17"
4.32016864964177e-41,0.546258525978662,1,1,6.9114058056969e-37,"1","Rps23"
4.36286612600873e-41,1.70655446179392,0.758,0.253,6.97971322838877e-37,"1","Wfdc15b"
5.89323766696721e-41,1.23996101036995,1,0.737,9.42800161961414e-37,"2","Rap1b"
7.13439244285264e-41,2.10385887467573,0.978,0.421,1.14136010300756e-36,"5","Lsm2"
7.23550316388969e-41,2.66605237312525,0.479,0.092,1.15753579615907e-36,"1","Fmo2"
7.3039795093826e-41,1.20448522645786,0.987,0.623,1.16849064191103e-36,"0","Aplp1"
9.36735076028224e-41,2.08189606478009,1,0.501,1.49858877462995e-36,"5","Dut"
1.07664573218305e-40,3.38981570585907,0.686,0.17,1.72241784234644e-36,"4","Id1"
1.28782766231493e-40,1.68053986128058,0.781,0.292,2.06026669417142e-36,"1","Kcnk1"
1.41574976940137e-40,1.61665206801293,0.975,0.576,2.26491648108831e-36,"3","Rbp4"
1.46199180641088e-40,2.13549880806696,0.968,0.403,2.33889449189613e-36,"5","Dek"
1.46330868145464e-40,2.66300660666792,0.84,0.335,2.34100122859113e-36,"3","Lrpprc"
1.4814696706447e-40,0.507814531021143,1,1,2.3700551790974e-36,"1","Rpl7"
1.55941879759983e-40,2.27960739868323,0.589,0.181,2.4947581924002e-36,"0","Ids"
1.59450335954057e-40,2.31278482517544,0.72,0.129,2.550886474593e-36,"5","Fen1"
1.72899648884028e-40,2.09348189147575,0.768,0.408,2.76604858284668e-36,"0","Rgs17"
2.07481918146479e-40,1.94894942738258,0.759,0.317,3.31929572650738e-36,"0","Neurog3"
2.13951445009245e-40,2.16444031748216,0.577,0.141,3.4227952172579e-36,"1","Trim47"
2.18866934134459e-40,2.573037383857,0.521,0.113,3.50143321228307e-36,"1","Ndrg2"
2.35640318262228e-40,3.08187810853392,0.438,0.067,3.76977381155913e-36,"3","Slc16a10"
3.11824183104948e-40,1.35868870686166,0.982,0.415,4.98856328131296e-36,"2","Fam183b"
3.64927441440063e-40,3.66538949382342,0.344,0.031,5.83810920815813e-36,"2","Acvr1c"
3.73388355885064e-40,1.46529769581322,0.957,0.642,5.97346691744926e-36,"2","Hist3h2ba"
6.26505627398272e-40,4.06051041678526,0.315,0.023,1.00228370271176e-35,"3","Gria2"
6.32791554811415e-40,1.37537482208004,0.969,0.517,1.0123399293873e-35,"2","Tspan7"
7.73728320610163e-40,2.14012691607568,0.839,0.196,1.23781056731214e-35,"5","Usp1"
9.84076558401757e-40,0.967522473686426,0.987,0.943,1.57432567813113e-35,"0","Cox7a2l"
1.23111882769496e-39,1.90647103793672,0.932,0.61,1.96954390054639e-35,"3","Pyy"
1.3532595287723e-39,2.20496648304546,0.763,0.151,2.16494459412993e-35,"5","Hpgd"
1.42368820633523e-39,2.07399901695637,0.935,0.275,2.2776163924951e-35,"5","Dtymk"
1.95598913115821e-39,1.46480396923565,0.847,0.372,3.12919141202691e-35,"1","Krt19"
2.31141103795053e-39,3.97719066474839,0.323,0.018,3.69779537851326e-35,"5","Hs6st2"
2.34429710821819e-39,4.37163721967423,0.235,0.005,3.75040651372746e-35,"3","Rgs4"
2.46796789078484e-39,0.557312447969747,1,1,3.94825503167758e-35,"1","Rpl28"
3.36699225388962e-39,2.65185931262898,0.512,0.1,5.38651420777261e-35,"3","Resp18"
3.5934996427643e-39,2.61293029280179,0.581,0.084,5.74888072849433e-35,"5","Hist1h1e"
4.19054450611171e-39,2.87856661516543,0.57,0.084,6.70403310087751e-35,"5","Hells"
5.24584466673882e-39,0.537354855650782,1,1,8.39230229784876e-35,"0","Eif1"
5.26224811394995e-39,3.33758514397077,0.355,0.024,8.41854453269713e-35,"5","Ncapg2"
5.60397390209973e-39,2.60928234312462,0.637,0.124,8.96523744857914e-35,"4","Ppp1r14a"
7.2762422005814e-39,2.26043359511261,0.704,0.236,1.16405322724901e-34,"3","Dusp10"
8.17661329841473e-39,2.59688985222882,0.474,0.097,1.30809459548039e-34,"1","Ehf"
8.28014584532938e-39,2.19932876837008,0.577,0.149,1.32465773233579e-34,"1","Hebp1"
8.30149674630748e-39,1.99813246368446,0.989,0.492,1.32807344947427e-34,"5","Ldha"
1.07577923743606e-38,2.55365555696299,0.742,0.16,1.72103162405021e-34,"5","Mcm3"
1.19054504863616e-38,3.58125887585534,0.376,0.029,1.90463396880814e-34,"5","Ckap2"
1.4526523734686e-38,3.87138281380252,0.301,0.015,2.32395326707506e-34,"5","Ect2"
1.79612442148694e-38,0.577344588342057,1,0.999,2.87343984949481e-34,"1","Rpl7a"
1.97800177571244e-38,0.964495692046523,1,0.975,3.16440724078476e-34,"2","Ssr2"
2.00467445227176e-38,1.27783824440221,0.883,0.315,3.20707818874436e-34,"2","Slc38a5"
2.50774589051778e-38,4.36031827829884,0.247,0.007,4.01189187565034e-34,"5","Mcm10"
3.43363008462775e-38,3.90748172309541,0.323,0.019,5.49312140938747e-34,"5","Kif15"
4.20540397845322e-38,3.22083120937362,0.414,0.061,6.72780528472946e-34,"3","Dock11"
4.259088606232e-38,0.511591053307776,1,1,6.81368995224995e-34,"1","Rps5"
4.58803835169812e-38,2.77151159177601,0.448,0.07,7.33994375504666e-34,"2","Ffar1"
7.01115599483941e-38,2.73302638879297,0.423,0.061,1.12164473605441e-33,"2","Slc30a8"
7.76143219324527e-38,1.65591508722841,0.84,0.322,1.24167392227538e-33,"3","Abcc8"
8.11359849948904e-38,1.8380895054855,0.712,0.246,1.29801348794826e-33,"1","Hmga2"
8.17492057556318e-38,2.74912349862853,0.505,0.062,1.3078237936786e-33,"5","Skp2"
9.80547919048393e-38,0.881806879677176,0.995,0.944,1.56868056089362e-33,"1","Gapdh"
9.81555013347724e-38,2.21776233720129,0.925,0.316,1.57029171035369e-33,"5","Cldn10"
9.96219726304346e-38,3.53083124857945,0.323,0.019,1.59375231814169e-33,"5","Tacc3"
1.03511636357579e-37,5.27503942127608,0.226,0.005,1.65597915844854e-33,"5","Eme1"
1.09029043469071e-37,3.09365826328722,0.506,0.109,1.7442466374182e-33,"3","Tmsb15b2"
1.12698773381465e-37,1.69262071813039,0.761,0.227,1.80295497655667e-33,"2","Ank"
1.13151166772952e-37,8.72827520240188,0.543,0.152,1.81019236603368e-33,"3","Gcg"
1.13761170167259e-37,1.86181589882393,0.748,0.257,1.81995120033582e-33,"2","Rab3a"
1.77329554306221e-37,1.20344639537368,0.963,0.643,2.83691820979093e-33,"1","Gpx1"
1.82728521321934e-37,1.37870532903342,0.866,0.646,2.9232908841083e-33,"0","Spint1"
1.99712616556058e-37,0.401970944051846,1,1,3.19500243966382e-33,"1","Rpl41"
2.3822970863019e-37,4.17683502402856,0.28,0.012,3.81119887866578e-33,"5","Traip"
2.73605748756425e-37,1.30599351018313,0.969,0.507,4.37714476860529e-33,"2","Syt13"
3.00340353947806e-37,3.90999603402769,0.312,0.018,4.80484498245699e-33,"5","Dtl"
3.0514030478534e-37,2.50350474735757,0.775,0.241,4.88163459595587e-33,"4","Prom1"
3.39101440088096e-37,0.547894891917917,1,1,5.42494483852937e-33,"1","Rps15a"
3.92691207428454e-37,2.49718559261488,0.484,0.105,6.2822739364404e-33,"1","Gas2"
4.36220063931448e-37,0.583350313611739,1,1,6.9786485827753e-33,"1","Rps26"
6.08903085721014e-37,2.14839383116507,0.624,0.104,9.74123156536479e-33,"5","Wnt7b"
7.1299553796414e-37,1.68189940944042,0.781,0.498,1.14065026163503e-32,"0","Ppp3ca"
7.4823101764618e-37,4.6853545662108,0.265,0.015,1.19701998203036e-32,"3","Nxph1"
8.73493952406233e-37,4.38952155411481,0.247,0.008,1.39741562505949e-32,"5","Brca1"
9.57504983745594e-37,1.25506706129781,0.994,0.488,1.5318164729962e-32,"2","Cpe"
9.77648665337116e-37,0.670061850065469,1,0.984,1.56404233480632e-32,"1","Rpl35"
1.06282408858838e-36,0.636332319049141,1,0.988,1.7003059769237e-32,"1","Npm1"
1.23628573847562e-36,1.28830309921058,0.929,0.634,1.97780992441329e-32,"0","Camk2n1"
1.51001993276993e-36,1.89918841804319,0.786,0.464,2.41572988844534e-32,"0","Ffar2"
1.58012309245103e-36,1.79001370195577,0.957,0.498,2.52788092330317e-32,"5","Lsm3"
1.64197267823518e-36,2.55712831220635,0.71,0.146,2.62682789064064e-32,"5","Rrm1"
1.81471538301929e-36,4.89010953259964,0.237,0.007,2.90318166975426e-32,"5","Slfn9"
2.56769079072697e-36,2.07414078852659,0.914,0.322,4.107791727005e-32,"5","Dnajc9"
2.56781386487325e-36,3.33487994030735,0.387,0.036,4.10798862102422e-32,"5","Cdkn3"
3.06899614586038e-36,1.89776972819125,0.643,0.24,4.90978003414744e-32,"0","Vwa5b2"
3.1585264355999e-36,1.8234862020472,0.968,0.439,5.05301059167271e-32,"5","Wfdc2"
3.21386843593125e-36,1.69940426031114,0.763,0.407,5.14154672380281e-32,"0","Ctsf"
3.26778222738141e-36,2.14695011489284,0.643,0.289,5.22779800736478e-32,"0","Igsf8"
3.41056572830707e-36,1.94644382331427,0.912,0.365,5.45622305214565e-32,"4","Foxa3"
3.81169918129137e-36,2.04405853995956,0.828,0.213,6.09795635022993e-32,"5","Cmc2"
4.30294946215627e-36,3.14327627327014,0.374,0.048,6.8838585495576e-32,"2","Lrp8"
5.12206864983829e-36,2.85848158186424,0.409,0.075,8.1942854260113e-32,"1","Sbspon"
6.24293669540563e-36,2.29720874028791,0.957,0.503,9.98745012530992e-32,"5","H2afx"
6.34957788923852e-36,2.14794151638384,0.839,0.233,1.01580547072038e-31,"5","Mcm6"
7.7163092290209e-36,2.15784919475411,0.572,0.166,1.23445515045876e-31,"1","Mdfi"
7.88828167290223e-36,2.01884184465627,0.595,0.181,1.2619673020309e-31,"1","Cmtm8"
1.07231947591844e-35,1.19370721036612,0.915,0.781,1.71549669757432e-31,"0","Psmc2"
1.14676537861135e-35,2.36370704319818,0.849,0.261,1.83459525270244e-31,"5","Ccnd1"
1.1750621963809e-35,2.67754680727395,0.462,0.054,1.87986450177016e-31,"5","Kpna2"
1.50594076237611e-35,3.50451673836339,0.383,0.058,2.40920403164931e-31,"3","Wnk3"
1.5617091661967e-35,2.68865665823866,0.456,0.101,2.49842232408148e-31,"1","Cdk6"
1.58658912926164e-35,2.39040908399627,0.462,0.052,2.53822528899277e-31,"5","Pkmyt1"
2.35510862884105e-35,1.31707236733974,0.748,0.237,3.76770278441991e-31,"2","Zcchc18"
2.40075369733272e-35,0.40898948068595,1,1,3.84072576499288e-31,"1","Rpl8"
2.53353778285449e-35,1.19700398035638,0.975,0.686,4.05315374501062e-31,"2","Anxa4"
3.0250978835541e-35,2.01528075882902,0.925,0.297,4.83955159410986e-31,"5","Lmnb1"
3.27227417396071e-35,0.654611056508496,1,0.982,5.23498422350235e-31,"1","Ppia"
3.4193509596992e-35,2.54321532436573,0.495,0.063,5.47027766532678e-31,"5","Trim59"
4.31173580102605e-35,2.82342658983241,0.433,0.088,6.89791493448147e-31,"1","8430408G22Rik"
4.40577834774001e-35,2.29821089531724,0.507,0.124,7.04836420071446e-31,"1","Tgif1"
4.55501010027951e-35,3.24656000358591,0.355,0.029,7.28710515842716e-31,"5","Cenpl"
4.92474057785934e-35,1.58054997113427,0.758,0.296,7.87859997645937e-31,"1","Adk"
5.10331359625303e-35,3.16312954581533,0.372,0.063,8.16428109128559e-31,"1","Adamts16"
5.6841552159148e-35,1.66984768838666,0.74,0.276,9.09351151442049e-31,"1","Cat"
6.41195279347661e-35,1.8200230332409,0.935,0.376,1.02578420790039e-30,"5","Ccdc34"
6.8569406597682e-35,2.42535925073833,0.562,0.183,1.09697336674972e-30,"0","Igfbpl1"
7.26621636025698e-35,0.472030737572277,1,1,1.16244929331391e-30,"1","Rps9"
7.68089303512515e-35,1.11283357910095,0.958,0.688,1.22878926775932e-30,"1","Myl12b"
8.12462837349739e-35,0.497261543921742,1,1,1.29977804719211e-30,"1","Rps29"
8.43912254272738e-35,2.08234067665353,0.774,0.188,1.35009082438553e-30,"5","Rpa2"
8.99409057609561e-35,3.10829563236606,0.529,0.096,1.43887461036378e-30,"4","Rasl11b"
1.0730452060758e-34,2.61620836431864,0.538,0.081,1.71665772068007e-30,"5","Haus4"
1.23798103908213e-34,2.26021524261943,0.779,0.402,1.9805220663236e-30,"2","Creld2"
1.41062758037061e-34,1.06248468540749,0.977,0.78,2.2567220030769e-30,"1","Mif"
1.53770597602996e-34,0.847059807956938,0.986,0.904,2.46002202045273e-30,"1","Myl6"
1.62659282757662e-34,2.80402516874823,0.548,0.093,2.60222320555707e-30,"5","Cenpa"
1.66993550681331e-34,2.93222281189669,0.398,0.04,2.67156282379994e-30,"5","Ncapd2"
1.67434139837518e-34,3.81281151737849,0.294,0.026,2.67861136912061e-30,"2","Pabpn1l"
1.74528405461416e-34,1.17728641698438,1,0.985,2.79210543057173e-30,"3","Slc25a5"
1.76724622202838e-34,1.80303270898072,0.989,0.419,2.827240506001e-30,"5","Nudt19"
1.77253144805083e-34,2.78923496396484,0.414,0.08,2.83569581059171e-30,"1","Wnt7b"
1.98003929450427e-34,0.850954669664087,1,0.962,3.16766686334794e-30,"2","Atp5g1"
2.2038064016122e-34,4.66258622233005,0.226,0.007,3.5256494812992e-30,"5","Aunip"
2.36113965302617e-34,1.57734427483435,0.901,0.583,3.77735121691127e-30,"3","Itm2c"
2.45203554774108e-34,2.53750475505504,0.685,0.25,3.92276646927618e-30,"3","Zcchc18"
2.4624310981479e-34,1.81170405668932,0.748,0.292,3.93939727081701e-30,"2","Prps1"
2.46928266910253e-34,1.40564772766259,0.963,0.841,3.95035841403022e-30,"2","Hspa5"
3.10465098647952e-34,3.47832154386105,0.293,0.029,4.96682064816993e-30,"1","Cxcl12"
3.11621429025452e-34,2.86123843230976,0.43,0.05,4.98531962154918e-30,"5","Ccne1"
3.22356119686857e-34,2.35105165772678,0.775,0.249,5.15705320275034e-30,"4","Grasp"
3.25250505992655e-34,0.846139368288712,1,0.999,5.20335759487049e-30,"5","Ptma"
3.57681575229352e-34,4.44419050212339,0.226,0.007,5.72218984051917e-30,"5","Pask"
3.86538223868978e-34,5.30176104297187,0.5,0.022,6.18383850545591e-30,"6","Gap43"
3.98047134324516e-34,1.80624069339652,0.809,0.472,6.36795805492361e-30,"3","Rnf130"
4.363496215036e-34,2.45355855923873,0.516,0.076,6.98072124481459e-30,"5","Shmt1"
4.70061218780934e-34,3.40091644249835,0.312,0.021,7.52003937805739e-30,"5","Dlgap5"
5.02707332980165e-34,2.31649975920852,0.833,0.308,8.04231191301669e-30,"4","Gadd45g"
5.58101193666693e-34,1.52736427890298,0.907,0.552,8.92850289627975e-30,"3","Ubqln2"
5.75715169123342e-34,2.44832507306802,0.495,0.067,9.21029127563522e-30,"5","4930523C07Rik"
6.14201940028987e-34,3.14884207908851,0.348,0.054,9.82600263658373e-30,"0","Miat"
6.51904478084443e-34,2.25247385934606,0.528,0.123,1.04291678403949e-29,"2","Gjd2"
7.07802274650899e-34,0.471668848267692,1,0.997,1.13234207898651e-29,"1","Rplp2"
8.22912467400083e-34,1.71988467232307,0.688,0.254,1.31649536534665e-29,"1","Plin3"
9.425807625063e-34,1.50523131458947,0.858,0.321,1.50794070385758e-29,"3","Scgn"
1.00683118806491e-33,1.49319316384338,0.892,0.236,1.61072853466624e-29,"5","Cyr61"
1.13172884826938e-33,1.90691762832926,0.605,0.185,1.81053981146135e-29,"1","Tst"
1.1335410730512e-33,1.58530110831243,0.968,0.289,1.81343900866731e-29,"5","1700011H14Rik"
1.14789036047611e-33,3.18181948174175,0.326,0.042,1.83639499868968e-29,"1","Bcl2l14"
1.14803060323366e-33,2.15255603445706,0.479,0.111,1.83661935905321e-29,"1","Espn"
1.27488060709233e-33,4.56104268277768,0.237,0.009,2.03955399522631e-29,"5","Cdc25c"
1.28391170478851e-33,1.52648026486781,0.809,0.286,2.05400194532065e-29,"3","Dbpht2"
1.42689417948545e-33,1.4368898837347,0.837,0.423,2.28274530834082e-29,"1","Actn4"
1.46446518654531e-33,2.06880660341014,0.669,0.223,2.34285140543518e-29,"2","C2cd4b"
1.57817415490403e-33,2.28134690821191,0.562,0.148,2.52476301301546e-29,"3","Sct"
1.79325657787165e-33,2.4939282594214,0.386,0.067,2.86885187327907e-29,"1","Ces1d"
2.08164932260776e-33,1.10028593583326,1,1,3.3302225863079e-29,"3","Gnas"
2.21162179433539e-33,0.711073231619199,1,0.977,3.53815254657775e-29,"0","Tmem59"
2.57267618046296e-33,3.25840262365131,0.529,0.107,4.11576735350464e-29,"4","Tmem171"
2.82922841854135e-33,1.11970093857102,0.994,0.649,4.52619962398245e-29,"3","Aplp1"
3.57617275544675e-33,2.60068460342995,0.438,0.102,5.7211611741637e-29,"0","Cer1"
3.79250848791951e-33,2.27205851867952,0.504,0.151,6.06725507897363e-29,"0","Serping1"
3.80453441751263e-33,0.846460298915263,1,0.864,6.08649416113671e-29,"1","S100a11"
3.84627618513345e-33,1.43232743409752,0.808,0.493,6.15327264097649e-29,"0","Rph3al"
3.9056377373042e-33,1.44270259904973,1,0.805,6.24823925213925e-29,"5","Mif"
4.08908173200297e-33,1.88339519119558,0.785,0.187,6.54171295485835e-29,"5","Trip6"
4.73648628029512e-33,2.32555386300069,0.527,0.079,7.57743075121613e-29,"5","Metrn"
4.75268507986928e-33,2.37757673159056,0.559,0.093,7.60334559077487e-29,"5","Dusp9"
5.00130381135636e-33,4.21960175217085,0.6,0.034,8.0010858374079e-29,"6","Scn3a"
5.92951894844004e-33,1.42553801339191,0.951,0.745,9.48604441371437e-29,"3","Glud1"
7.01001957944514e-33,1.5407599876166,0.925,0.264,1.12146293231963e-28,"5","Adamts1"
7.05611522999747e-33,2.68658600702117,0.775,0.298,1.128837314495e-28,"4","Gadd45a"
7.86183389838716e-33,2.2517502803216,0.522,0.164,1.25773618706398e-28,"0","Cacna2d1"
7.98493513053245e-33,1.38277993505601,0.66,0.181,1.27742992218258e-28,"3","Scg2"
9.28649336382098e-33,1.8343264329521,0.66,0.253,1.48565320834408e-28,"1","Acadm"
1.0100436518728e-32,1.56305684835785,0.889,0.534,1.6158678342661e-28,"3","Tspan7"
1.01200344954093e-32,1.66992861650158,0.656,0.224,1.61900311857557e-28,"1","Ctsh"
1.1072054413599e-32,1.68300969609792,0.978,0.471,1.77130726508757e-28,"5","Dctpp1"
1.13490591623392e-32,2.30373490055365,0.505,0.073,1.81562248479103e-28,"5","Cdca7l"
1.34979868716219e-32,5.75578286680005,0.202,0.006,2.15940793972208e-28,"2","P2ry1"
1.44718749653833e-32,1.86278304462005,0.935,0.394,2.31521055696203e-28,"5","Tipin"
1.51339559394762e-32,1.7830908191924,0.903,0.291,2.4211302711974e-28,"5","Ezh2"
1.5916497336178e-32,2.19045108250175,0.507,0.135,2.54632124384176e-28,"1","Ttyh1"
1.93472963041029e-32,1.83189452748704,0.86,0.261,3.09518046273039e-28,"5","Galk1"
2.03864800472672e-32,2.26968257288746,0.814,0.314,3.2614290779618e-28,"4","Btbd17"
2.19709067324907e-32,2.00493843866558,0.656,0.13,3.51490565906386e-28,"5","Ehf"
2.37604178899034e-32,1.56279965419113,0.647,0.225,3.80119165402674e-28,"1","Fjx1"
2.50552601313104e-32,1.00512197974736,0.902,0.438,4.00834051580704e-28,"1","Id2"
2.81200756593962e-32,0.358116217146893,1,1,4.49864970399021e-28,"1","Rpl14"
3.31785927202083e-32,4.39994448119641,0.215,0.007,5.30791126337892e-28,"5","Ttk"
4.09104346214666e-32,4.32809337155023,0.245,0.013,6.54485133074222e-28,"4","Tspear"
4.30861592618501e-32,1.63644518602649,0.774,0.177,6.89292375871078e-28,"5","Rest"
5.17123420064771e-32,2.89915206395273,0.389,0.066,8.2729404741962e-28,"3","Rab37"
5.32480552025481e-32,1.61030948725032,0.968,0.403,8.51862387130365e-28,"5","Smco4"
5.41512144755859e-32,3.15558035748908,0.29,0.019,8.66311129180422e-28,"5","Rbl1"
6.66449373598004e-32,2.57104457992216,0.455,0.114,1.06618570788209e-27,"0","Mfap4"
7.16931072983436e-32,3.73010065216635,0.265,0.025,1.1469463305589e-27,"1","Scx"
7.31517366159e-32,2.3281203661677,0.465,0.116,1.17028148238117e-27,"1","Gsta4"
7.58542673483683e-32,1.27083863067279,0.939,0.603,1.2135165690392e-27,"2","Tubb4b"
9.48772105002509e-32,4.62649850986652,0.204,0.006,1.51784561358301e-27,"5","Fanci"
1.06675810860627e-31,3.101953911962,0.349,0.06,1.70659962214832e-27,"1","Rab27b"
1.08141542389092e-31,2.98837692435203,0.349,0.059,1.7300483951407e-27,"1","Mycn"
1.11689595850733e-31,2.88777562919577,0.417,0.082,1.78681015442003e-27,"2","Atp2a2"
1.12338220785356e-31,4.0216694771718,0.9,0.1,1.79718685612412e-27,"6","Arg1"
1.13148507288146e-31,1.20940904035501,0.945,0.544,1.81014981959575e-27,"2","Ubqln2"
1.13595505547951e-31,2.61231584563497,0.419,0.09,1.81730089775613e-27,"1","Ier3"
1.17206134228127e-31,1.52759093914194,0.957,0.357,1.87506373538157e-27,"5","Bicc1"
1.26559812160719e-31,1.67935624479416,0.698,0.277,2.02470387494718e-27,"1","Svbp"
1.38625018605744e-31,4.5575107737443,0.221,0.011,2.21772304765469e-27,"2","Arhgap36"
1.59858372351513e-31,1.6893612215068,0.735,0.302,2.5574142408795e-27,"1","Csrp1"
1.67733556460002e-31,1.76429583622323,0.994,0.931,2.68340143624712e-27,"3","Ttr"
1.70458718245797e-31,1.63732391325982,0.707,0.297,2.72699857449626e-27,"1","Ifitm3"
1.78602829325478e-31,1.7533779299092,0.748,0.297,2.85728806354899e-27,"2","Ece1"
1.87257919069671e-31,1.53008417711438,0.749,0.325,2.9957521892766e-27,"1","Ezr"
2.3892546738451e-31,3.18760839297841,0.392,0.051,3.82232962721739e-27,"4","Lfng"
2.38995842008805e-31,1.85328431682494,0.628,0.225,3.82345548045686e-27,"1","Camk1"
2.53593444966276e-31,0.868233851852393,0.978,0.906,4.05698793257049e-27,"0","Hnrnpa1"
2.85556098689724e-31,3.45643198024702,0.247,0.012,4.56832646683821e-27,"5","Rad18"
2.89297465756697e-31,1.97399878198436,0.643,0.283,4.62818085717564e-27,"0","Btbd17"
2.92133939408397e-31,2.9253703669349,0.616,0.314,4.67355876265554e-27,"0","Fev"
3.04569960276924e-31,2.63578245210226,0.386,0.079,4.87251022451023e-27,"1","Adgrg6"
3.12709873565803e-31,1.60827953542812,0.903,0.29,5.00273255730571e-27,"5","Col18a1"
3.28106975148388e-31,3.74406957910954,0.245,0.017,5.24905538842391e-27,"2","Mpp3"
3.60507641030436e-31,1.80681972892481,0.833,0.479,5.76740124120491e-27,"3","Mageh1"
3.62738035116252e-31,0.487360033909914,1,1,5.8030830857898e-27,"1","Rps10"
4.21864029861683e-31,2.81369493223128,0.35,0.05,6.74898074972721e-27,"2","Maob"
4.46682749207493e-31,3.14677002304215,0.346,0.05,7.14603062182147e-27,"3","A1cf"
4.67563496258242e-31,0.626846328376832,0.957,0.358,7.48008081313935e-27,"2","Isl1"
4.69828676353013e-31,2.01053971146608,0.804,0.292,7.5163191642955e-27,"4","Aldh1b1"
4.88205929584324e-31,1.7181926216965,0.778,0.388,7.81031846149002e-27,"3","Ndn"
4.95569082020669e-31,2.55517442094948,0.58,0.262,7.92811417416667e-27,"0","Pdk3"
5.31435978037425e-31,0.641145652507458,1,0.958,8.50191277664273e-27,"1","Rpl22"
6.56518754755179e-31,1.90374087524914,0.796,0.222,1.05029870385734e-26,"5","Tst"
7.11525394418193e-31,0.526216702963352,1,0.999,1.13829832599022e-26,"1","Eef1g"
7.5826742808255e-31,3.91522136091029,0.237,0.011,1.21307623144646e-26,"5","Zwilch"
7.76958497864953e-31,0.494100056341479,0.84,0.271,1.24297820488435e-26,"2","Tmem27"
8.83186139913884e-31,1.26423012935653,0.989,0.754,1.41292118663423e-26,"5","Snrpd1"
1.0363352685968e-30,0.327011173305762,1,1,1.65792916270117e-26,"1","Rpl13a"
1.17611691747241e-30,0.904975887816401,0.96,0.83,1.88155184457236e-26,"0","Atp6v0b"
1.27942145734387e-30,1.67338909289584,0.946,0.433,2.04681844745873e-26,"5","Fabp5"
1.35356261696469e-30,1.08647905430977,0.949,0.634,2.16542947462011e-26,"1","Bex4"
1.4291792937703e-30,1.96743309481772,0.817,0.239,2.28640103417373e-26,"5","Exosc8"
1.63929168127684e-30,1.42414967085986,0.758,0.321,2.62253883170669e-26,"1","Nrtn"
1.64018541574044e-30,0.831416849366293,0.994,0.961,2.62396862810155e-26,"2","Minos1"
1.68158390524761e-30,2.17491025722763,0.503,0.119,2.69019793161513e-26,"2","Rab27a"
1.69263090063729e-30,1.8664003108184,0.922,0.629,2.70787091483953e-26,"4","Mpzl1"
1.81666753869672e-30,0.411570170727525,1,1,2.90630472840701e-26,"1","Rpl9"
2.01116799734841e-30,2.99433162846366,0.366,0.04,3.21746656215798e-26,"5","Impa2"
2.04335595391994e-30,1.6672265374556,0.732,0.417,3.26896085508111e-26,"0","Prrg2"
2.24860091842389e-30,1.94512015113761,0.71,0.177,3.59731174929453e-26,"5","Ppp1r1b"
2.40369152586085e-30,1.36588759275601,0.951,0.824,3.84542570307219e-26,"2","Pdia6"
2.47630258091925e-30,1.52207559221933,0.777,0.522,3.96158886895462e-26,"0","Smarcd2"
2.81375090721787e-30,1.36283199387131,0.961,0.49,4.50143870136715e-26,"4","Cdkn1a"
2.82133345112348e-30,3.62678728561036,0.293,0.039,4.51356925510735e-26,"1","Atp1a2"
3.07993574911754e-30,0.500953703970945,1,1,4.92728121143825e-26,"0","H3f3a"
3.4357196955504e-30,1.60916680748113,0.753,0.3,5.49646436894153e-26,"3","Cd200"
3.6204132195833e-30,2.57399412884773,0.667,0.203,5.79193706868936e-26,"4","Cdc14b"
3.6740870764913e-30,2.59238641149085,0.367,0.071,5.87780450497078e-26,"1","Cdca7"
4.00452774411263e-30,4.02882400649421,0.204,0.007,6.40644348503139e-26,"5","Bard1"
4.14743350878558e-30,4.07506301089015,0.265,0.026,6.63506412735516e-26,"3","Edn3"
4.54115816148228e-30,2.02047617588834,0.54,0.137,7.26494482673936e-26,"2","Mlxipl"
4.57784797423622e-30,2.76312161445168,0.34,0.058,7.3236411891831e-26,"1","Npl"
5.4063753792144e-30,1.16956085666317,0.957,0.717,8.64911933166719e-26,"2","Meg3"
6.06845765940039e-30,2.97191515925148,0.33,0.056,9.70831856350874e-26,"1","P4ha3"
6.40236614811794e-30,0.78390299497332,1,0.801,1.02425053637591e-25,"1","Ifitm2"
6.40264318238162e-30,3.75952588444695,0.382,0.052,1.02429485631741e-25,"4","Tff3"
6.5942976230226e-30,0.450114762691539,1,1,1.05495573373115e-25,"1","Rpl24"
6.70465235926483e-30,0.80381174697016,1,0.995,1.07261028443519e-25,"5","Ybx1"
7.16014668417219e-30,1.63313383653402,0.957,0.455,1.14548026653387e-25,"5","Sae1"
7.40939745856511e-30,2.48213006052237,0.423,0.082,1.18535540542125e-25,"2","Rnf138rt1"
8.18103818574236e-30,1.62889300952135,0.892,0.291,1.30880248895506e-25,"5","Hmga2"
8.80781667745977e-30,1.67630275339662,0.619,0.215,1.40907451206001e-25,"1","Smoc1"
9.92800719058509e-30,1.07018289320591,0.982,0.844,1.5882825903498e-25,"2","Ostc"
1.10907981385559e-29,1.14222148194445,0.939,0.778,1.77430588620617e-25,"2","Uqcc2"
1.13865486946716e-29,1.97455647060401,0.645,0.131,1.82162006017357e-25,"5","2700094K13Rik"
1.18620232226486e-29,0.544443112879562,1,0.999,1.89768647515933e-25,"0","Eif3f"
1.20866190475393e-29,2.39918443642133,0.488,0.131,1.93361731522534e-25,"3","Ocrl"
1.45433540255245e-29,1.77287598192607,0.693,0.302,2.32664577700341e-25,"1","Ccnd2"
1.58908008753897e-29,1.89489762059383,0.479,0.13,2.54221032404485e-25,"1","Fxyd2"
1.61547520086613e-29,4.07123597767343,0.284,0.025,2.58443722634563e-25,"4","Slc39a2"
1.62022064253818e-29,1.65602285954103,0.656,0.206,2.59202898393258e-25,"2","Scg5"
1.77781650999456e-29,1.80941054076624,0.673,0.245,2.8441508526893e-25,"3","Ank"
1.88889640877096e-29,2.83698063649865,0.312,0.046,3.02185647475179e-25,"1","Erich5"
1.95377043988468e-29,2.5569695150067,0.367,0.072,3.12564194972751e-25,"1","Afm"
2.19366858424509e-29,1.0768096088023,0.914,0.78,3.50943100107529e-25,"3","Emc10"
2.53181605635504e-29,3.40339112600994,0.215,0.009,4.0503993269568e-25,"5","Prr11"
2.66201491793931e-29,2.51995977047857,0.393,0.072,4.25869146571931e-25,"2","Ripply3"
2.91137804618147e-29,2.19913248594568,0.47,0.131,4.65762259828111e-25,"1","Serpinf1"
2.99912894716828e-29,2.1213290049148,0.491,0.121,4.79800648967982e-25,"2","Rab3b"
3.03138932803676e-29,0.903636284065077,0.92,0.877,4.84961664699321e-25,"0","Psmd4"
3.27548410003865e-29,0.367010111028962,1,1,5.24011946324183e-25,"1","Eef1a1"
3.39496184388938e-29,1.59079240666472,0.978,0.455,5.43125995785423e-25,"5","Rfc2"
3.50715623117038e-29,0.600626534037991,1,0.996,5.61074853862637e-25,"0","Cfl1"
3.65824338359666e-29,2.27066031531803,0.433,0.106,5.85245776507794e-25,"1","Col27a1"
3.7642673051675e-29,1.8771773812524,0.515,0.126,6.02207483480696e-25,"2","Entpd3"
4.40801313369742e-29,1.56782942400565,0.796,0.326,7.05193941128913e-25,"3","Scg3"
4.43567607298156e-29,2.38825309976061,0.448,0.098,7.0961945815559e-25,"2","Klhl32"
4.5658844731995e-29,2.88704366904017,0.402,0.058,7.30450198022457e-25,"4","Nptx1"
5.26693113647223e-29,1.23624644379514,0.871,0.666,8.42603643212827e-25,"0","Gars"
5.40776614245463e-29,1.85309225942594,0.863,0.431,8.65134427469891e-25,"4","Tead2"
5.43256963189172e-29,2.51879419787712,0.391,0.084,8.69102489710037e-25,"1","Prss23"
5.79192626495524e-29,0.992913763788404,0.958,0.726,9.2659236386754e-25,"1","Cldn7"
5.94802560681977e-29,1.23607258271729,0.837,0.408,9.51565136579027e-25,"1","Prdx4"
7.09570308984145e-29,0.910228245830429,0.988,0.923,1.13517058031283e-24,"2","Dad1"
8.07359357742012e-29,1.99526192141619,0.526,0.164,1.29161350051567e-24,"1","Tcf7l2"
8.21737729170843e-29,1.76887034174889,0.817,0.217,1.31461601912751e-24,"5","Gltp"
8.55042995441582e-29,1.41494262111833,0.856,0.514,1.36789778410744e-24,"1","Anxa5"
8.67815565262698e-29,2.98297243713282,0.29,0.024,1.38833134130726e-24,"5","Plk4"
9.05610416300202e-29,1.28485352883916,0.839,0.629,1.44879554399706e-24,"0","Hes6"
9.22955173852313e-29,3.7551883038327,0.314,0.034,1.47654368712893e-24,"4","Rsad2"
9.91426468658187e-29,2.23493659196497,0.451,0.118,1.58608406455937e-24,"1","Mal2"
1.05255772302073e-28,0.665591759889314,1,0.984,1.68388184528857e-24,"0","Mrfap1"
1.21020466183168e-28,3.00648178693028,0.363,0.047,1.93608541799832e-24,"4","C2cd4c"
1.28309667366392e-28,2.21501620809031,0.478,0.164,2.05269805852754e-24,"0","Inppl1"
1.40492272719102e-28,1.5064283503771,0.957,0.489,2.24759537896019e-24,"5","Tmpo"
1.41903228248401e-28,2.21049495046622,0.503,0.129,2.27016784551791e-24,"2","Sez6l2"
1.69292026175078e-28,2.20213473937975,0.516,0.09,2.7083338347489e-24,"5","Hjurp"
1.72543772158994e-28,1.12994429005335,0.964,0.784,2.76035526699958e-24,"0","Bex2"
2.13345645242747e-28,1.3566780890131,0.884,0.682,3.41310363259347e-24,"0","Hmgn3"
2.73489821172693e-28,1.88861975650075,0.623,0.229,4.37529015912074e-24,"3","Dnajc12"
2.95314046277449e-28,1.59016052762266,0.595,0.204,4.72443411234662e-24,"1","Mcm6"
3.74702059581761e-28,3.86306852322059,0.215,0.01,5.99448354918901e-24,"5","Ercc6l"
3.77376978326169e-28,1.50762232481958,0.6,0.205,6.03727689926206e-24,"1","Prss8"
4.36638275159285e-28,0.650232023717146,1,1,6.98533912599824e-24,"5","Rps8"
4.52512023234256e-28,0.991787922030685,1,0.946,7.23928734770163e-24,"4","Marcksl1"
4.74769873277003e-28,0.856350880179203,0.977,0.746,7.5953684326855e-24,"1","Atox1"
5.55895271917015e-28,2.5856216058831,0.527,0.102,8.89321256012841e-24,"5","Nde1"
6.1576829941061e-28,3.03089859406012,0.373,0.051,9.85106125397094e-24,"4","Lrrn2"
6.18293024345694e-28,1.93383112756321,0.763,0.225,9.89145180348241e-24,"5","Mcm7"
6.32920619087513e-28,0.377909678056022,1,1,1.0125464064162e-23,"1","Rpl26"
6.81389995692439e-28,0.582512255585392,1,0.987,1.09008771510876e-23,"1","Prdx1"
7.28278462834016e-28,3.25275923280697,0.333,0.04,1.16509988484186e-23,"4","Crybb1"
7.52951119294159e-28,0.853330588168574,0.995,0.809,1.2045712006468e-23,"1","Jun"
7.54261754419538e-28,1.26377670156579,0.73,0.322,1.20666795472038e-23,"1","Litaf"
8.20022507129916e-28,2.34243874045031,0.386,0.088,1.31187200690644e-23,"1","Cxadr"
8.92407071094878e-28,2.48299198977646,0.391,0.092,1.42767283233759e-23,"1","Clmn"
9.25001643148509e-28,2.25314532348515,0.473,0.077,1.47981762870898e-23,"5","Cdk2"
9.31585914195868e-28,0.664374437301708,1,1,1.49035114553055e-23,"5","Rps2"
9.76357895917275e-28,1.557957686856,0.638,0.317,1.56197736188846e-23,"0","Rcor2"
1.12065188652357e-27,3.01525413484947,0.344,0.04,1.79281888806041e-23,"5","Rxrg"
1.16981230144619e-27,0.421610409681217,1,1,1.87146571985361e-23,"0","Ubb"
1.22082164772661e-27,1.84011043460457,0.535,0.171,1.95307047203303e-23,"1","Slc38a4"
1.30073899258265e-27,4.89851279068876,0.5,0.029,2.08092224033372e-23,"6","Spock3"
1.38136853162707e-27,2.68214693596908,0.331,0.051,2.20991337689699e-23,"2","B230217C12Rik"
1.40920699937812e-27,2.9171537063238,0.412,0.07,2.25444935760512e-23,"4","Col11a2"
1.51622311087243e-27,1.75550450746639,0.839,0.258,2.42565373277371e-23,"5","Hat1"
1.53739368944496e-27,4.41281165074451,0.6,0.044,2.45952242437404e-23,"6","Th"
1.5680504042978e-27,3.59634485122926,0.233,0.022,2.50856703679563e-23,"1","Aqp1"
1.68835018824585e-27,3.09013332957453,0.333,0.041,2.70102263115572e-23,"4","Slc16a5"
1.69688214365505e-27,1.72437795592964,0.656,0.259,2.71467205341935e-23,"2","Tshz1"
1.8539991285705e-27,0.523621394240305,1,0.991,2.96602780588709e-23,"1","Gnb2l1"
1.91283082966987e-27,1.22449401381457,0.862,0.661,3.06014676130586e-23,"0","Nkx6-1"
1.93896374814451e-27,2.84275532945421,0.298,0.046,3.10195420428159e-23,"1","Nradd"
1.99507671926495e-27,1.39395143536697,0.989,0.633,3.19172373548007e-23,"5","Dbi"
2.11746390627027e-27,0.557062611778973,1,0.986,3.38751875725117e-23,"1","Aes"
2.18015431988076e-27,1.29882046842208,0.989,0.495,3.48781088094524e-23,"5","Csrp2"
2.18514679515064e-27,2.81372793227618,0.356,0.064,3.49579784288199e-23,"2","Fam151a"
2.19968441984648e-27,1.06472784595609,0.877,0.361,3.5190551348704e-23,"3","1700086L19Rik"
2.31936111683365e-27,0.880830591277851,0.986,0.743,3.71051391471047e-23,"1","Prdx6"
2.57989836354376e-27,1.3574734224719,0.978,0.571,4.1273214019973e-23,"5","Ssrp1"
2.71246565670262e-27,0.339912989946658,1,1,4.33940255759285e-23,"1","Rpl19"
2.74399758532399e-27,1.78320481827325,0.728,0.544,4.38984733700132e-23,"0","Gspt1"
2.9498424368746e-27,0.539907747354448,0.996,0.993,4.71915793051199e-23,"0","Eif4a1"
2.96960654728944e-27,0.959374109913482,1,0.949,4.75077655435365e-23,"4","Cdk4"
3.23335396742284e-27,0.36646540348036,1,1,5.17271967708305e-23,"1","Rpl10"
3.27089426902188e-27,1.30702160123145,0.896,0.621,5.2327766515812e-23,"2","Fkbp2"
3.36403161316209e-27,3.08395062891383,0.29,0.04,5.38177777473671e-23,"3","Gk"
3.84047042906707e-27,2.51809997487153,0.402,0.11,6.1439845924215e-23,"0","Flrt1"
4.00873163295199e-27,2.41050613278253,0.484,0.087,6.41316886639659e-23,"5","Spon1"
4.51148907297896e-27,0.472859073726024,0.846,0.4,7.21748021895174e-23,"3","Iapp"
4.64982384429629e-27,1.09483582544209,0.989,0.841,7.4387881861052e-23,"5","Anp32b"
4.70760151107208e-27,1.3190705928154,0.786,0.397,7.53122089741312e-23,"1","Fabp5"
4.72381950714661e-27,1.22318743119554,1,0.706,7.55716644753314e-23,"4","Cd24a"
5.70514683998413e-27,1.0773287699529,0.877,0.362,9.1270939146066e-23,"2","Pax6"
5.77475358411227e-27,2.98325093054057,0.284,0.043,9.2384507838628e-23,"1","Ajuba"
6.18652532040839e-27,2.56217054500814,0.384,0.099,9.89720320758934e-23,"0","Serpini1"
7.61091498289216e-27,1.89501926817778,0.71,0.186,1.21759417896309e-22,"5","Vrk1"
7.69578105569473e-27,1.72722768934793,0.693,0.332,1.23117105329004e-22,"1","Pdgfa"
7.83050397136817e-27,2.877003618207,0.258,0.019,1.25272402533948e-22,"5","Bora"
7.91822523410284e-27,2.06205251653902,0.495,0.085,1.26675767295177e-22,"5","Tjp3"
8.25628503083728e-27,2.50501266209436,0.344,0.069,1.32084047923335e-22,"1","Elf5"
8.92856504704235e-27,2.28176435958862,0.549,0.128,1.42839183622584e-22,"4","Numbl"
9.80640042077094e-27,2.48616539889892,0.363,0.08,1.56882793931493e-22,"1","Galm"
9.98284169082305e-27,0.595774753626745,1,0.995,1.59705501369787e-22,"2","Gabarap"
1.01840165234538e-26,2.20376720386211,0.484,0.084,1.62923896342215e-22,"5","Topbp1"
1.13005524307852e-26,1.91535804490727,0.543,0.176,1.80786237787702e-22,"3","Ghr"
1.15161157325269e-26,2.36898908784708,0.406,0.111,1.84234819488966e-22,"0","Sult2b1"
1.15861266764132e-26,3.37851980112336,0.268,0.04,1.85354854569258e-22,"0","Dpysl4"
1.16837571546748e-26,0.711461429432584,1,0.662,1.86916746960487e-22,"1","Cd24a"
1.30329358158687e-26,2.43401677998315,0.376,0.05,2.08500907182268e-22,"5","Gjc1"
1.32953904455969e-26,1.76973978777422,0.774,0.234,2.12699656348659e-22,"5","Proser2"
1.54387401186078e-26,4.24716730059947,0.202,0.013,2.46988964417487e-22,"2","Prss53"
1.5783281580733e-26,2.89157639980225,0.326,0.064,2.52500938728566e-22,"1","Rassf10"
1.6290799005116e-26,2.18422560319706,0.505,0.093,2.60620202483845e-22,"5","Lbr"
1.72447706150151e-26,3.16190817057056,0.259,0.034,2.75881840299011e-22,"0","Lynx1"
1.74525676096815e-26,1.58546527987086,0.647,0.254,2.79206176619684e-22,"1","Aldoc"
1.81876445295306e-26,1.23448569340155,0.914,0.281,2.90965937183431e-22,"5","Gsta3"
1.82318768373919e-26,0.662516005698552,1,0.99,2.91673565644596e-22,"5","Hmgn1"
1.97368776426644e-26,1.66519904328794,0.688,0.167,3.15750568527345e-22,"5","Ttyh1"
2.38102120491787e-26,0.490413416400526,1,0.999,3.80915772362761e-22,"0","Rpl37a"
2.55132729754391e-26,2.44629382004252,0.333,0.037,4.08161341061074e-22,"5","Cenpp"
2.6343332790219e-26,1.27768961437181,0.864,0.547,4.21440637977924e-22,"3","Trim35"
2.66062639528342e-26,1.77364102086811,0.656,0.15,4.25647010717442e-22,"5","Bcl2l12"
2.71345224603355e-26,1.73625235292181,0.603,0.272,4.34098090320447e-22,"0","Gadd45a"
3.21181848911407e-26,1.40789773171014,0.73,0.339,5.13826721888468e-22,"1","Spr"
3.22477215112276e-26,5.08219047170281,0.35,0.014,5.15899048736618e-22,"6","Ptprz1"
3.60951225204515e-26,1.30666997794119,0.961,0.414,5.77449770082183e-22,"4","Sparc"
3.63200915243179e-26,1.59966498198977,0.623,0.213,5.81048824206038e-22,"3","Scg5"
3.85106427976765e-26,0.510204049261867,1,0.999,6.16093263477228e-22,"1","Pfn1"
4.09687520598631e-26,1.22492716103132,0.83,0.653,6.55418095453691e-22,"0","Cxxc5"
4.28606690111473e-26,1.79930186949706,0.585,0.29,6.85684982840334e-22,"0","Klc3"
4.50848485431564e-26,1.18527655950465,0.804,0.583,7.21267406993416e-22,"0","Foxa2"
4.66240178379411e-26,0.948471692371176,0.945,0.865,7.45891037371382e-22,"2","Ddost"
4.67513527802621e-26,0.791823051248,0.89,0.387,7.47928141778634e-22,"2","Gch1"
4.81089517853766e-26,3.0793209599673,0.333,0.041,7.69647010662455e-22,"5","Ccne2"
5.36752479156485e-26,3.95996914397493,0.265,0.034,8.58696616154544e-22,"3","Asb4"
5.66034374465962e-26,3.04460882619872,0.29,0.028,9.05541792270646e-22,"5","Chek1"
6.48396297465084e-26,3.19399353440715,0.28,0.026,1.03730439668464e-21,"5","Zfp367"
6.4941507426503e-26,1.09793649915738,0.874,0.516,1.0389342358092e-21,"1","Tkt"
6.73026369588759e-26,2.40540330669897,0.411,0.094,1.0767075860681e-21,"2","Wipi1"
6.88691565388262e-26,3.45390644393432,0.373,0.064,1.10176876630814e-21,"4","Bcl2"
8.11052369505086e-26,2.75591788826818,0.398,0.063,1.29752158073424e-21,"5","Hist1h2ae"
8.57479990524483e-26,2.12966925641533,0.488,0.138,1.37179648884107e-21,"3","Ncam1"
9.07668390943729e-26,1.57104625058431,0.6,0.223,1.45208789183178e-21,"1","Plpp2"
1.00991331462433e-25,2.29216819092434,0.4,0.106,1.615659320736e-21,"1","Pacsin3"
1.06335545051716e-25,1.69573371577802,0.912,0.65,1.70115604973735e-21,"4","Hes6"
1.26433754291617e-25,1.25191071700831,0.777,0.568,2.02268720115729e-21,"0","Ubald2"
1.28869459463414e-25,1.96260874720782,0.513,0.207,2.0616536124957e-21,"0","Casz1"
1.32439956920115e-25,0.709873792043933,0.994,0.96,2.11877443080799e-21,"2","Ndufb11"
1.33841146113047e-25,3.20075778410554,0.392,0.072,2.14119065551653e-21,"4","Fam101a"
1.34630327741382e-25,0.536399079760182,1,1,2.15381598320664e-21,"4","Rps9"
1.34866604187645e-25,1.491817599497,0.785,0.5,2.15759593379395e-21,"2","Surf4"
1.4951519391582e-25,0.836658173343898,0.975,0.893,2.39194407226529e-21,"2","Smdt1"
1.53759053986682e-25,2.51470747701089,0.33,0.068,2.45983734567893e-21,"1","Akr1cl"
1.5414314624763e-25,0.66661250962772,1,0.999,2.46598205366959e-21,"5","Rplp1"
1.55877340897521e-25,1.88210795537811,0.591,0.133,2.49372569967854e-21,"5","Fmo2"
1.64355841431501e-25,1.27325975921947,0.817,0.668,2.62936475122116e-21,"0","Vasp"
1.73617884947025e-25,1.31659169567394,0.753,0.319,2.7775389233825e-21,"3","Pim2"
1.73916191908977e-25,1.10347730867178,0.795,0.364,2.78231123815982e-21,"1","Acaa2"
1.91942539554309e-25,1.87239832666398,0.571,0.273,3.07069674778983e-21,"0","Gdpd1"
2.04211799159617e-25,1.39761658595234,0.744,0.377,3.26698036295556e-21,"1","Zfp637"
2.07072452416481e-25,2.21665828452811,0.5,0.155,3.31274509375886e-21,"3","Sesn2"
2.08898802921287e-25,0.981559545461682,0.893,0.627,3.34196304913474e-21,"1","Atp1a1"
2.14175712423157e-25,1.04594511187989,0.839,0.587,3.42638304734567e-21,"0","Gdi1"
2.14822047666527e-25,3.37470548014497,0.29,0.045,3.4367231185691e-21,"3","Pla2g1b"
2.35660727669166e-25,1.71716548992209,0.645,0.151,3.77010032125132e-21,"5","Mpp6"
2.4772828014294e-25,1.83930113011506,0.498,0.157,3.96315702572675e-21,"1","Rprm"
2.49163594307165e-25,2.10117365410076,0.419,0.115,3.98611918172603e-21,"1","Cited4"
2.53556847083903e-25,0.955291569216222,1,0.95,4.05640243964827e-21,"5","Gapdh"
2.72715842120655e-25,1.32868819636784,0.737,0.534,4.36290804224623e-21,"0","Drap1"
2.91065582149329e-25,0.994630598971969,1,0.867,4.65646718322496e-21,"5","Srsf2"
3.17296168470477e-25,0.960602524902553,0.957,0.824,5.07610410319069e-21,"2","Mien1"
3.29113487815943e-25,1.76465447270846,0.677,0.174,5.26515757807945e-21,"5","Tspan4"
3.3400382189754e-25,0.80038366563235,1,0.99,5.34339314271684e-21,"5","Rpl12"
3.58520231293958e-25,0.426774770877205,1,0.997,5.73560666024074e-21,"1","Rpl35a"
3.79417475124454e-25,1.11831492988429,0.89,0.637,6.06992076704101e-21,"2","Trappc2l"
4.76028514785345e-25,1.60201334177103,0.828,0.255,7.61550417953594e-21,"5","Pold2"
4.79097751043152e-25,3.96316794114754,0.206,0.013,7.66460582118835e-21,"4","Adamtsl2"
4.9490503181146e-25,0.672711432166057,0.969,0.934,7.91749069891974e-21,"0","Cct5"
5.52821653426926e-25,1.84163327488838,0.472,0.121,8.84404081152396e-21,"2","Fam92b"
5.55534741210048e-25,3.26185174147388,0.301,0.034,8.88744478987835e-21,"5","Cdc6"
6.1487512599588e-25,1.32116506282872,0.849,0.257,9.83677226568209e-21,"5","Smtnl2"
6.4365964845905e-25,1.06135091943296,0.98,0.929,1.02972670560479e-20,"4","Cyb5r3"
6.56700552848356e-25,2.7149117074056,0.284,0.048,1.0505895444468e-20,"1","Gas1"
7.18658064732175e-25,1.13676477686605,0.957,0.316,1.14970917195853e-20,"5","Anxa2"
7.23737095166308e-25,0.681363227508184,0.991,0.979,1.15783460484706e-20,"0","Clta"
7.2638070029106e-25,0.63236191706888,0.995,0.941,1.16206384432564e-20,"1","Gm8730"
7.36809704543595e-25,1.62384151876469,0.535,0.185,1.17874816532884e-20,"1","Lamb1"
7.66367131639504e-25,2.83743125059946,0.298,0.056,1.22603413719688e-20,"1","Rab32"
7.79074577830668e-25,0.892687887398112,0.942,0.849,1.2463635096135e-20,"0","Bax"
7.9129952935996e-25,1.06576761137889,0.963,0.855,1.26592098707006e-20,"2","Hsp90b1"
8.45191846808892e-25,3.16919159429826,0.215,0.014,1.35213791652487e-20,"5","Cox4i2"
8.78804117192152e-25,2.83543665176098,0.307,0.051,1.40591082668401e-20,"2","Gm10941"
8.87449954888937e-25,3.2200029928438,0.275,0.029,1.41974243783132e-20,"4","Eya2"
9.68531213651191e-25,2.29128723396071,0.505,0.104,1.54945623559917e-20,"5","Cdt1"
1.01308842667081e-24,1.80315958233357,0.648,0.306,1.62073886498796e-20,"3","Fam174a"
1.07119132298096e-24,2.12386949302446,0.473,0.086,1.71369187850494e-20,"5","Hirip3"
1.08227730416367e-24,2.79937405715024,0.29,0.054,1.73142723120104e-20,"0","Scin"
1.1869556061962e-24,3.43627422248563,0.228,0.026,1.89889157879268e-20,"1","Tmem178"
1.18768923805097e-24,2.9794853671386,0.258,0.023,1.90006524303394e-20,"5","Arhgap11a"
1.2818508515321e-24,1.62394211966484,0.774,0.249,2.05070499228105e-20,"5","Nfib"
1.37782002790062e-24,0.640841928738931,1,0.999,2.20423648063541e-20,"5","Pfn1"
1.42070098412924e-24,1.7616634488136,0.599,0.244,2.27283743440996e-20,"3","Auts2"
1.68584879182632e-24,1.58716302826167,0.669,0.306,2.69702089716374e-20,"2","Sec11c"
1.82035235883371e-24,2.20883402447056,0.384,0.109,2.91219970366217e-20,"0","Fam43a"
1.9218335232533e-24,1.59714560317528,0.602,0.134,3.07454927050064e-20,"5","Cdk6"
2.16732814654278e-24,0.639504672343076,1,0.991,3.46729156883913e-20,"3","Ngfrap1"
2.23477927873746e-24,2.36916014905633,0.398,0.062,3.57519989012419e-20,"5","Dck"
2.26277334676443e-24,1.36423476091298,0.716,0.322,3.61998480015373e-20,"3","Zdbf2"
2.28898718324721e-24,1.27638773841846,0.795,0.404,3.66192169575889e-20,"1","Nit2"
2.60739141619926e-24,1.82288040763798,0.534,0.168,4.17130478763558e-20,"2","Ush1c"
2.66265025288965e-24,1.44376738939476,0.688,0.433,4.25970787457287e-20,"0","Lrrc42"
2.84501395748923e-24,3.64271952231452,0.324,0.048,4.55145332919126e-20,"4","Tff2"
2.91971931946816e-24,2.47377286143959,0.387,0.059,4.67096696728516e-20,"5","Igfbp4"
2.96013399620396e-24,2.33336357926888,0.376,0.055,4.73562236712709e-20,"5","Cdk5rap2"
3.05225173941322e-24,1.36226064398948,0.679,0.293,4.88299233271327e-20,"1","Fam3c"
3.28334570730037e-24,2.53213820540219,0.326,0.068,5.25269646253913e-20,"1","Cldn9"
3.69916209806134e-24,0.986036472615999,0.859,0.473,5.91791952447854e-20,"2","Mageh1"
3.7576276866649e-24,1.72481185472524,0.777,0.473,6.0114527731265e-20,"0","Chga"
3.90973585919359e-24,1.61579666604169,0.892,0.544,6.2547954275379e-20,"4","Smarcd2"
4.01312678240547e-24,2.19827560151518,0.414,0.104,6.42020022649227e-20,"3","Ppy"
4.48477525195916e-24,1.29721489400631,0.871,0.63,7.17474344808426e-20,"2","Acly"
4.51161013545024e-24,1.93628444551692,0.423,0.1,7.2176738946933e-20,"2","Slc7a14"
4.94859977441376e-24,1.84323562122339,0.591,0.134,7.91676991910713e-20,"5","Cinp"
5.13698222099803e-24,2.2128723879654,0.419,0.071,8.21814415715265e-20,"5","Fads3"
5.20643279493507e-24,1.1578333999389,0.815,0.375,8.32925118533712e-20,"3","Pax6"
5.42303684486723e-24,1.4168796487398,0.957,0.516,8.6757743444186e-20,"5","Nucks1"
5.67079323535486e-24,0.92486729852463,0.969,0.892,9.0721350179207e-20,"3","Eif4a2"
5.71355622448752e-24,2.87248309998432,0.461,0.109,9.14054724793513e-20,"4","Spink4"
6.14336023617014e-24,1.35976628681313,0.941,0.783,9.828147705825e-20,"4","Gadd45gip1"
7.17762086963908e-24,0.336637519771487,1,1,1.14827578672486e-19,"1","Rps13"
7.57788817548464e-24,0.534613504618362,0.996,0.984,1.21231055031403e-19,"0","Hspa8"
8.82526451999618e-24,1.98752794367425,0.423,0.122,1.41186581790899e-19,"1","Igsf3"
9.69484625868876e-24,1.34312508641409,0.728,0.301,1.55098150446503e-19,"3","Pcsk2"
9.72059683077771e-24,1.68258342019479,0.605,0.212,1.55510108098782e-19,"3","Gnao1"
9.76206857605044e-24,4.65143818634831,0.5,0.035,1.56173573079655e-19,"6","Fam159b"
1.10733225694834e-23,0.794456825686574,0.977,0.834,1.77151014466595e-19,"1","Tpi1"
1.12559660347568e-23,2.99733981720857,0.254,0.041,1.80072944624039e-19,"0","Dner"
1.13645594106657e-23,0.885134755707045,0.935,0.721,1.8181022145183e-19,"1","Idh2"
1.14719031605138e-23,0.560431010793001,1,1,1.835275067619e-19,"5","Rpl13"
1.15930530740652e-23,2.16530124538307,0.441,0.078,1.85465663078895e-19,"5","Haus5"
1.23987482997668e-23,0.89670988524657,0.945,0.664,1.98355175299669e-19,"2","Meis2"
1.29166314516461e-23,1.61293844631584,0.549,0.22,2.06640269963435e-19,"0","Enho"
1.33420312772572e-23,1.69483827590161,0.892,0.472,2.1344581637356e-19,"4","Gpx2"
1.40896560295706e-23,2.12162526977595,0.43,0.074,2.25406317161071e-19,"5","Aaas"
1.42361891580379e-23,1.72313125239331,0.512,0.177,2.27750554150291e-19,"1","Decr1"
1.5152098418481e-23,1.52220188455611,0.839,0.305,2.42403270498859e-19,"5","Syce2"
1.51832513942657e-23,2.47879306493893,0.348,0.093,2.42901655805462e-19,"0","Pcyt1b"
1.54086947095201e-23,1.60162068295101,0.581,0.128,2.46508297962902e-19,"5","Pacsin3"
1.55258595897371e-23,2.40316527188962,0.366,0.054,2.48382701716614e-19,"5","Scara3"
1.55865272985608e-23,3.22409473318066,0.233,0.031,2.49353263722375e-19,"1","Rassf9"
1.60064677263779e-23,2.6530311413807,0.27,0.039,2.56071470686594e-19,"2","Pip5k1b"
1.6486099417384e-23,1.37547691047589,0.474,0.143,2.6374461847931e-19,"1","Mcm3"
1.68243427238325e-23,1.15623203742667,0.989,0.422,2.69155834895873e-19,"5","Vim"
1.74460604461018e-23,2.1367092611084,0.438,0.122,2.79102075016736e-19,"3","Usp18"
1.77766498065713e-23,1.87780063441191,0.519,0.171,2.84390843605528e-19,"3","Ush1c"
2.07489497189084e-23,1.93464105428531,0.409,0.118,3.31941697603097e-19,"1","Emp2"
2.16822477535886e-23,1.58099687460298,0.67,0.442,3.4687259956191e-19,"0","Hpcal1"
2.17538664360888e-23,0.790667303939025,0.963,0.809,3.48018355244549e-19,"1","Gm2000"
2.29114528007012e-23,1.10625514872973,0.842,0.508,3.66537421905617e-19,"1","Degs1"
2.46504811920756e-23,1.85743280952077,0.591,0.143,3.94358398110826e-19,"5","Mboat1"
2.57113081056278e-23,0.728330462221399,0.995,0.899,4.11329507073833e-19,"1","Epcam"
2.59809116377936e-23,1.35062456178649,0.935,0.457,4.15642624381422e-19,"5","Prdx4"
2.66650672243699e-23,3.23949896835288,0.215,0.022,4.2658774545547e-19,"2","Cytip"
2.72359327471131e-23,1.59634108783117,0.688,0.177,4.35720452088316e-19,"5","Cdca4"
2.75408801603581e-23,2.26268735217101,0.353,0.088,4.40599000805408e-19,"1","Vill"
2.75878934669054e-23,0.97942707434851,0.92,0.76,4.41351119683553e-19,"2","Uqcrq"
2.76178790905144e-23,3.24399089802447,0.254,0.044,4.41830829690049e-19,"0","Dmpk"
3.12085598772927e-23,0.71955964853852,0.963,0.698,4.99274540916929e-19,"1","Cldn6"
3.20511440776226e-23,1.38710466957032,0.619,0.267,5.12754202953807e-19,"1","Sdsl"
3.27168401890238e-23,1.34295195618453,0.978,0.554,5.23404009344002e-19,"5","Tkt"
3.5658551807021e-23,1.77376678029375,0.57,0.131,5.70465511808723e-19,"5","Casp8"
4.38840393384922e-23,1.48237805297484,0.485,0.129,7.02056861337199e-19,"2","Spock2"
4.46055623681831e-23,1.41507319426515,0.73,0.324,7.13599786766193e-19,"2","Pim2"
4.46782940629925e-23,2.09085573267863,0.447,0.147,7.14763348419755e-19,"1","Fam159a"
4.53158977249008e-23,1.34964818580618,0.679,0.401,7.24963731802963e-19,"0","Rap1gap2"
4.83648033946385e-23,1.29225264443896,0.728,0.531,7.73740124707427e-19,"0","Gtf2b"
4.85474431910622e-23,2.2762843835145,0.298,0.058,7.76661996170613e-19,"1","Fam198a"
4.89280126791251e-23,1.10171180884339,0.812,0.67,7.82750346840643e-19,"0","Mob4"
4.94413399035268e-23,1.25494848343159,0.763,0.552,7.90962555776622e-19,"0","Qdpr"
5.21280904741214e-23,1.21169038428822,0.968,0.599,8.33945191404995e-19,"5","Impdh2"
5.33170906496032e-23,1.18479542696169,0.978,0.562,8.52966816212352e-19,"5","Cldn3"
5.44822625007451e-23,1.20436413339756,0.849,0.266,8.71607235486921e-19,"5","Habp2"
5.45070693861219e-23,2.77422426041944,0.276,0.043,8.72004096039179e-19,"2","Lrrc16b"
5.6293793630443e-23,0.858741260336055,0.969,0.903,9.00588110499827e-19,"3","Ssr4"
5.9317127725203e-23,1.67343952363113,0.688,0.2,9.48955409347798e-19,"5","Acsl5"
6.12490526240128e-23,2.26688607677834,0.401,0.104,9.79862343878956e-19,"3","Dmrtc1a"
6.75235700026908e-23,2.10892653491862,0.406,0.134,1.08024207290305e-18,"0","Syt5"
7.10319862649253e-23,2.63949885033394,0.326,0.079,1.13636971626628e-18,"1","Nrp1"
7.12209979276442e-23,1.19231216963529,0.827,0.4,1.13939352484645e-18,"3","Gch1"
7.8111752516446e-23,1.14914092956633,0.98,0.68,1.2496318167581e-18,"4","Serpinh1"
7.92451277778135e-23,2.28586121744416,0.349,0.084,1.26776355418946e-18,"1","Myl9"
8.11838561586114e-23,1.31127306706207,0.946,0.509,1.29877933082547e-18,"5","Rnaseh2c"
8.12042447417877e-23,0.728311459059119,0.982,0.95,1.29910550737912e-18,"2","Spcs1"
8.2101733367874e-23,3.29683537411242,0.294,0.04,1.31346353041925e-18,"4","Rasgrp3"
8.64672520596475e-23,0.883942943443794,1,0.866,1.38330309845024e-18,"5","Hnrnpf"
8.96969585093601e-23,3.05747855621071,0.215,0.016,1.43497194223274e-18,"5","Dsn1"
1.07065590105764e-22,2.63300789720255,0.274,0.051,1.71283531051202e-18,"1","Mpp1"
1.32082755174989e-22,2.46365277663637,0.288,0.048,2.11305991728947e-18,"2","Noct"
1.40222373353363e-22,1.97934073084334,0.4,0.115,2.24327752890711e-18,"1","Clic6"
1.5203159651459e-22,2.39296302847218,0.321,0.073,2.43220148104042e-18,"1","Magi1"
1.55710630223525e-22,2.19254201914907,0.323,0.043,2.49105866231595e-18,"5","Spry1"
1.59072722764029e-22,1.14358418001136,0.989,0.512,2.54484541877894e-18,"5","Mgst1"
1.69066423541622e-22,0.735185600229392,0.996,0.981,2.70472464381887e-18,"0","Cd63"
1.75812251389929e-22,1.26607516759189,0.833,0.495,2.81264439773609e-18,"1","Rhob"
1.83959862579909e-22,2.35958919566561,0.326,0.076,2.94298988155339e-18,"1","Ptgr1"
1.88570669987589e-22,1.2971544856359,0.656,0.293,3.01675357846145e-18,"1","Plk2"
1.8890365413902e-22,0.836285524144162,1,0.929,3.02208065891604e-18,"5","Srsf3"
1.9518180888601e-22,2.10776687690793,0.407,0.106,3.12251857855838e-18,"3","Rai2"
2.05530762986844e-22,0.871316231221644,0.945,0.854,3.28808114626353e-18,"2","Cope"
2.20370060226878e-22,1.41505517101898,0.785,0.251,3.5254802235096e-18,"5","Crip1"
2.40392188218217e-22,1.05803232906298,0.902,0.695,3.84579422711503e-18,"2","Ndufv3"
2.6568817721342e-22,2.01970404298254,0.367,0.096,4.25047945906029e-18,"1","Gadd45b"
2.69531829838197e-22,0.876603652680629,0.916,0.677,4.31197021375147e-18,"1","Rbbp7"
2.70149679430696e-22,0.867156100723621,0.951,0.966,4.32185457153228e-18,"0","Cystm1"
2.87381131649547e-22,1.59360665522465,0.54,0.176,4.59752334412945e-18,"2","Ghr"
2.87599092466936e-22,2.82906297070201,0.256,0.043,4.60101028128605e-18,"1","Vnn1"
3.07619617893387e-22,2.77056823553551,0.245,0.033,4.92129864705841e-18,"2","Slitrk6"
3.24220063535269e-22,1.75883787585537,0.559,0.128,5.18687257643723e-18,"5","Stk39"
3.2754424320859e-22,0.761289673873887,0.994,0.957,5.24005280285103e-18,"3","Maged1"
3.46205403177514e-22,1.78801132701004,0.452,0.087,5.53859404003387e-18,"5","Rassf10"
3.80972043373368e-22,1.27684112567284,0.961,0.647,6.09479074988715e-18,"4","H19"
3.96097940443266e-22,0.314271762862975,1,1,6.33677485121137e-18,"1","Rpl18"
4.02370536694227e-22,1.02281457074383,1,0.827,6.43712384603424e-18,"4","Ifitm2"
4.07215836896627e-22,1.29428038294185,0.699,0.297,6.51463895867224e-18,"2","Ffar4"
4.14403231025441e-22,1.31923258896059,0.763,0.22,6.62962288994501e-18,"5","Cmtm8"
4.49143088236446e-22,1.03760885856695,0.957,0.745,7.18539112560667e-18,"3","Rap1b"
4.58772245052616e-22,1.31854354205478,0.448,0.12,7.33943837635176e-18,"2","Tmsb15b2"
4.85583551418307e-22,2.4907182792547,0.344,0.078,7.76836565559008e-18,"2","Wfs1"
4.97365261389008e-22,1.63714963244332,0.794,0.343,7.95684945170134e-18,"4","Rcor2"
5.07931136684324e-22,1.85556456337679,0.419,0.124,8.12588232467582e-18,"1","Mxra7"
5.12798228357669e-22,1.33405765487402,0.673,0.302,8.20374605726599e-18,"3","Ffar4"
5.66652751581447e-22,1.19724242852406,0.957,0.617,9.06531071979998e-18,"5","Mt1"
5.83926747700058e-22,0.520827518856972,0.995,0.97,9.34166010970553e-18,"1","Rpl15"
6.48610667755404e-22,1.30775728658759,0.698,0.357,1.0376473462751e-17,"1","Hrsp12"
7.11155256789687e-22,5.09841473869185,0.35,0.018,1.13770617981214e-17,"6","Nrsn1"
7.39136613273287e-22,1.56699731829877,0.667,0.186,1.1824707539146e-17,"5","Rprm"
8.29160170431325e-22,1.21744899077079,1,0.471,1.32649044065603e-17,"5","Spp1"
8.53629808177825e-22,1.63877799847967,0.786,0.673,1.36563696712288e-17,"0","Selm"
8.58086771030088e-22,0.6100062224707,0.988,0.977,1.37276721629394e-17,"2","Cox6a1"
8.69630562362035e-22,1.60499594487034,0.784,0.373,1.39123497366678e-17,"4","Rnf114"
8.98038631819488e-22,1.97930549228073,0.321,0.072,1.43668220318482e-17,"1","Igfbp5"
9.04414379656001e-22,0.713392893938839,1,0.99,1.44688212457367e-17,"5","Npm1"
1.05011810287187e-21,0.921497151625854,0.926,0.663,1.67997894097442e-17,"2","Nkx6-1"
1.07899451934103e-21,1.77172936962135,0.657,0.216,1.72617543204177e-17,"4","Lingo1"
1.09944614919208e-21,0.679690849512442,0.973,0.923,1.75889394947748e-17,"0","Cyb5r3"
1.19579804917993e-21,1.05720962295548,0.812,0.604,1.91303771907805e-17,"0","Zfos1"
1.2035661852164e-21,0.712909606436956,0.988,0.949,1.9254651831092e-17,"2","Selk"
1.36532464488488e-21,2.17132621278623,0.353,0.093,2.18424636688683e-17,"1","Chadl"
1.37044261501642e-21,1.54193405089672,0.602,0.15,2.19243409550327e-17,"5","Gsta4"
1.46184491232249e-21,2.34220771259757,0.331,0.07,2.33865949073352e-17,"2","Efcab10"
1.46807440253933e-21,1.95015571590914,0.388,0.115,2.34862542918243e-17,"0","Ppp1r14a"
1.4734963654681e-21,1.51756338719387,0.814,0.385,2.35729948547586e-17,"4","Col9a3"
1.47443289840499e-21,0.511537388838604,1,1,2.3587977508683e-17,"0","Malat1"
1.47840715229141e-21,0.85316127392085,0.944,0.645,2.36515576223579e-17,"3","Hist3h2ba"
1.4941097952277e-21,0.45850005999012,1,0.995,2.39027685040527e-17,"1","Rpl37"
1.65042775333405e-21,1.27223495321921,1,0.82,2.64035431978381e-17,"4","Mdk"
1.67822011663286e-21,2.16675186795148,0.389,0.103,2.68481654258925e-17,"3","Vat1l"
1.68976153588882e-21,1.05972902336496,0.763,0.562,2.70328050511494e-17,"0","Kdm1a"
1.7037163241325e-21,2.08129673665946,0.333,0.047,2.72560537534717e-17,"5","Brca2"
1.7073556829326e-21,2.72199285614616,0.326,0.087,2.73142762155558e-17,"0","1810008I18Rik"
1.83684836143404e-21,1.19112828426626,0.883,0.701,2.93859000862217e-17,"3","Mid1ip1"
1.9033964066435e-21,2.85236028275527,0.272,0.057,3.04505357134826e-17,"0","Lhx1"
1.9808907269496e-21,2.31450194973324,0.366,0.06,3.16902898497397e-17,"5","Pold1"
2.05369073551231e-21,1.84171331220835,0.433,0.155,3.28549443867259e-17,"0","Pla2g2f"
2.15516202961619e-21,2.41308306786351,0.307,0.072,3.44782821497999e-17,"1","Capn6"
2.28673615002232e-21,2.30606554721188,0.33,0.09,3.65832049280571e-17,"0","Myt1"
2.29045159960098e-21,2.07578279618484,0.356,0.081,3.66426446904165e-17,"2","Kcnmb2"
2.34692431816284e-21,1.22071174098093,0.903,0.334,3.7546095241969e-17,"5","Rbp1"
2.41872398377464e-21,2.24614296130682,0.321,0.066,3.86947462924268e-17,"3","Ap1s2"
2.45820401394763e-21,2.28919912793888,0.431,0.1,3.93263478151342e-17,"4","Calml4"
2.47422143955654e-21,0.932587808771439,1,0.902,3.95825945900255e-17,"5","Hmgb1"
2.52281430814643e-21,2.97879305366049,0.247,0.042,4.03599833017267e-17,"1","Cryab"
2.66573847552114e-21,0.752274000951565,1,0.791,4.26464841313872e-17,"3","Bex2"
2.67535720502771e-21,1.38861835691646,0.839,0.33,4.28003645660333e-17,"5","Fam3c"
2.91365371538582e-21,1.11570034946473,0.883,0.625,4.66126321387423e-17,"3","Tusc3"
3.00399667882846e-21,2.28647555927675,0.355,0.056,4.80579388678977e-17,"5","Gpsm2"
3.02598869496703e-21,1.15813070624495,0.799,0.597,4.84097671420826e-17,"0","Emb"
3.1466153426214e-21,0.635952464754122,1,0.976,5.03395522512571e-17,"3","Ssr2"
3.35922137177868e-21,2.61689788388743,0.313,0.067,5.37408235057153e-17,"2","Acyp2"
3.5933056280059e-21,2.51747507061739,0.265,0.051,5.74857034368384e-17,"1","Ddit4l"
3.801328229638e-21,3.19664960223804,0.239,0.036,6.08136490177488e-17,"2","Vps8"
4.0645153095411e-21,0.576554262013512,0.995,0.975,6.50241159220385e-17,"1","Krt8"
4.28870490548518e-21,1.51312205894829,0.469,0.137,6.86107010779519e-17,"3","Pou3f4"
4.38691298668457e-21,1.43773811506924,0.601,0.241,7.01818339609798e-17,"2","Parm1"
4.47485835538232e-21,2.40980617106571,0.308,0.078,7.15887839694063e-17,"0","Elavl4"
4.72387764361847e-21,1.36729597713143,0.698,0.344,7.55725945426083e-17,"3","Efcab1"
4.80280444904806e-21,0.54051941880331,1,1,7.68352655758709e-17,"5","Rps4x"
4.87977197034107e-21,1.99577116887068,0.452,0.089,7.80665919815164e-17,"5","Haus8"
4.98101353742697e-21,2.08919019516093,0.43,0.082,7.96862545717567e-17,"5","Timeless"
5.01821757033518e-21,0.951054516509513,0.828,0.514,8.02814446902222e-17,"1","Ccnd3"
5.06327694557773e-21,1.64670803029056,0.624,0.172,8.10023045753524e-17,"5","Pdlim1"
5.11330058918718e-21,0.810348912779681,1,0.93,8.18025828258166e-17,"2","Ttr"
5.15810955827172e-21,2.2894289481355,0.321,0.08,8.2519436713231e-17,"1","Ggt1"
5.22499248494241e-21,0.704676303345515,0.942,0.925,8.35894297741088e-17,"0","Npc2"
5.84392635772977e-21,1.5957251497062,0.602,0.152,9.34911338709608e-17,"5","Nup37"
6.20112958919477e-21,1.67018721050783,0.763,0.261,9.92056711679379e-17,"5","Rfc3"
6.85329888347028e-21,1.5253649994823,0.63,0.271,1.09639075537757e-16,"3","Akr1c12"
6.96453638250338e-21,1.5112379336708,0.54,0.213,1.11418653047289e-16,"1","Proser2"
7.64833097263784e-21,0.756154194405407,0.924,0.581,1.2235799890026e-16,"0","Tuba1a"
8.23492268755738e-21,1.43148416808442,0.628,0.281,1.31742293155543e-16,"1","Tnfrsf12a"
8.27945356459819e-21,1.01731977315006,0.989,0.71,1.32454698126442e-16,"5","Sf3b5"
8.30370704321638e-21,2.01725454820906,0.384,0.13,1.32842705277376e-16,"0","Rfx6"
8.42244709357248e-21,3.36702437994072,0.221,0.029,1.34742308602973e-16,"2","Derl3"
8.50499933965178e-21,1.00550137011023,0.908,0.727,1.36062979435749e-16,"2","Tmem258"
8.68426215622906e-21,2.56929265931698,0.308,0.083,1.38930825975352e-16,"0","Kit"
8.9275628398774e-21,1.8794430179354,0.46,0.196,1.42823150312359e-16,"0","Cbfa2t2"
9.15655489262758e-21,0.444578772446415,1,1,1.46486565172256e-16,"5","Rps16"
9.19571906788971e-21,1.45500993452758,0.456,0.147,1.471131136481e-16,"1","Pdlim1"
9.27458144250002e-21,3.53117378580947,0.65,0.071,1.48374753917115e-16,"6","Frzb"
9.34321242049167e-21,2.06480889337836,0.34,0.089,1.49472712303026e-16,"1","Tmem14a"
9.69108675723164e-21,4.69755703492939,0.35,0.019,1.55038005942192e-16,"6","Unc5c"
9.77577384729105e-21,2.4375859813317,0.33,0.086,1.56392830008962e-16,"1","Osgin1"
1.06556809383225e-20,1.68979093282839,0.591,0.272,1.70469583651283e-16,"1","Errfi1"
1.11595548269059e-20,2.03541231709883,0.387,0.068,1.78530558120841e-16,"5","Nup107"
1.12032195698209e-20,1.58967255028192,0.794,0.401,1.79229106677995e-16,"4","Cdk2ap1"
1.18680045541556e-20,1.06972679314885,0.98,0.634,1.89864336857381e-16,"4","Clu"
1.26863640015529e-20,0.71456463231784,0.994,0.676,2.02956451296843e-16,"3","Hmgn3"
1.30682133654645e-20,0.845062420967496,0.994,0.958,2.09065277420701e-16,"3","Peg3"
1.32444998853996e-20,1.40831793635111,0.621,0.391,2.11885509166623e-16,"0","Csnk1e"
1.3261143282886e-20,1.36236539431128,0.619,0.274,2.1215177023961e-16,"1","Suclg2"
1.4379171313813e-20,1.11542338636473,0.989,0.673,2.3003798267838e-16,"5","Bex4"
1.47440253449091e-20,0.758194715798834,1,0.985,2.35874917467856e-16,"3","Itm2b"
1.5031664274399e-20,1.17195114795396,0.737,0.517,2.40476565061835e-16,"0","Cnot6l"
1.51993262374602e-20,1.66015897527662,0.57,0.149,2.43158821146888e-16,"5","Mxra7"
1.56742273342799e-20,0.549111409458126,1,1,2.5075628889381e-16,"5","Rps17"
1.61541925259799e-20,2.07239563104252,0.376,0.065,2.58434772030626e-16,"5","Rgma"
1.72825555855026e-20,1.72351371431741,0.417,0.113,2.76486324256871e-16,"2","Pcsk2os1"
1.73919058979135e-20,1.26219407632924,0.931,0.781,2.78235710554821e-16,"4","Lrpap1"
1.77614277336268e-20,1.99558348882972,0.335,0.086,2.84147320882562e-16,"1","Cgnl1"
1.77794654496583e-20,2.6439201292701,0.269,0.033,2.84435888263633e-16,"5","Mdc1"
1.86522168868107e-20,1.36398051940021,0.796,0.271,2.98398165755197e-16,"5","Gpc3"
2.12380103290237e-20,1.47209271603168,0.589,0.237,3.39765689243721e-16,"2","Enho"
2.18320984225831e-20,1.46993386374659,0.763,0.255,3.49269910564484e-16,"5","Smoc1"
2.22100097867883e-20,2.87004288321772,0.227,0.032,3.55315736569039e-16,"2","Kctd8"
2.4177717889548e-20,1.04398176920072,0.89,0.708,3.8679513079699e-16,"2","Rpn2"
2.42046486212028e-20,0.850413426264635,0.879,0.565,3.87225968642002e-16,"1","Impdh2"
2.47479866263663e-20,1.16974093671322,0.935,0.499,3.95918290048608e-16,"5","Id2"
2.75825925204511e-20,1.12319433314408,0.81,0.439,4.41266315142177e-16,"2","Fxyd6"
2.81224631733607e-20,0.712766920602796,1,0.983,4.49903165847425e-16,"5","Rpl36a"
2.9159084739174e-20,1.07144522287755,0.81,0.547,4.66487037657305e-16,"2","1110065P20Rik"
2.98720366924983e-20,0.959872166618059,0.808,0.682,4.77892843006588e-16,"0","Pnrc1"
3.16455703305561e-20,2.78258332313309,0.265,0.048,5.06265834148237e-16,"3","St6galnac5"
3.30632422022154e-20,2.3874260287727,0.323,0.049,5.28945748751042e-16,"5","Mpzl2"
3.53904962659809e-20,2.85482684587845,0.309,0.07,5.66177159263163e-16,"3","Nudt11"
3.89210791748616e-20,1.62933247756359,0.57,0.148,6.22659424639435e-16,"5","Sdc1"
3.90941107296293e-20,1.36424622778758,0.796,0.287,6.25427583452609e-16,"5","Cited1"
3.98842635035041e-20,2.54895970998773,0.27,0.058,6.38068447529058e-16,"1","Fads3"
4.15577035738529e-20,1.3339690426791,0.798,0.521,6.64840141774499e-16,"2","Cdk2ap2"
4.18667892736985e-20,0.607938313764649,1,0.936,6.69784894800629e-16,"1","Tmsb10"
4.27779033917071e-20,1.92049872033008,0.463,0.158,6.84360898460529e-16,"3","Camk2b"
4.79376243559878e-20,1.70892716480945,0.436,0.127,7.66906114447093e-16,"2","Chic1"
4.94910080306141e-20,3.68307476096686,0.75,0.114,7.91757146473764e-16,"6","Igfbp5"
4.96394119859852e-20,1.36163903665589,0.843,0.474,7.94131312951792e-16,"4","Cpt2"
5.1855285877356e-20,1.31274552658513,0.656,0.325,8.2958086346594e-16,"1","Tmem55a"
5.2354273215709e-20,2.1473163803096,0.559,0.187,8.37563662904913e-16,"4","Ttc28"
5.26385772508146e-20,0.856011894812367,0.92,0.672,8.42111958858532e-16,"2","Pycr2"
5.48584619571339e-20,2.39524411653485,0.293,0.069,8.77625674390228e-16,"1","Shank2"
5.66932161640825e-20,2.80810612684388,0.277,0.064,9.06978072192991e-16,"0","Dll3"
5.77134087551688e-20,2.74950691398582,0.247,0.028,9.23299113265191e-16,"5","Wdr86"
5.92521444592706e-20,0.417677175455446,1,1,9.4791580705941e-16,"5","Rpl8"
6.1075617728851e-20,0.449379578732553,1,1,9.77087732426158e-16,"5","Rps24"
6.24522267726001e-20,2.0543418801973,0.358,0.103,9.99110723908056e-16,"1","Lgals1"
6.39309381599602e-20,1.39057575940953,0.914,0.381,1.02276714868304e-15,"5","Nasp"
6.59665738755088e-20,1.33467871741207,0.586,0.222,1.05533324886039e-15,"3","Tmem163"
6.65520206848114e-20,2.67000983994797,0.226,0.023,1.06469922691561e-15,"5","Cep192"
6.9174806321435e-20,1.1227708554807,0.957,0.488,1.10665855153032e-15,"5","Hmgb3"
7.05314573462163e-20,1.02424807861552,0.774,0.264,1.12836225462477e-15,"5","Hes1"
7.84495335476101e-20,3.29571015968522,0.255,0.035,1.25503563769467e-15,"4","Atoh8"
7.91817139162522e-20,2.94283928284841,0.241,0.046,1.2667490592322e-15,"0","Slc35d3"
7.97755284805688e-20,0.690858766894285,0.988,0.676,1.27624890463214e-15,"2","Hmgn3"
8.09420773001628e-20,1.05647153078837,0.742,0.216,1.294911352648e-15,"5","Sdc4"
8.27205450377015e-20,1.87238079966305,0.409,0.132,1.32336327951315e-15,"1","Gpt2"
8.70033370428179e-20,0.783833557277878,0.955,0.788,1.391879386011e-15,"0","Sox4"
9.09342517924592e-20,2.88486749556585,0.237,0.043,1.45476616017576e-15,"1","Ugt2b35"
9.30933935940456e-20,0.426803480171216,1,1,1.48930811071754e-15,"5","Rps27a"
9.33807978690308e-20,1.41571552886301,0.892,0.483,1.49390600430875e-15,"5","Nhp2"
9.5094594811274e-20,0.552115493643646,1,0.992,1.52132332779076e-15,"5","Gnb2l1"
1.00023341714528e-19,1.24156771842054,0.572,0.236,1.60017342074902e-15,"1","Lmo4"
1.00407461239633e-19,1.40542791080032,0.941,0.813,1.60631856491165e-15,"4","Sh3bgrl3"
1.0513737669362e-19,1.00124713123262,0.73,0.346,1.68198775234454e-15,"1","Col9a3"
1.10790692355137e-19,4.45418311524599,0.75,0.122,1.77242949629748e-15,"6","Mest"
1.11466719969953e-19,1.77501680629367,0.358,0.099,1.78324458607931e-15,"1","Ung"
1.16234614878144e-19,2.07338877389443,0.358,0.105,1.85952136882054e-15,"1","Gstm2"
1.27178493673323e-19,1.64663885199698,0.447,0.164,2.03460154178582e-15,"1","Kifc3"
1.29535503522259e-19,0.577452347014879,1,0.996,2.07230898534911e-15,"3","Spint2"
1.30293670878535e-19,1.52765680912433,0.624,0.177,2.08443814671481e-15,"5","Cmtm7"
1.33144230287653e-19,1.08396323915462,0.859,0.724,2.13004139614187e-15,"2","Tmed3"
1.35114308916638e-19,1.43381019288731,0.86,0.347,2.16155871404838e-15,"5","2700029M09Rik"
1.39510458748194e-19,2.05380194575622,0.349,0.101,2.2318883190536e-15,"1","Arhgef19"
1.39901046224974e-19,0.958269066503869,0.877,0.721,2.23813693750714e-15,"3","Tmed3"
1.47319655489882e-19,2.47779303274337,0.422,0.106,2.35681984852714e-15,"4","Enc1"
1.49229141500935e-19,1.78697362949805,0.57,0.156,2.38736780573197e-15,"5","Mcm4"
1.58196470335073e-19,3.53505219358408,0.55,0.054,2.53082713242049e-15,"6","Kctd8"
1.62482673482371e-19,0.60541081452598,1,0.989,2.59939781037098e-15,"5","Rps12"
1.62807884987097e-19,1.8900592018662,0.349,0.096,2.60460054402358e-15,"1","Dsg2"
1.69491707244824e-19,5.54466909950235,0.2,0.005,2.71152833250269e-15,"6","Cntn1"
1.78110473323208e-19,0.843533205189302,1,0.881,2.84941135222469e-15,"5","Pebp1"
1.8008390810748e-19,2.56876654602259,0.355,0.069,2.88098236190346e-15,"5","Fmo1"
1.83524027834703e-19,1.84756236331446,0.409,0.081,2.93601739729958e-15,"5","Cdh3"
1.85164160489871e-19,1.28025551018233,0.624,0.169,2.96225623951696e-15,"5","Sphk1"
1.86162975456197e-19,1.25867142986225,0.925,0.476,2.97823528134825e-15,"5","Alyref"
1.8715855396224e-19,1.20940375697248,0.882,0.426,2.99416254628792e-15,"5","Sox9"
1.9311331898477e-19,2.70471328900238,0.223,0.038,3.08942687711835e-15,"0","Epb42"
1.9985632075504e-19,0.992000789236417,0.989,0.761,3.19730141943913e-15,"5","Eno1"
2.0887626774377e-19,2.79834241683882,0.228,0.041,3.34160253136483e-15,"0","Synpr"
2.10989031659961e-19,2.3903943556681,0.279,0.064,3.37540252849606e-15,"1","Epn3"
2.11223416417545e-19,2.55481498178979,0.258,0.032,3.37915221584788e-15,"5","4930452B06Rik"
2.11923277725179e-19,1.87055060899233,0.307,0.064,3.39034859704741e-15,"2","Slc7a2"
2.22320677130236e-19,2.07741398157133,0.376,0.071,3.55668619272952e-15,"5","Gas1"
2.22576539002842e-19,0.703966772448979,0.963,0.885,3.56077947096746e-15,"3","Pcbd1"
2.23740041085603e-19,1.41782402956097,0.817,0.323,3.57939317728748e-15,"5","Scd2"
2.24724223284735e-19,0.936256773417969,0.791,0.442,3.5951381241092e-15,"1","Dctpp1"
2.2748893176653e-19,0.870304006966703,1,0.966,3.63936793040095e-15,"4","Ppib"
2.33030300145242e-19,1.19889816673083,0.763,0.563,3.72801874172357e-15,"0","Fxyd3"
2.38541241242516e-19,2.21175503492754,0.384,0.144,3.81618277739777e-15,"0","Sulf2"
2.47446248710669e-19,1.60230674759666,0.559,0.147,3.95864508687329e-15,"5","Gjb1"
2.49080724178131e-19,1.37761108571421,0.598,0.381,3.98479342540174e-15,"0","Tmem184a"
2.5495470384508e-19,0.525783538904423,1,1,4.0787653521136e-15,"4","Rps19"
2.56244897070497e-19,0.490602382756403,1,1,4.09940586333382e-15,"4","Rpl17"
2.59992245183434e-19,1.20451313600964,0.705,0.505,4.15935593844458e-15,"0","Serinc1"
2.67013055973202e-19,1.42357314594122,0.567,0.321,4.27167486945928e-15,"0","Grina"
2.8214438691601e-19,1.59960116125513,0.447,0.158,4.51374590188234e-15,"1","Tspan4"
2.87853539993332e-19,4.78401062967103,0.25,0.009,4.60508093281332e-15,"6","Kcnc2"
2.89256056354093e-19,1.07257303317275,0.957,0.602,4.62751838955277e-15,"5","Fbl"
2.94669437374293e-19,0.58221592669769,0.981,0.969,4.71412165911393e-15,"3","Slc25a4"
2.96789845837618e-19,1.44711236833623,0.809,0.663,4.74804395371022e-15,"3","Ctsz"
2.97235938868613e-19,2.78337604699698,0.214,0.034,4.75518055002007e-15,"1","Mcam"
3.13653070926095e-19,0.716253297028437,0.994,0.918,5.01782182867567e-15,"2","Ndufb8"
3.22728289764298e-19,1.71720759846611,0.473,0.104,5.16300717964924e-15,"5","Mtap"
3.31424348828168e-19,0.382669308312019,1,0.999,5.30212673255304e-15,"1","Rpl36"
3.39761171518738e-19,1.45013336200491,0.53,0.213,5.43549922195678e-15,"1","Bag2"
3.4075045715485e-19,1.05744175656543,0.785,0.496,5.45132581356329e-15,"2","Dynlt1c"
3.48740718781778e-19,1.55235939025396,0.484,0.111,5.57915401907089e-15,"5","Pola1"
3.56102768308055e-19,1.20335352553776,0.828,0.634,5.69693208739226e-15,"2","Sec61g"
3.56978886801238e-19,2.23646719392753,0.317,0.09,5.71094823104621e-15,"0","Shf"
3.63485370607789e-19,0.543269181787957,1,1,5.81503895898341e-15,"5","Rpl10a"
3.67017986883797e-19,1.55621808529363,0.725,0.325,5.87155375416698e-15,"4","Lpar6"
3.74961579996755e-19,2.58410378511123,0.247,0.029,5.99863535678809e-15,"5","Prim2"
3.76864150793837e-19,2.02787553635378,0.323,0.051,6.02907268439981e-15,"5","Kcnk5"
3.93343466861013e-19,1.46277734190246,0.497,0.167,6.29270878284249e-15,"2","Cldn11"
3.95973125939002e-19,1.5246224867936,0.462,0.098,6.33477806877215e-15,"5","Agrn"
3.96637309557499e-19,0.533935998736385,0.995,0.919,6.34540367830087e-15,"1","Rps3"
4.00359616197646e-19,2.7007393689285,0.304,0.051,6.40495313992994e-15,"4","Steap1"
4.01258405271623e-19,0.904973630061709,0.819,0.503,6.41933196753542e-15,"1","Cyb5a"
4.07031182484402e-19,2.62172266273979,0.343,0.071,6.51168485738547e-15,"4","Gm8113"
4.14382695021361e-19,1.72091539118811,0.442,0.154,6.62929435495173e-15,"1","Stbd1"
4.15124434602575e-19,1.07367383086941,0.946,0.436,6.64116070477199e-15,"5","Cyba"
4.237791871178e-19,0.508327309133227,1,1,6.77961943551056e-15,"5","Rps11"
4.32606442334666e-19,0.896028541096858,0.898,0.635,6.92083786446999e-15,"1","Bex1"
4.92420684400134e-19,1.29882919004733,0.772,0.573,7.87774610903334e-15,"3","Tmx1"
5.00825274695986e-19,0.763186760615614,1,0.983,8.01220274458639e-15,"4","Cd63"
5.16342141526526e-19,1.51936725254488,0.552,0.212,8.26044158014136e-15,"2","Smap2"
5.35461305674243e-19,0.566974225913285,1,0.997,8.56630996817653e-15,"4","Prdx2"
5.41048005197815e-19,2.14599395091135,0.326,0.092,8.65568598715465e-15,"1","Lifr"
5.47529125387492e-19,1.5645149385627,0.484,0.108,8.7593709479491e-15,"5","Rcc1"
5.48289575081224e-19,2.95277022288547,0.2,0.03,8.77153662214942e-15,"1","D8Ertd82e"
5.55545266718169e-19,1.73031215422246,0.409,0.082,8.88761317695727e-15,"5","Cbs"
5.57396595757983e-19,0.848576889537701,1,0.928,8.91723073893622e-15,"5","H2afv"
5.57525681939924e-19,2.441113078326,0.256,0.054,8.9192958596749e-15,"1","Hspg2"
5.75541535437829e-19,0.535706562716939,1,1,9.2075134839344e-15,"5","Rps20"
6.07352430722148e-19,2.30926723257868,0.344,0.089,9.71642418669293e-15,"2","Tmem65"
6.26613302495309e-19,0.506570245977733,1,1,1.002455961332e-14,"5","Rpl32"
6.35983476037448e-19,2.00774393957768,0.333,0.055,1.01744636496471e-14,"5","Fign"
6.42478464728325e-19,1.53211707777253,0.634,0.184,1.02783704787237e-14,"5","Nudt1"
6.63520376169262e-19,1.69845123343477,0.559,0.153,1.06149989779559e-14,"5","Espn"
6.69039732140238e-19,2.0242581405532,0.657,0.302,1.07032976347795e-14,"4","Qsox1"
6.88513766401877e-19,1.43475251806716,0.572,0.25,1.10148432348972e-14,"1","Gpc3"
6.89482375283645e-19,0.884583132042447,0.835,0.721,1.10303390397878e-14,"0","Yipf4"
7.02472768761433e-19,0.449272212156384,1,0.973,1.12381593546454e-14,"1","Rpl30"
7.31515906597506e-19,1.33393157784326,0.882,0.579,1.17027914737469e-14,"4","Ly6e"
7.32669663923344e-19,0.254803916852297,1,1,1.17212492834457e-14,"1","Rps14"
7.4444287367069e-19,2.44944672600346,0.279,0.065,1.19095970929837e-14,"1","Notch2"
7.73743321906855e-19,2.46746836724131,0.28,0.04,1.23783456638659e-14,"5","Gins1"
7.79382530193024e-19,0.464790816000869,1,0.996,1.2468561718028e-14,"0","Calm2"
7.80839414916118e-19,1.29968118920592,0.903,0.416,1.24918689598281e-14,"5","Lyar"
7.8910415355036e-19,2.31903803424581,0.301,0.046,1.26240882484987e-14,"5","Pola2"
8.40399169521784e-19,0.339716196524132,1,1,1.34447059140095e-14,"1","Naca"
8.57756609740915e-19,1.36419251542496,0.544,0.226,1.37223902426352e-14,"1","Zfhx3"
8.90860146316212e-19,1.90397034669723,0.344,0.085,1.42519806207668e-14,"2","Ptprn"
8.96924718026835e-19,1.50814593902219,0.502,0.203,1.43490016389933e-14,"1","Lamc1"
9.5607447810149e-19,2.11829027131197,0.376,0.074,1.52952795006676e-14,"5","Col2a1"
9.61483148953912e-19,1.98181324824093,0.298,0.071,1.53818074169647e-14,"1","Rras"
1.01247429185702e-18,2.42124373181499,0.339,0.113,1.61975637211286e-14,"0","Mycl"
1.02207468406929e-18,1.77560268527457,0.647,0.278,1.63511507957405e-14,"4","Mfge8"
1.02853892208473e-18,1.40536546108953,0.763,0.286,1.64545656755115e-14,"5","Nxt1"
1.03292033078264e-18,1.3883487980875,0.559,0.151,1.65246594518607e-14,"5","Ugt2b34"
1.04617919466772e-18,0.700097870093734,0.957,0.874,1.67367747562942e-14,"2","Uqcr11"
1.04823168302694e-18,0.987802069813864,0.833,0.646,1.6769610465065e-14,"3","Zwint"
1.06069793562987e-18,2.67864608926549,0.214,0.035,1.69690455742067e-14,"1","G0s2"
1.07157393633353e-18,1.43133597450679,0.796,0.287,1.71430398334639e-14,"5","Mrps25"
1.12005662655771e-18,2.10475251268542,0.362,0.123,1.79186659116702e-14,"0","Olfm1"
1.20030788460452e-18,2.56522494423045,0.315,0.077,1.92025255379032e-14,"3","Arg1"
1.2030718621899e-18,1.83119443121114,0.588,0.213,1.92467436513141e-14,"4","Fscn1"
1.21117197839403e-18,1.57837509269067,0.667,0.214,1.93763293103478e-14,"5","Mcm2"
1.2754775797231e-18,0.807905324365419,1,0.887,2.04050903204102e-14,"5","Ncl"
1.35261547253969e-18,2.01544781991416,0.411,0.132,2.163914232969e-14,"2","Gmpr"
1.39768976827801e-18,2.58593189992144,0.314,0.058,2.23602409129116e-14,"4","Lzts1"
1.42478154963233e-18,1.43714216721094,0.634,0.186,2.27936552310179e-14,"5","Smchd1"
1.52857647194089e-18,1.52279018313162,0.567,0.267,2.44541663981103e-14,"1","Klf6"
1.57683006735118e-18,4.32021362063156,0.4,0.029,2.52261274174842e-14,"6","Tceal3"
1.62569931572321e-18,1.28733583346249,0.903,0.428,2.600793765294e-14,"5","Mt2"
1.71102438750988e-18,0.703066728708041,0.969,0.868,2.7372968151383e-14,"2","Usmg5"
1.84608193135937e-18,0.863889096849453,1,0.851,2.95336187378871e-14,"5","Tpi1"
1.85554769346905e-18,1.66922975108026,0.516,0.13,2.96850520001179e-14,"5","Psmc3ip"
1.87079273394425e-18,0.526372670069574,1,1,2.99289421576401e-14,"5","Rpsa"
1.9222585626578e-18,0.735547594530551,0.795,0.386,3.07522924853994e-14,"1","Tead2"
1.98420030679293e-18,0.94876816755641,0.877,0.743,3.17432365080733e-14,"2","Krtcap2"
2.14444185962124e-18,1.93732620048892,0.667,0.301,3.43067808702206e-14,"4","Phlda1"
2.15930060825778e-18,1.98122268489677,0.431,0.108,3.45444911309079e-14,"4","Shf"
2.17737011195099e-18,0.830891180595338,0.853,0.788,3.48335670509919e-14,"0","Dnaja1"
2.18317485952337e-18,0.792849090397177,1,0.92,3.49264314026549e-14,"5","Hspe1"
2.30592256888726e-18,1.36632778161264,0.699,0.237,3.68901492570583e-14,"5","St3gal4"
2.33607503331281e-18,1.3861021336753,0.732,0.617,3.73725283829384e-14,"0","Cotl1"
2.52027546446497e-18,1.30532681962024,0.73,0.446,4.03193668805106e-14,"2","Slc35b1"
2.54069824793157e-18,1.71465432969937,0.406,0.158,4.06460905704092e-14,"0","St18"
2.60606525548533e-18,0.85595785744545,0.823,0.488,4.16918319572543e-14,"1","Siva1"
2.64778664247228e-18,0.497751200751487,1,1,4.23592907062716e-14,"4","Rps4x"
2.67426564583983e-18,1.2036241752298,0.642,0.31,4.27829018021456e-14,"1","Rab34"
2.70465844732484e-18,0.498336324357886,1,1,4.32691258403027e-14,"4","Rpl18a"
2.71871967694473e-18,0.53417104037219,1,1,4.34940773917618e-14,"5","Rps19"
2.72961770357757e-18,0.84710234935455,0.926,0.705,4.36684240218339e-14,"1","Ambp"
2.77541016297904e-18,1.2404703608461,0.619,0.288,4.44010117873387e-14,"1","Mesdc1"
2.86695727226725e-18,1.24900579438471,0.882,0.531,4.58655824417315e-14,"4","Mia"
2.89279899086509e-18,1.36404807827188,0.595,0.291,4.62789982558598e-14,"1","Hyal2"
2.90214042586236e-18,1.73988900104756,0.377,0.114,4.6428442532946e-14,"1","Hnf1aos1"
3.04862933264507e-18,1.84552876935368,0.441,0.1,4.87719720636559e-14,"5","Lipt2"
3.15940254019634e-18,1.49990651893548,0.745,0.391,5.0544121838061e-14,"4","Tpst2"
3.21908409841209e-18,2.22302223355864,0.274,0.067,5.14989074063966e-14,"1","Cdh3"
3.37133142124367e-18,0.447838422637345,1,1,5.39345600770562e-14,"4","Rps5"
3.40740201737263e-18,2.84677926602071,0.233,0.047,5.45116174739273e-14,"1","Cldn8"
3.4729196181044e-18,1.26752681376233,0.609,0.283,5.55597680504341e-14,"1","Gstp1"
3.51108685222332e-18,1.16290393669567,0.716,0.348,5.61703674618686e-14,"3","Hepacam2"
3.51363754054281e-18,2.23216610590344,0.288,0.064,5.62111733736039e-14,"2","Slc16a12"
3.52061586568171e-18,2.18171311693154,0.323,0.055,5.6322812619176e-14,"5","Ext1"
3.6899879174919e-18,1.93233269730753,0.388,0.146,5.90324267040354e-14,"0","Camk2n2"
3.77844810319743e-18,0.476306168376343,1,1,6.04476127549525e-14,"4","Rpl32"
3.82506031503034e-18,0.595007706078012,1,0.984,6.11933149198554e-14,"5","Ppia"
3.87473723546574e-18,2.47334849673495,0.237,0.047,6.19880462929809e-14,"1","Sdpr"
3.92294019119976e-18,0.950724681252241,0.893,0.854,6.27591971788137e-14,"0","Hn1"
3.98134734003477e-18,0.684671232466053,0.944,0.781,6.36935947458762e-14,"1","Polr2f"
4.00898564419248e-18,0.842507735291226,0.933,0.741,6.41357523357913e-14,"2","Tmed10"
4.19221302721923e-18,1.56370267020277,0.548,0.143,6.70670240094532e-14,"5","Emp2"
4.24646155556745e-18,1.74437563275878,0.398,0.08,6.79348919659681e-14,"5","Pygb"
4.5747048969891e-18,1.77654594423968,0.593,0.296,7.31861289420316e-14,"3","Alcam"
4.60663925385487e-18,1.74846412873183,0.505,0.129,7.36970147831702e-14,"5","Rad50"
4.66572967063139e-18,2.4725093546395,0.205,0.033,7.46423432707609e-14,"1","Smoc2"
4.71949032120423e-18,1.02566367441571,0.637,0.295,7.55024061586253e-14,"1","Igfbp7"
4.72366527419677e-18,1.81971484358499,0.335,0.103,7.55691970565999e-14,"0","Fhl2"
4.74870788424341e-18,2.20235242694876,0.301,0.049,7.59698287321261e-14,"5","Matn2"
4.9139938786239e-18,0.823499873690748,1,0.834,7.86140740702252e-14,"5","G3bp1"
5.02971714211569e-18,1.42045612738228,0.538,0.142,8.04654148395668e-14,"5","Gja1"
5.06413739738158e-18,1.25669693220553,0.843,0.455,8.10160700833105e-14,"4","Acot1"
5.07222483723303e-18,2.41529183012715,0.258,0.036,8.1145452946054e-14,"5","Phlda3"
5.44660034321893e-18,1.84304483460315,0.381,0.127,8.71347122908164e-14,"1","Bmp7"
5.50407773417507e-18,1.66609892588741,0.382,0.088,8.80542355913328e-14,"4","Krtap17-1"
5.52113431113377e-18,2.34967976479447,0.226,0.026,8.83271067095181e-14,"5","Fam72a"
5.55757153073715e-18,1.07010265956581,0.798,0.515,8.89100293487329e-14,"2","Bmyc"
5.60403753536356e-18,0.618611342623285,1,0.975,8.96533924907462e-14,"5","Rpl39"
5.63366398040371e-18,0.877314689902913,0.847,0.56,9.01273563584986e-14,"1","Sptssa"
5.81137512986754e-18,1.37239915111949,0.699,0.222,9.2970379327621e-14,"5","Uchl5"
5.81861045418464e-18,2.0020491967123,0.366,0.071,9.30861300460458e-14,"5","Enkd1"
5.88487476183946e-18,2.10848507634481,0.307,0.075,9.41462264399077e-14,"2","C1qa"
5.92545173135596e-18,3.001289697829,0.272,0.061,9.47953767982327e-14,"3","Gm43194"
6.03790318092754e-18,0.565600393846968,0.964,0.944,9.65943750884787e-14,"0","Atp6v1g1"
6.15730357248474e-18,2.32574442239349,0.402,0.1,9.85045425526109e-14,"4","E2f1"
6.30899362217725e-18,0.975517315924584,0.816,0.548,1.00931279967592e-13,"2","Dap"
6.36671823566734e-18,1.40507929897283,0.512,0.216,1.01854758334206e-13,"1","Eif4ebp1"
6.47432332755239e-18,2.93887029569797,0.215,0.024,1.03576224594183e-13,"5","Pxmp2"
6.49388678106306e-18,0.649196862657056,1,0.983,1.03889200723447e-13,"4","Rpl36a"
6.51284835138327e-18,1.77095312141362,0.516,0.142,1.0419254792543e-13,"5","Reep4"
6.62779070097588e-18,1.21808469751039,0.454,0.142,1.06031395634212e-13,"2","Sphkap"
7.1475411230684e-18,3.52764901272417,1,0.346,1.14346362886848e-13,"6","Hhex"
7.31035410343188e-18,1.41492940720191,0.768,0.679,1.16951044946703e-13,"0","Tm4sf4"
7.35887418673945e-18,2.15758632720241,0.265,0.062,1.17727269239458e-13,"1","Mansc1"
7.94525998915886e-18,2.04431280668835,0.51,0.163,1.27108269306564e-13,"4","Serinc2"
9.21006609998626e-18,1.83014408906407,0.377,0.126,1.4734263746758e-13,"1","Wwc1"
9.22257324499018e-18,1.53848569715635,0.784,0.423,1.47542726773353e-13,"4","Bambi"
9.45476349411249e-18,1.38323928203432,0.677,0.213,1.51257306378812e-13,"5","Mthfd1"
9.56943591849088e-18,0.471329721030299,1,1,1.53091835824017e-13,"5","Rps23"
9.94894613116391e-18,0.442561048362801,1,1,1.5916324020636e-13,"1","Rpl29"
1.01562538965075e-17,0.631373620898028,0.953,0.86,1.62479749836328e-13,"1","Txn1"
1.06081946351609e-17,1.51538469233838,0.409,0.141,1.69709897773304e-13,"1","Efna4"
1.06402858958626e-17,1.27372365891586,0.828,0.372,1.7022329376201e-13,"5","Cbx5"
1.1160304294609e-17,1.91496684980419,0.333,0.059,1.78542548105155e-13,"5","Sema4d"
1.15112945412293e-17,1.11474963265216,0.642,0.319,1.84157690070586e-13,"1","Grn"
1.15327742559554e-17,1.5302866117864,0.491,0.246,1.84501322546774e-13,"0","St6galnac2"
1.19796959083615e-17,1.25195180852558,0.853,0.517,1.91651175141967e-13,"4","Traf4"
1.20101300598208e-17,2.48448397262765,0.258,0.051,1.92138060697012e-13,"2","Aard"
1.23527421354633e-17,1.63316059898728,0.423,0.153,1.97619168683142e-13,"1","B2m"
1.24537760110047e-17,1.87397502685177,0.326,0.093,1.99235508624053e-13,"1","Mgll"
1.25029379875526e-17,0.897531234368711,0.889,0.715,2.00022001924866e-13,"3","Gnai2"
1.26238978117796e-17,0.441424746476262,1,1,2.01957117192849e-13,"4","Rpl24"
1.28262531972361e-17,1.32672804969348,0.521,0.215,2.05194398649383e-13,"1","Mmp14"
1.36639588798726e-17,1.07160438831379,0.791,0.578,2.18596014160202e-13,"2","Ndufa1"
1.37992170819925e-17,2.05049834930739,0.387,0.082,2.20759874877716e-13,"5","Nr4a1"
1.42769374944107e-17,1.2794038793819,0.86,0.352,2.28402446035583e-13,"5","Ncaph2"
1.47217972065099e-17,1.30163875362668,0.607,0.26,2.35519311709745e-13,"2","Syt7"
1.51743962711918e-17,0.49497788897523,1,1,2.42759991546526e-13,"5","Rplp0"
1.53267563098905e-17,0.361973703715292,1,1,2.45197447445629e-13,"5","Rps3a1"
1.6544402270533e-17,2.05850455850669,0.451,0.131,2.64677347523987e-13,"4","Fblim1"
1.65725678072647e-17,0.979830231819652,0.852,0.677,2.6512793978062e-13,"3","Mbnl2"
1.78540072041747e-17,1.0249879169218,0.8,0.503,2.85628407252387e-13,"1","Mia"
1.81969269135358e-17,1.78220938089306,0.472,0.186,2.91114436762746e-13,"2","Slc37a4"
1.85781353290407e-17,1.88704127359247,0.333,0.06,2.97213008993994e-13,"5","Mre11a"
1.86966538957665e-17,1.24052401040113,0.796,0.292,2.99109069024473e-13,"5","Tspo"
1.87446480329197e-17,1.21340228072456,0.882,0.401,2.99876879230649e-13,"5","Hmgn2"
1.95352701261619e-17,1.35549447403703,0.581,0.167,3.12525251478338e-13,"5","Cdc42ep1"
2.05918900688077e-17,1.32117526086729,0.72,0.267,3.29429057320785e-13,"5","Bst2"
2.15928832213108e-17,1.05828494074368,0.852,0.666,3.4544294577453e-13,"3","Ctsl"
2.1675093561804e-17,1.45768891765172,0.441,0.098,3.4675814680174e-13,"5","Adamts16"
2.18585456722109e-17,0.775209330145617,0.853,0.505,3.4969301366403e-13,"0","Syt13"
2.2140159650792e-17,1.87821423331488,0.745,0.389,3.5419827409337e-13,"4","Serpina1c"
2.24753195232488e-17,1.63991957703335,0.386,0.128,3.59560161732935e-13,"1","Rbms2"
2.25539268469732e-17,1.26823886635063,0.66,0.335,3.60817721697878e-13,"3","Akr1c13"
2.26482691059194e-17,1.7552058586776,0.387,0.08,3.62327009156498e-13,"5","Rab32"
2.27839705362982e-17,1.04566508558233,0.946,0.619,3.64497960639699e-13,"5","Mrpl12"
2.33276723435533e-17,2.59650854294014,0.223,0.045,3.73196102152166e-13,"1","Tacc2"
2.35374137175778e-17,3.28319783968554,0.206,0.025,3.7655154465381e-13,"4","Igdcc4"
2.37405378486967e-17,1.35500804788287,0.607,0.429,3.7980112450345e-13,"0","Lmna"
2.43136666524724e-17,0.501163481078746,1,0.996,3.88970039106254e-13,"2","Calm2"
2.52722403206803e-17,1.44814226533504,0.538,0.146,4.04305300650244e-13,"5","Bmp7"
2.60383702432e-17,1.08589257662918,0.935,0.565,4.16561847150713e-13,"5","C1qbp"
2.66073523192477e-17,0.901249604660921,1,0.734,4.25664422403325e-13,"5","Anapc11"
2.75169579005263e-17,2.00347517225085,0.33,0.111,4.40216292492619e-13,"0","Gipr"
2.75732732967797e-17,0.979043274919067,0.853,0.758,4.41117226201881e-13,"0","Glud1"
2.87272244855032e-17,1.40032247192203,0.716,0.327,4.59578137319081e-13,"4","Ckb"
2.96774718076266e-17,1.21915660871115,0.54,0.234,4.74780193978411e-13,"1","Crip1"
2.99382781153987e-17,0.833287895308103,1,0.635,4.78952573290148e-13,"5","Clu"
3.00295875394132e-17,1.71278765372197,0.398,0.084,4.80413341455532e-13,"5","Yap1"
3.0728136873723e-17,1.0886301829308,0.479,0.165,4.9158873370582e-13,"2","Tmsb15l"
3.13927471377314e-17,0.856991758906803,0.968,0.789,5.02221168709427e-13,"5","Hspd1"
3.20079168657397e-17,1.89957634521753,0.321,0.092,5.12062654018104e-13,"1","Cers4"
3.21377569764208e-17,0.618683849441998,0.964,0.948,5.1413983610878e-13,"0","Marcksl1"
3.35059935441781e-17,1.39853781852044,0.465,0.174,5.36028884719761e-13,"1","Flna"
3.43261186040223e-17,1.11267595839093,0.701,0.55,5.49149245427148e-13,"0","Cnot7"
3.49888271537282e-17,8.29575610842754,0.414,0.17,5.59751256805344e-13,"3","Ghrl"
3.50209538879241e-17,1.39450453302486,0.629,0.374,5.60265220299009e-13,"0","Cryba2"
3.50488405785702e-17,1.10040136305192,0.773,0.493,5.60711351575965e-13,"2","Vapb"
3.62792299788558e-17,0.617727319535632,0.996,0.985,5.80395121201735e-13,"0","Slc25a5"
3.67106714378197e-17,0.638236337678817,1,0.997,5.8729732166224e-13,"4","Spint2"
3.74723046032713e-17,1.56673087588262,0.504,0.273,5.99481929043135e-13,"0","Dst"
3.97336155834479e-17,1.49303754830124,0.548,0.151,6.35658382104e-13,"5","Snx7"
3.98319322606023e-17,0.808062878699799,0.957,0.895,6.37231252305115e-13,"2","Pdia3"
3.98381313809766e-17,3.06025512590983,0.206,0.025,6.37330425832864e-13,"4","Fam83f"
4.00022097093762e-17,2.00160052798839,0.269,0.04,6.399553509306e-13,"5","Vrk2"
4.08405514649699e-17,2.01289432730121,0.368,0.108,6.53367142336588e-13,"2","Slc2a5"
4.17180803626351e-17,0.849943547928912,0.84,0.705,6.67405849641436e-13,"2","Tbcb"
4.18191205166865e-17,1.76862766623253,0.481,0.208,6.69022290025951e-13,"3","Atp6v0e2"
4.18388578106972e-17,1.22373494284118,0.602,0.175,6.69338047255535e-13,"5","Selenbp1"
4.24901412903755e-17,0.576061017057364,1,0.79,6.79757280363427e-13,"2","Bex2"
4.33871102268644e-17,1.13147697123259,0.961,0.73,6.94106989409376e-13,"4","Ambp"
4.49592831673658e-17,0.957174167381983,0.73,0.431,7.19258612111518e-13,"1","Cdh1"
4.61920029773563e-17,1.20985263067812,0.742,0.26,7.38979663631746e-13,"5","Plpp2"
4.63735983151298e-17,2.7619057562958,0.2,0.035,7.41884825845446e-13,"1","Fbxo27"
4.66545713772002e-17,0.429167452683337,1,1,7.46379832892449e-13,"4","Rps7"
4.67280605072098e-17,0.365955448294109,1,1,7.47555511994343e-13,"4","Eef1a1"
4.72106240491871e-17,1.20069722456144,0.591,0.27,7.55275563538896e-13,"1","Tspo"
4.74969461266647e-17,0.844466060450436,0.896,0.705,7.59856144134383e-13,"2","Canx"
5.08326934220507e-17,1.59691029602815,0.353,0.107,8.13221429365967e-13,"1","Tgif2"
5.3179773220238e-17,1.77349993106652,0.349,0.114,8.50770011977367e-13,"1","Fam149a"
5.38876102061794e-17,2.04118698688146,0.233,0.048,8.62093988078458e-13,"1","Ptgds"
5.46014099418152e-17,1.53118068968385,0.355,0.067,8.7351335624916e-13,"5","Nsun5"
5.50557943927502e-17,1.59731525713462,0.419,0.093,8.80782598695217e-13,"5","Capn6"
5.57112321656369e-17,0.944836132694394,0.852,0.665,8.91268292185859e-13,"3","2210013O21Rik"
5.93293830155069e-17,1.07904401923165,0.785,0.505,9.4915146948208e-13,"2","Vimp"
6.13292940553714e-17,1.29560852464531,0.696,0.3,9.81146046297832e-13,"4","Gdpd1"
6.33719207286292e-17,1.50921531325427,0.656,0.222,1.01382398781661e-12,"5","Vars"
7.42350153536723e-17,0.727987359542636,0.921,0.685,1.18761177562805e-12,"1","Rps18-ps3"
7.61813033712995e-17,1.4927314474495,0.473,0.117,1.21874849133405e-12,"5","Nr5a2"
7.66001108230892e-17,0.448259342253018,1,1,1.22544857294778e-12,"4","Rps29"
8.0084390116805e-17,1.75311855706975,0.355,0.07,1.28119007308865e-12,"5","Poc1a"
8.04531258261255e-17,1.8965519247618,0.398,0.09,1.28708910696636e-12,"5","Npl"
8.08843267713248e-17,1.98133923516433,0.5,0.17,1.29398745968765e-12,"4","Snn"
8.26775065901618e-17,2.35071034001452,0.226,0.028,1.32267475042941e-12,"5","Suv39h2"
8.30855258368357e-17,2.5622727619509,0.227,0.042,1.3292022423377e-12,"2","Galnt18"
8.36217225008695e-17,2.00834769025702,0.321,0.087,1.33778031656891e-12,"3","Ramp1"
8.6075913741187e-17,1.09085047837708,0.67,0.352,1.37704246803151e-12,"1","Slc9a3r1"
8.76048824334909e-17,0.793666592401729,0.92,0.765,1.40150290917099e-12,"2","Cd164"
9.11134025923992e-17,1.06026615782694,0.882,0.383,1.4576322146732e-12,"5","Col9a3"
9.17365220869817e-17,1.0702424156104,0.802,0.583,1.46760088034753e-12,"3","Glul"
9.28456388391947e-17,0.424055414677611,1,1,1.48534453014944e-12,"5","Rpl21"
9.39042217581854e-17,0.56301094005673,1,0.989,1.50227973968745e-12,"5","Prdx1"
9.88558740605319e-17,1.21817961848591,0.652,0.42,1.58149627322039e-12,"0","Col9a2"
9.88559583650356e-17,1.7018434786137,0.366,0.073,1.58149762192384e-12,"5","Fgfr1"
9.89040615613947e-17,1.72471811361541,0.326,0.099,1.58226717685919e-12,"1","Slc25a13"
9.89073321779593e-17,0.490516628457518,1,0.907,1.58231950018299e-12,"1","Hspe1"
1.00893440561344e-16,2.13766934571594,0.28,0.045,1.61409326210038e-12,"5","Tmem54"
1.07034626670567e-16,1.69478267436855,0.419,0.097,1.71233995747573e-12,"5","Cenpq"
1.09357952369455e-16,1.4087651239137,0.645,0.213,1.74950852200654e-12,"5","Rhno1"
1.10393479961235e-16,1.39343489521787,0.601,0.287,1.76607489241984e-12,"2","Fam174b"
1.10684950389516e-16,1.32670483760966,0.763,0.295,1.77073783633148e-12,"5","Hn1l"
1.15213405300858e-16,1.23365353430031,0.607,0.277,1.84318405800313e-12,"2","B630019K06Rik"
1.20682536215172e-16,1.62209319717106,0.398,0.087,1.93067921437032e-12,"5","P4ha3"
1.24970752464772e-16,1.02042727653813,0.804,0.635,1.99928209793143e-12,"2","Serp1"
1.25642339492891e-16,0.862628153543366,0.874,0.571,2.01002614720727e-12,"1","Aplp2"
1.26603494129816e-16,1.91371214930822,0.288,0.067,2.02540269908879e-12,"2","Amigo2"
1.33913468807379e-16,1.08085014048961,0.623,0.298,2.14234767398045e-12,"1","Scd2"
1.35630827852688e-16,2.09064057768756,0.29,0.086,2.16982198398731e-12,"0","Map3k15"
1.48606412069187e-16,1.39484186988649,0.613,0.188,2.37740538028286e-12,"5","Haus1"
1.5128446570366e-16,0.833354259972471,0.926,0.803,2.42024888232716e-12,"3","Nenf"
1.52402262011097e-16,1.04383897738512,0.849,0.35,2.43813138765353e-12,"5","Csrp1"
1.53049204169543e-16,1.96013290347226,0.288,0.079,2.44848116830435e-12,"1","Spon1"
1.53497010139707e-16,2.01828333776263,0.321,0.089,2.45564516821502e-12,"3","Ptprn"
1.53953796854206e-16,1.42822283657374,0.505,0.13,2.46295284207358e-12,"5","Fam149a"
1.54999049251912e-16,0.550197154506477,0.988,0.946,2.47967478993208e-12,"2","Atp5e"
1.60811863163588e-16,0.614048222123464,0.946,0.917,2.57266818689109e-12,"0","Arpc5"
1.6189905138901e-16,1.84808781238402,0.395,0.136,2.59006102412139e-12,"3","Chic1"
1.63972368146156e-16,1.19527859780305,0.73,0.412,2.62322994560221e-12,"2","Ptbp3"
1.64548218289456e-16,1.61557455266661,0.515,0.232,2.63244239619471e-12,"2","Mllt11"
1.68682863717461e-16,0.761128196213142,0.945,0.908,2.69858845375194e-12,"2","Ssr4"
1.70449852577165e-16,0.769496721612003,0.748,0.341,2.72685674152949e-12,"2","Hepacam2"
1.71322562655433e-16,1.14452126567467,0.521,0.194,2.74081835736161e-12,"2","BC048546"
1.77707710496955e-16,1.03324492900883,0.935,0.47,2.84296795253029e-12,"5","Actn4"
1.95266308308215e-16,1.16371434283197,0.605,0.301,3.12387040031482e-12,"1","Ckb"
1.98128089956605e-16,1.20568882419708,0.642,0.322,3.16965318312577e-12,"1","Rbms3"
1.99967894971102e-16,0.747475794244571,0.989,0.883,3.1990863837477e-12,"5","Krt18"
2.14106364593513e-16,1.22348457955905,0.912,0.56,3.42527362076701e-12,"4","Cdkn1c"
2.17493411797579e-16,0.846420393529021,0.865,0.584,3.47945960193767e-12,"1","Echs1"
2.18162356692103e-16,1.02754017328519,0.784,0.468,3.49016138236027e-12,"3","Npdc1"
2.20537389200387e-16,2.56310681813862,0.215,0.027,3.52815715242779e-12,"5","Rasl11a"
2.23741177527723e-16,1.94742768168049,0.258,0.038,3.57941135808851e-12,"5","Lrrc8c"
2.44015380932769e-16,0.770637404241636,0.951,0.876,3.90375806416244e-12,"2","Prkar1a"
2.46161465735469e-16,1.22798138204742,0.892,0.615,3.93809112883603e-12,"4","Cotl1"
2.49027785118288e-16,1.25106571371026,0.617,0.284,3.98394650632236e-12,"3","Rab3a"
2.56160082661249e-16,0.433524668476311,1,1,4.09804900241467e-12,"5","Rps15"
2.65833819790612e-16,1.22451124379204,0.661,0.473,4.25280944901021e-12,"0","Gpx2"
2.67435781926513e-16,1.67157824257476,0.409,0.095,4.27843763926035e-12,"5","Prps2"
2.69390180381101e-16,0.949372693438641,0.768,0.648,4.30970410573686e-12,"0","Chic2"
2.71818018755735e-16,1.07128575663294,0.753,0.263,4.34854466405424e-12,"5","Lmo4"
2.84036077382208e-16,0.856920933485705,0.644,0.275,4.54400916596057e-12,"2","Gfra3"
2.85864680264002e-16,1.90333089454924,0.288,0.077,4.5732631548635e-12,"1","Rara"
3.14406060395454e-16,1.45500090433518,0.548,0.156,5.02986815420647e-12,"5","Nup85"
3.24262970424514e-16,1.11158704237246,0.741,0.453,5.18755900085137e-12,"3","Fxyd6"
3.26359824806512e-16,0.850956534039795,1,0.703,5.22110447725458e-12,"5","Atp1b1"
3.4102050378703e-16,0.527343000501037,1,0.991,5.45564601958491e-12,"5","Rpl22l1"
3.43428068861977e-16,2.03469024571677,0.401,0.149,5.49416224565391e-12,"3","Cpn1"
3.46904292375608e-16,0.310387205496322,1,1,5.54977486942497e-12,"0","Hsp90ab1"
3.59340949171312e-16,1.24704494938331,0.699,0.229,5.74873650484266e-12,"5","Ipo5"
3.7308015827783e-16,2.06376793488501,0.288,0.082,5.96853637212872e-12,"1","Ctf1"
3.91602816923672e-16,1.03295712738761,0.701,0.532,6.26486186514491e-12,"0","Usf2"
3.9513126746386e-16,2.14453256154436,0.265,0.071,6.32131001688684e-12,"1","Yap1"
4.03044678380342e-16,1.61275939208394,0.452,0.112,6.44790876472871e-12,"5","Cntln"
4.06691159204858e-16,1.00363375293126,0.679,0.464,6.50624516495932e-12,"0","Cpt2"
4.09384468024186e-16,0.518722128267417,0.981,0.927,6.54933271945093e-12,"1","Rpl27a"
4.11693956254921e-16,2.53922338434701,0.221,0.042,6.58627991216623e-12,"2","Fbln2"
4.19193684965296e-16,2.31500435505643,0.324,0.073,6.7062605720748e-12,"4","Kirrel2"
4.19224722515517e-16,1.63463825123227,0.366,0.076,6.70675711080324e-12,"5","Dcp2"
4.26550061076118e-16,1.12066857685431,0.572,0.264,6.82394787709574e-12,"1","Mapk13"
4.28162310208176e-16,1.86844606906871,0.344,0.07,6.8497406387104e-12,"5","Car9"
4.43126505661419e-16,1.16727517449466,0.828,0.352,7.08913783757138e-12,"5","Adk"
4.53785441947215e-16,0.49266932016773,1,1,7.25965950027154e-12,"4","Rpl10a"
4.68004692233895e-16,1.53914131227554,0.562,0.288,7.48713906635785e-12,"3","Card19"
5.22878321685391e-16,2.19399174338279,0.353,0.147,8.36500739032289e-12,"0","Tmbim1"
5.30259094308433e-16,1.50343115805478,0.437,0.174,8.48308499074631e-12,"1","Col9a1"
5.35395739923633e-16,5.26172090105067,0.2,0.007,8.56526104729828e-12,"6","Ptpro"
5.39382473129558e-16,1.63649364737433,0.433,0.17,8.62904080512668e-12,"1","Apoc1"
5.39432696212364e-16,0.922054373990059,0.858,0.756,8.6298442740054e-12,"3","Tmed10"
5.46728429196272e-16,1.99094660079259,0.269,0.043,8.74656141028196e-12,"5","Metrnl"
5.53892274987916e-16,2.4213087642602,0.219,0.047,8.86116861525668e-12,"1","Nr0b2"
5.58412355934638e-16,1.65291351478809,0.569,0.221,8.93348087024234e-12,"4","Pard3"
5.62312601795481e-16,1.92377430489784,0.358,0.114,8.9958770035241e-12,"3","Slc7a14"
6.15736049553127e-16,1.94230933650057,0.301,0.054,9.85054532075093e-12,"5","Morc4"
6.32910290209413e-16,2.00046276635521,0.312,0.107,1.01252988227702e-11,"0","Tcp11l2"
6.4442549162517e-16,1.3695613614259,0.556,0.252,1.03095190150195e-11,"3","Uchl1"
6.47981335344469e-16,0.71763388104941,0.62,0.27,1.03664054028408e-11,"2","Hap1"
6.52633299475733e-16,1.27773980787159,0.62,0.333,1.04408275250128e-11,"2","Exoc7"
6.65224142413075e-16,1.09137833489699,0.882,0.445,1.06422558303244e-11,"5","Lurap1l"
6.71181238461286e-16,1.16738075763226,0.688,0.225,1.07375574529036e-11,"5","Lamc1"
6.89761327909286e-16,2.27244238185314,0.251,0.064,1.10348017238928e-11,"1","Rab20"
7.15270195784573e-16,1.91438562187219,0.323,0.062,1.14428925921616e-11,"5","Gm16136"
7.1783101621578e-16,1.2732652017409,0.828,0.359,1.148386059742e-11,"5","Gar1"
7.25715315497047e-16,2.5320587857255,0.209,0.043,1.16099936173218e-11,"1","Eva1a"
7.2598693366657e-16,1.2790358278188,0.502,0.216,1.16143389647978e-11,"1","Eno1b"
7.55861413483665e-16,2.04678979701828,0.344,0.072,1.20922708929117e-11,"5","Ddit4l"
7.67549219041559e-16,0.423746152522745,1,1,1.22792524062269e-11,"4","Rpl23a"
7.67636969402502e-16,1.33694242194037,0.602,0.199,1.22806562365012e-11,"5","Trim47"
7.71311551538245e-16,1.10477458367798,0.651,0.361,1.23394422015088e-11,"1","Vps36"
7.7335051611381e-16,1.54589540303466,0.571,0.292,1.23720615567887e-11,"2","Tssc4"
7.7390112584914e-16,1.34634009779505,0.516,0.142,1.23808702113345e-11,"5","Pold3"
7.84141231582364e-16,1.35787776008386,0.616,0.429,1.25446914228547e-11,"0","2010107G23Rik"
8.14863419272507e-16,1.93979559301744,0.366,0.14,1.30361849815216e-11,"0","Pou3f4"
8.62825978119992e-16,1.73634820573823,0.344,0.069,1.38034899979636e-11,"5","Pole4"
9.15330604392932e-16,2.11919404732999,0.251,0.064,1.46434590090781e-11,"1","Dock1"
9.36517380723315e-16,1.30357240164979,0.685,0.449,1.49824050568116e-11,"3","Cd47"
9.44058170521413e-16,0.950880714398207,0.945,0.913,1.51030426120016e-11,"2","Calr"
9.44316825195029e-16,1.0244510980005,0.684,0.385,1.51071805694701e-11,"1","Acadl"
9.88617670173341e-16,1.37967566337411,0.436,0.148,1.58159054874331e-11,"2","Ncam1"
1.0352610424328e-15,0.396951633157833,1,0.988,1.65621061568399e-11,"1","Hmgn1"
1.07794143458928e-15,2.10710637784808,0.392,0.112,1.72449070705593e-11,"4","Gm42637"
1.11062297554088e-15,1.44886531471122,0.564,0.287,1.7767746362703e-11,"2","Gpd2"
1.1108933711218e-15,0.433217518362543,1,1,1.77720721512066e-11,"4","Rpl13"
1.1117836425651e-15,0.934408029420616,0.98,0.742,1.77863147137565e-11,"4","Btg2"
1.12587559721553e-15,1.19500641999901,0.624,0.191,1.8011757804254e-11,"5","Col9a1"
1.15659877306265e-15,0.742889547155776,0.92,0.794,1.85032671714562e-11,"2","Atp6v1e1"
1.19675228037541e-15,2.33755010500758,0.241,0.051,1.91456429814458e-11,"3","Kcnk3"
1.27063532102646e-15,3.4439601236757,0.5,0.056,2.03276238657813e-11,"6","Sez6l"
1.29580689340437e-15,2.55514532383309,0.205,0.042,2.07303186806831e-11,"1","9130008F23Rik"
1.34027571243818e-15,1.17216834241077,0.652,0.494,2.14417308475861e-11,"0","Ssbp3"
1.36463801748903e-15,1.19357499771815,0.925,0.588,2.18314790037895e-11,"5","Bub3"
1.41233432493003e-15,2.03742182895826,0.348,0.134,2.25945245302306e-11,"0","Gm43861"
1.41721259776037e-15,1.09082083502455,0.645,0.211,2.26725671389703e-11,"5","Zfp36l1"
1.43213228407678e-15,2.67588116885268,0.202,0.036,2.29112522806603e-11,"2","Tmem229b"
1.47462925402279e-15,1.39780601957447,0.452,0.114,2.35911188058566e-11,"5","Adgrg6"
1.49365652090366e-15,1.46284428713214,0.462,0.116,2.38955170214168e-11,"5","Slc25a13"
1.49609039287161e-15,0.547938490059273,0.963,0.93,2.39344541051601e-11,"2","Srp14"
1.53947401808907e-15,1.06736652229221,0.839,0.353,2.46285053413889e-11,"5","Kcnk1"
1.56538333319701e-15,1.76879725166201,0.387,0.091,2.50430025644857e-11,"5","Trip10"
1.59497656237163e-15,2.18405995219667,0.258,0.042,2.55164350448213e-11,"5","Cchcr1"
1.59774896034439e-15,1.53868155282098,0.441,0.112,2.55607878675895e-11,"5","Lifr"
1.60913359547974e-15,0.262597520680829,1,1,2.57429192604849e-11,"1","Rpl4"
1.61004502727616e-15,1.49648622348805,0.452,0.116,2.5757500346364e-11,"5","Sbspon"
1.61930753120468e-15,1.24116588669349,0.753,0.288,2.59056818842124e-11,"5","Mapk13"
1.62443826422928e-15,1.29603494510696,0.685,0.461,2.598776335114e-11,"3","Gde1"
1.63068238691456e-15,1.36321837008076,0.57,0.172,2.60876568258592e-11,"5","Nup43"
1.67316605767262e-15,1.04290018613626,0.806,0.317,2.67673105906466e-11,"5","Wfdc15b"
1.67455035863531e-15,2.61364197702528,0.204,0.026,2.67894566374476e-11,"5","Wdr76"
1.74259498924241e-15,0.809323515673653,0.742,0.354,2.78780346379001e-11,"2","Insm1"
1.74980364494278e-15,2.42504775881476,0.284,0.081,2.79933587117947e-11,"3","Dpp4"
1.81103412861994e-15,0.744512772990454,0.914,0.752,2.89729239896618e-11,"2","BC031181"
1.83431678040985e-15,1.64348457433115,0.344,0.115,2.93453998529967e-11,"1","Tenm4"
1.83533927775237e-15,0.528326089808673,0.972,0.885,2.93617577654824e-11,"1","Cd81"
1.83957661324484e-15,1.74334275734051,0.356,0.112,2.94295466586909e-11,"2","Ppm1l"
1.84557969775961e-15,1.2365342779787,0.502,0.217,2.95255840047583e-11,"1","Vgll4"
1.85232256962012e-15,1.35342426489501,0.559,0.166,2.96334564687828e-11,"5","Syne2"
1.88268065750886e-15,2.38235383686711,0.294,0.063,3.01191251588267e-11,"4","Serpina1b"
1.89411591369842e-15,1.38838543918003,0.581,0.185,3.03020663873473e-11,"5","Crip2"
1.94608576862702e-15,2.28077515842888,0.205,0.041,3.1133480126495e-11,"1","Fstl3"
1.99452722110561e-15,1.58289056063521,0.417,0.142,3.19084464832476e-11,"2","Gng4"
2.04885430091017e-15,1.65188969009536,0.448,0.179,3.27775711059609e-11,"2","C1qtnf4"
2.08682818882272e-15,1.62350241871162,0.376,0.085,3.33850773647858e-11,"5","G2e3"
2.10158916413622e-15,2.65190854126222,0.235,0.039,3.36212234478512e-11,"4","Pitpnm2"
2.13127873864294e-15,0.335078677346289,1,0.995,3.40961972608098e-11,"1","Rps25"
2.16107125060317e-15,2.24296489708952,0.256,0.069,3.45728178671496e-11,"1","Pygb"
2.24810045273209e-15,1.03749925158435,0.624,0.201,3.5965111042808e-11,"5","Dcdc2a"
2.25514271960378e-15,0.413950284108805,1,1,3.60777732282212e-11,"4","Rpl21"
2.2720504539324e-15,1.55892545928382,0.441,0.113,3.63482631620105e-11,"5","Elovl6"
2.38206035150978e-15,2.77081373018212,0.205,0.045,3.81082015034535e-11,"0","Igsf21"
2.54336511188046e-15,0.508633631447918,0.981,0.912,4.06887550598635e-11,"1","Tmbim6"
2.55185608312466e-15,0.834347802043667,0.957,0.42,4.08245936178284e-11,"5","Sparc"
2.67018516907985e-15,1.61831200175133,0.588,0.258,4.27176223349394e-11,"4","Prss8"
2.68218623759103e-15,2.29275051010379,0.228,0.047,4.29096154289812e-11,"3","Drc1"
2.74236577808625e-15,1.26405867857176,0.451,0.181,4.38723677178239e-11,"1","St14"
2.74695476362208e-15,0.773617390380776,0.957,0.655,4.3945782308426e-11,"5","Eif1ax"
2.77908711276171e-15,1.01700629258067,0.957,0.579,4.44598356299618e-11,"5","Nsmce4a"
2.83650023270523e-15,1.29232910033447,0.774,0.324,4.53783307228183e-11,"5","Tmem97"
2.83674409368582e-15,2.42023269471682,0.272,0.071,4.53822320107858e-11,"3","Slc7a2"
2.89298414142117e-15,1.24783883071777,0.536,0.313,4.62819602944559e-11,"0","Vps37a"
2.92495919468905e-15,1.38646562184992,0.488,0.212,4.67934971966355e-11,"3","Gnai1"
2.9969836154096e-15,1.58819835277221,0.388,0.163,4.79457438793228e-11,"0","Plcxd3"
3.05331517858334e-15,1.67746693536225,0.578,0.251,4.88469362269763e-11,"4","Mex3a"
3.11951168473266e-15,0.487787554156448,0.988,0.968,4.99059479323531e-11,"2","Edf1"
3.13682876430482e-15,1.42547274834811,0.657,0.29,5.01829865713486e-11,"4","Trp53i11"
3.23310713545384e-15,2.37092194101679,0.215,0.029,5.17232479529905e-11,"5","Atad5"
3.41605822753774e-15,0.841647479368739,0.951,0.794,5.46500995241487e-11,"4","Glrx3"
3.52441901396562e-15,1.17787335511329,0.785,0.312,5.6383655385422e-11,"5","Naa50"
3.53323865192625e-15,0.454684490347288,0.978,0.98,5.65247519535162e-11,"0","Pcbp2"
3.59999692056615e-15,1.24037662794705,0.667,0.239,5.75927507352172e-11,"5","Acat2"
3.62064629965961e-15,0.384050448116067,1,0.976,5.79230995019544e-11,"1","Eef1b2"
3.69890171665109e-15,1.68505576486357,0.419,0.106,5.91750296629842e-11,"5","Cdca7"
3.75750307609432e-15,0.622296295623889,0.972,0.882,6.0112534211357e-11,"1","Aldoa"
3.76535001364786e-15,1.06799215605641,0.882,0.51,6.02380695183384e-11,"5","Rpa3"
3.76945482061765e-15,1.19517579905426,0.509,0.202,6.03037382202411e-11,"2","Atp6v0e2"
3.76977680771285e-15,3.01284820336852,0.206,0.03,6.03088893697902e-11,"4","Kcnq4"
3.77729753609544e-15,3.33463298933107,0.6,0.088,6.04292059824548e-11,"6","Ppp1r14c"
3.79393784105234e-15,0.591919958539749,1,0.975,6.06954175811553e-11,"4","Rpl39"
3.83377631717406e-15,1.52145974122383,0.386,0.145,6.13327535221507e-11,"1","Bcl2l12"
3.87850232530845e-15,1.00721936651714,0.839,0.381,6.20482802002845e-11,"5","S100a10"
3.94110819497287e-15,1.95933934889133,0.527,0.184,6.30498489031759e-11,"5","Stmn1"
4.01013331290917e-15,0.929839747802415,0.946,0.625,6.41541127399209e-11,"5","Pa2g4"
4.02438177689876e-15,1.79357259454534,0.298,0.092,6.43820596668264e-11,"1","Dusp9"
4.1684473009807e-15,1.05280032683162,0.929,0.917,6.66868199210892e-11,"0","Tmsb4x"
4.41863503379291e-15,1.70989515362015,0.37,0.122,7.0689323270619e-11,"3","Pcsk2os1"
4.47371995664083e-15,0.650202773528133,0.957,0.924,7.15705718663401e-11,"2","Spcs2"
4.50114328180315e-15,0.515977755336176,0.994,0.961,7.20092902222868e-11,"2","Tceb2"
4.63309627525636e-15,0.578219332261892,0.938,0.915,7.41202742115512e-11,"0","2310036O22Rik"
4.66051435442541e-15,1.19384495026099,0.675,0.406,7.45589086420978e-11,"2","Rnase4"
4.70846372065767e-15,1.95435875218629,0.247,0.063,7.53260026030814e-11,"1","Col2a1"
4.71200281697118e-15,0.406260878265041,0.699,0.363,7.53826210659049e-11,"2","Lrpprc"
4.85926154641398e-15,0.837010123004828,0.852,0.645,7.77384662195309e-11,"3","Trappc2l"
4.89596201796588e-15,1.47618039403659,0.419,0.168,7.83256003634182e-11,"1","Pvrl2"
4.89983472263425e-15,0.997298213608258,0.675,0.332,7.83875558927027e-11,"2","Akr1c13"
4.99854898255169e-15,1.26145989569257,0.581,0.181,7.99667866228619e-11,"5","Gnl3"
5.04211952884612e-15,1.33761578933939,0.522,0.309,8.06638282224803e-11,"0","Gse1"
5.23912024458141e-15,1.19184359114416,0.753,0.296,8.38154456728134e-11,"5","Ndufaf2"
5.30260936437406e-15,0.334634319157554,1,1,8.48311446112562e-11,"4","Rps3a1"
5.38371953086138e-15,1.75327770587795,0.461,0.146,8.61287450547204e-11,"4","Sult2b1"
5.46152330097079e-15,0.887015664380565,0.786,0.695,8.73734497689307e-11,"0","Ppp1r14b"
5.47321001286309e-15,1.23799504114248,0.72,0.263,8.75604137857836e-11,"5","Rfc1"
5.5501015058788e-15,0.750397484877926,1,0.765,8.8790523891049e-11,"5","U2af1"
5.60389868570984e-15,1.51281181627008,0.466,0.2,8.9651171173986e-11,"2","Pkp4"
5.66596277583096e-15,1.20051490534646,0.902,0.64,9.06440724877436e-11,"4","Eva1b"
5.79300037211198e-15,2.41160584164902,0.219,0.051,9.26764199530475e-11,"1","Fras1"
5.95328516150136e-15,0.409605454840688,1,1,9.52406560136987e-11,"5","Rpl7"
6.0826368062035e-15,1.01303854797221,0.736,0.46,9.73100236256436e-11,"2","Sepp1"
6.13261614119978e-15,1.30337586528078,0.495,0.135,9.81095930269141e-11,"5","Me2"
6.17231136947459e-15,1.35862986280707,0.398,0.094,9.87446372888545e-11,"5","Acot7"
6.45185245258894e-15,1.12375042912234,0.567,0.27,1.03216735536518e-10,"1","Mrps25"
6.50469772628162e-15,0.331728616345051,1,1,1.04062154225053e-10,"5","Rpl41"
6.54910792758864e-15,1.28754206469656,0.796,0.415,1.04772628625563e-10,"5","Ppil1"
6.83712353929299e-15,1.97642916216032,0.276,0.07,1.09380302381609e-10,"2","Kctd12b"
6.86261519067706e-15,0.631108754087288,0.944,0.751,1.09788117820452e-10,"1","Mpc2"
7.02891823596977e-15,0.651241784282593,0.908,0.696,1.12448633939044e-10,"2","Mid1ip1"
7.17222392711443e-15,1.42023089324612,0.456,0.192,1.14741238385977e-10,"1","Cdo1"
7.29963298856385e-15,1.50039094130582,0.419,0.102,1.16779528551044e-10,"5","Ppat"
7.70286850331991e-15,2.47535207764458,0.202,0.038,1.23230490316112e-10,"2","Gm15706"
7.72088435396708e-15,1.53721192240786,0.376,0.086,1.23518707894765e-10,"5","Tamm41"
8.09543536848414e-15,1.26696855685078,0.562,0.268,1.29510775025009e-10,"3","Pnmal2"
8.46827510251804e-15,1.49214050798507,0.495,0.141,1.35475465090084e-10,"5","Slc25a10"
8.54273127621457e-15,1.09909808809281,0.688,0.389,1.36666614956881e-10,"1","Gstm1"
8.5470569296536e-15,0.731241078096284,1,0.744,1.36735816760598e-10,"5","Idh2"
8.63992343808738e-15,1.81685724929968,0.258,0.043,1.38221495162522e-10,"5","Suv39h1"
8.69022578471623e-15,1.62946902685703,0.344,0.072,1.3902623210389e-10,"5","Ncapd3"
8.70234645172081e-15,1.92640918358955,0.258,0.043,1.3922013853463e-10,"5","Vdac3-ps1"
8.81415102662024e-15,1.22466271203603,0.748,0.55,1.41008788123871e-10,"2","Guk1"
8.85028201868803e-15,0.401072078496269,1,1,1.41586811734971e-10,"4","Rpl3"
9.07380560414999e-15,0.888335632579873,0.712,0.423,1.45162742055191e-10,"1","Grb7"
9.11288961548228e-15,1.99641186522214,0.245,0.055,1.45788008068486e-10,"2","Cfap77"
9.21885989104558e-15,0.379294466961242,1,1,1.47483320536947e-10,"4","Rpl11"
9.57945060159768e-15,1.45652050741206,0.409,0.099,1.5325205072436e-10,"5","Dnaaf2"
9.64858603411054e-15,1.31278658796228,0.663,0.411,1.543580793737e-10,"2","Chchd10"
9.69517849967055e-15,2.82512828373636,0.216,0.034,1.5510346563773e-10,"4","Tekt1"
9.82308291122702e-15,1.43915606269725,0.72,0.306,1.5714968041381e-10,"5","Aldh1b1"
9.94678201643808e-15,1.25887125270427,0.538,0.156,1.59128618698976e-10,"5","Myh10"
9.97032326449708e-15,1.24520391317987,0.613,0.325,1.59505231585424e-10,"2","Ankrd54"
1.01703881798329e-14,1.60382479476603,0.521,0.262,1.62705870100967e-10,"2","Dnajb9"
1.02526570705279e-14,2.26574197504888,0.219,0.051,1.64022007814305e-10,"1","Slc44a2"
1.06353190116049e-14,1.82817699781641,0.323,0.067,1.70143833547655e-10,"5","Mgme1"
1.06928977348498e-14,1.68519970734588,0.316,0.105,1.71064977962128e-10,"1","Nr5a2"
1.1147151451583e-14,0.591849727541373,1,0.938,1.78332128922425e-10,"5","Snrpb"
1.13168356707599e-14,0.583393902130014,1,0.99,1.81046737060817e-10,"4","Rpl12"
1.1344284106203e-14,1.37434886334871,0.506,0.222,1.81485857131036e-10,"3","Mapk15"
1.14922189031528e-14,1.20837496816663,0.585,0.409,1.83852518012639e-10,"0","Cbfb"
1.19261454044481e-14,0.931611945666683,0.74,0.442,1.90794474180361e-10,"1","Ech1"
1.22205787482351e-14,1.84229318104943,0.302,0.093,1.95504818814265e-10,"1","Cmtm3"
1.2240557083766e-14,1.40673947083525,0.591,0.208,1.95824432226088e-10,"5","Ldhb"
1.22843212650406e-14,1.38628156270866,0.735,0.426,1.96524571598119e-10,"4","Acaa2"
1.30548910596405e-14,2.97715202331459,0.206,0.032,2.08852147172129e-10,"4","Dhrs3"
1.33942902245429e-14,2.23942758162713,0.209,0.046,2.14281855012237e-10,"1","Hif3a"
1.35726325996459e-14,0.497384381034996,0.973,0.95,2.17134976329136e-10,"0","Selk"
1.36433344721046e-14,1.36407162793148,0.571,0.375,2.18266064884729e-10,"0","St3gal6"
1.37487193359186e-14,1.39825032009775,0.462,0.123,2.19952011936026e-10,"5","Ide"
1.38761876632264e-14,2.2950683628061,0.228,0.058,2.21991250236295e-10,"1","Rgma"
1.38810344985993e-14,0.997929736529129,0.791,0.629,2.22068789908592e-10,"2","Rpn1"
1.39996102405036e-14,1.144583052586,0.731,0.269,2.23965764627576e-10,"5","Itgb3bp"
1.41792093010587e-14,1.79180031273202,0.28,0.051,2.26838990398338e-10,"5","Tmem110"
1.49970627558062e-14,0.492127002559585,1,0.986,2.39923009967387e-10,"5","Rpl35"
1.50362906815656e-14,1.67813184608312,0.376,0.089,2.40550578323686e-10,"5","Pgk1"
1.54224573753242e-14,1.69734810528568,0.355,0.08,2.46728473090436e-10,"5","Slc20a2"
1.55883167419861e-14,2.37631653657435,0.214,0.051,2.49381891238294e-10,"1","Gm16136"
1.56272584531955e-14,1.4603514929263,0.462,0.125,2.50004880734222e-10,"5","Sept9"
1.62387969554885e-14,2.14670172455819,0.237,0.037,2.59788273693905e-10,"5","Fkbp10"
1.62526149353199e-14,1.1075481425626,0.437,0.17,2.60009333735248e-10,"1","Gins2"
1.68486348372609e-14,1.25757886301672,0.456,0.192,2.695444601265e-10,"1","Thra"
1.71256762222027e-14,1.13713593082563,0.488,0.209,2.73976568202799e-10,"1","Nme4"
1.76805802569827e-14,2.4714651506965,0.272,0.087,2.82853922951209e-10,"0","Upk3bl"
1.77198706540332e-14,1.28210580328752,0.488,0.223,2.83482490723224e-10,"1","Idh1"
1.90814065287996e-14,1.16587684713344,0.567,0.292,3.05264341647736e-10,"1","Aldh7a1"
1.9863789746199e-14,0.38378507618836,1,0.998,3.17780908359691e-10,"5","Rplp2"
1.98706031445798e-14,2.2583334341426,0.48,0.18,3.17889909106988e-10,"4","Ass1"
2.07179368074625e-14,0.365653823416102,1,0.999,3.31445553045785e-10,"1","Rps27"
2.10189967859574e-14,0.753948364884681,0.821,0.76,3.36261910581747e-10,"0","Rab7"
2.14284395171304e-14,2.35377123961955,0.235,0.041,3.42812175395052e-10,"4","Notum"
2.26272753680655e-14,0.424401494212602,0.987,0.98,3.61991151338312e-10,"0","Btf3"
2.34013287717448e-14,0.534245143682094,0.972,0.848,3.74374457690373e-10,"1","Bag1"
2.3658831725964e-14,2.2317089557041,0.233,0.06,3.78493989951972e-10,"1","Smarcd3"
2.47544874612612e-14,0.290740594713424,1,1,3.96022290405257e-10,"1","Rpl34"
2.49730352789676e-14,0.473743922912193,0.989,0.988,3.99518618392924e-10,"5","Hint1"
2.51262525617068e-14,0.671542401846418,0.957,0.897,4.01969788482186e-10,"2","Rpl36al"
2.54659639177471e-14,1.41220492128029,0.419,0.107,4.07404490756118e-10,"5","Nfia"
2.61678152656591e-14,2.07428549345767,0.363,0.099,4.18632708620015e-10,"4","Tcf20"
2.65711740092157e-14,1.90456017342639,0.312,0.121,4.25085641799432e-10,"0","Maff"
2.67135179062056e-14,1.05098741566869,0.586,0.287,4.27362859463478e-10,"1","Arrdc1"
2.69269904933458e-14,0.835401779115894,0.852,0.616,4.30777993912546e-10,"3","Ubl3"
2.75042819184287e-14,0.35210284830638,1,1,4.40013502131022e-10,"4","Rpl9"
2.82136696857203e-14,1.47861709000426,0.401,0.146,4.51362287632154e-10,"3","Gng4"
2.83304175100763e-14,1.91097527877092,0.269,0.05,4.53230019326201e-10,"5","Abcc3"
2.83978522392696e-14,1.17582768554839,0.456,0.188,4.54308840123835e-10,"1","Amotl1"
3.06641243898858e-14,1.57627694204906,0.323,0.068,4.90564661989393e-10,"5","Etv6"
3.06866829087721e-14,1.39999403838242,0.441,0.12,4.90925553174537e-10,"5","Chadl"
3.06917826328615e-14,0.742121912692366,1,0.837,4.91007138560519e-10,"5","Lsm4"
3.11840273588109e-14,0.870877434749865,0.834,0.635,4.98882069686257e-10,"2","Tusc3"
3.12088230022254e-14,1.39030843101129,0.451,0.2,4.99278750389601e-10,"1","Ncald"
3.13708507479039e-14,0.48562667629838,1,1,5.01870870264967e-10,"2","Malat1"
3.16072100565938e-14,0.414768220897502,1,1,5.05652146485387e-10,"5","Rpl17"
3.18826509162202e-14,2.42708285911452,0.304,0.111,5.10058649357691e-10,"0","Igfbp2"
3.24295240510168e-14,1.67437415518046,0.298,0.093,5.18807525768167e-10,"1","Fam171a2"
3.3110779847101e-14,0.720053509732363,0.814,0.488,5.29706255993921e-10,"1","Cks1b"
3.42702319388826e-14,0.890265752129621,0.731,0.275,5.48255170558244e-10,"5","Capg"
3.4546413687461e-14,1.66566983643312,0.333,0.073,5.52673526172002e-10,"5","Smarcd3"
3.61028654179501e-14,1.88396530449693,0.288,0.092,5.77573640956365e-10,"1","Aif1l"
3.68278894687528e-14,0.505909402129145,1,0.98,5.89172575721107e-10,"5","Eef1b2"
3.74669478343373e-14,0.642588378873413,1,0.868,5.99396231453727e-10,"5","Txn1"
3.80854220043276e-14,0.438818095090593,1,0.979,6.09290581225234e-10,"2","Dynll1"
3.94618411299453e-14,1.42600535917206,0.391,0.149,6.31310534396864e-10,"1","Slc39a10"
3.9906295551076e-14,0.52185648487416,0.977,0.836,6.38420916226114e-10,"1","Rpl31"
4.1352415049191e-14,1.28242108644321,0.436,0.163,6.61555935956957e-10,"2","Camk2b"
4.15241556031934e-14,1.19195081397136,0.632,0.375,6.64303441339888e-10,"2","Edem2"
4.16410019453429e-14,1.44265181745488,0.405,0.168,6.66172749121595e-10,"1","Cmtm7"
4.2045339193303e-14,1.7240968810665,0.333,0.074,6.72641336414462e-10,"5","Stard4"
4.22145988904555e-14,1.53226127688753,0.466,0.201,6.75349153049507e-10,"2","Cib2"
4.26750137656372e-14,0.860630613699989,0.728,0.559,6.82714870222663e-10,"0","Tprgl"
4.28200324207917e-14,2.04539745835726,0.461,0.163,6.85034878667826e-10,"4","Emid1"
4.58968548363576e-14,1.93462460376335,0.247,0.042,7.34257883672049e-10,"5","Entpd6"
4.64623576065443e-14,1.51296367155234,0.302,0.097,7.43304796989497e-10,"1","Cdt1"
4.67174464268937e-14,1.94687892930344,0.363,0.101,7.47385707937446e-10,"4","Fstl1"
4.86939003445691e-14,0.406581516771455,1,1,7.79005017712417e-10,"4","Rps15a"
5.09249572592987e-14,1.54680572862331,0.409,0.106,8.14697466234261e-10,"5","Aif1l"
5.30504388027153e-14,1.34491165903135,0.676,0.327,8.4870091996584e-10,"4","Wfdc15b"
5.36532121198401e-14,1.68448027034153,0.539,0.225,8.58344087493202e-10,"4","Tmem51"
5.47513228548789e-14,1.04735032936567,0.43,0.108,8.75911663032353e-10,"5","Ndc1"
5.52602538859383e-14,1.57494061986059,0.98,0.912,8.84053541667241e-10,"4","Tmsb4x"
5.5762378777527e-14,0.942406620491544,0.679,0.351,8.92086535682878e-10,"3","Mapre3"
5.76571986324357e-14,0.949969220860111,0.544,0.253,9.22399863721706e-10,"1","Mfge8"
6.19593779384779e-14,0.488092154877429,1,0.966,9.91226128259769e-10,"2","Slc25a4"
6.21952946343913e-14,1.16714846082951,0.683,0.552,9.95000323560992e-10,"0","Npepl1"
6.55311488697208e-14,1.0708906362146,0.623,0.339,1.04836731961779e-09,"3","Klhdc8b"
6.59594947012701e-14,0.986372207212236,0.693,0.407,1.05521999623092e-09,"1","Wapl"
6.68973293408893e-14,0.651131006147823,1,0.872,1.07022347479555e-09,"5","Set"
6.84490314613243e-14,0.603564421869912,0.969,0.909,1.09504760531827e-09,"3","Morf4l2"
6.9237017989686e-14,0.527165350508905,0.96,0.938,1.107653813799e-09,"0","2700060E02Rik"
7.27931320580652e-14,1.28861090254175,0.794,0.477,1.16454452666493e-09,"4","Casp6"
7.37286843154279e-14,1.48755540152141,0.356,0.116,1.17951149167822e-09,"2","Rai2"
7.39997644534244e-14,2.39265688609199,0.246,0.075,1.18384823172588e-09,"0","Lhx1os"
7.43050102940348e-14,1.37068546213863,0.414,0.17,1.18873155468397e-09,"1","Aamdc"
7.53571332202293e-14,0.73187186829966,0.98,0.964,1.20556341725723e-09,"4","Tecr"
7.58642023659022e-14,1.48011181735282,0.409,0.105,1.2136755094497e-09,"5","Lrrc16a"
7.667256726992e-14,1.87117022491851,0.414,0.168,1.22660773118418e-09,"3","Cxxc4"
7.77441130750578e-14,1.07156355900299,0.72,0.277,1.24375032097477e-09,"5","Ctsh"
7.81573116049727e-14,2.01409628870286,0.251,0.071,1.25036067105635e-09,"1","Smo"
7.94143974606058e-14,0.492568626407763,0.994,0.963,1.27047153057477e-09,"2","Cst3"
7.97614305209805e-14,0.988928897107767,0.572,0.272,1.27602336547465e-09,"1","Dtymk"
8.03696987421367e-14,0.910244217135212,0.957,0.588,1.2857544404767e-09,"5","Sptssa"
8.04464175033555e-14,0.890507409302027,0.968,0.657,1.28698178721868e-09,"5","Trim28"
8.12177385725625e-14,0.674642952543732,0.898,0.657,1.29932138168386e-09,"1","Pafah1b3"
8.22581727830443e-14,1.71639906669881,0.293,0.093,1.31596624818314e-09,"1","Gnpda1"
8.26035680881071e-14,1.6233606550765,0.321,0.114,1.32149188227354e-09,"1","Net1"
8.29632935794284e-14,0.952282060127948,0.699,0.403,1.3272467706837e-09,"2","Ndn"
8.33383175944472e-14,1.56646704636445,0.372,0.147,1.33324640487597e-09,"1","Gstt2"
8.82094657175206e-14,1.66009199451542,0.357,0.152,1.41117503254889e-09,"0","Stxbp1"
8.91681037964794e-14,1.14308708461881,0.585,0.356,1.42651132453608e-09,"0","Hepacam2"
9.04402133217253e-14,0.372945173249936,1,1,1.44686253272096e-09,"4","Rps2"
9.23557378939821e-14,0.451832742891885,0.981,0.933,1.47750709482793e-09,"1","Atp5o"
9.27645496210563e-14,3.22332375640836,1,0.635,1.48404726483766e-09,"6","Rbp4"
9.38219952418158e-14,1.01690998842683,0.616,0.423,1.50096427987857e-09,"0","2310022B05Rik"
9.58977408418082e-14,2.18809260104223,0.247,0.044,1.53417205798725e-09,"5","Rnf144a"
9.72133918080243e-14,1.0081087674634,0.548,0.169,1.55521984214477e-09,"5","Serpinf1"
9.94776958554008e-14,0.337787558590133,1,0.99,1.5914441782947e-09,"1","Rpl5"
1.00886813973399e-13,2.06563027917499,0.215,0.033,1.61398724994644e-09,"5","Plekhg2"
1.0089236347027e-13,0.656624502739725,0.961,0.913,1.61407603079739e-09,"4","Calr"
1.02022198931373e-13,1.48664604393966,0.569,0.225,1.63215113850411e-09,"4","Tecpr1"
1.04948564179593e-13,1.23540408926936,0.409,0.16,1.67896712974513e-09,"1","Prmt3"
1.05344154329582e-13,1.67084061425944,0.387,0.143,1.68529578096465e-09,"2","Nav1"
1.05362733829506e-13,0.411932301178088,1,1,1.68559301580444e-09,"4","Rpl23"
1.05409967733205e-13,1.87084547617468,0.352,0.13,1.68634866379582e-09,"3","Zim1"
1.0590535322538e-13,1.00613238359197,0.828,0.379,1.69427384089963e-09,"5","Slc9a3r1"
1.06813227646803e-13,0.930636284989661,0.877,0.761,1.70879801589355e-09,"3","Pgrmc1"
1.0771159371068e-13,1.58273437070425,0.448,0.19,1.72317007618345e-09,"2","Zfp516"
1.10416783567435e-13,1.8007976438238,0.313,0.097,1.76644770351182e-09,"2","BC022687"
1.12061439908343e-13,0.706092465987378,0.942,0.823,1.79275891565368e-09,"0","Jun"
1.14532605289408e-13,2.14839152602075,0.202,0.04,1.83229261941995e-09,"2","Dlg4"
1.16280217093392e-13,0.544778575115458,0.963,0.896,1.86025091306008e-09,"3","Smdt1"
1.1731207690186e-13,1.77292870459252,0.339,0.143,1.87675860627595e-09,"0","Pclo"
1.19970861715247e-13,1.94271023872377,0.247,0.043,1.91929384572053e-09,"5","Ccdc102a"
1.20180118818885e-13,1.79510533251138,0.539,0.234,1.92264154086452e-09,"4","Fam110a"
1.22629514579085e-13,1.5322889024135,0.316,0.107,1.9618269742362e-09,"1","Fam132a"
1.26294842590597e-13,0.805353124212287,0.989,0.742,2.02046489176437e-09,"5","Tagln2"
1.31315546353015e-13,1.05317511996757,0.882,0.427,2.10078611055553e-09,"5","Rangap1"
1.32092067272546e-13,0.876536806247189,0.785,0.588,2.11320889222619e-09,"2","Cycs"
1.3273080090295e-13,1.70029540654297,0.302,0.091,2.12342735284539e-09,"3","Ripply3"
1.37791199246349e-13,1.72621582924836,0.301,0.063,2.20438360554309e-09,"5","Adamts9"
1.40963724394221e-13,0.827842798752495,0.558,0.272,2.25513766285875e-09,"1","Cited1"
1.41050808619716e-13,0.449891097898443,1,1,2.25653083629821e-09,"4","Rpsa"
1.44143783540073e-13,0.388582557964037,1,1,2.30601224907409e-09,"5","Rpl3"
1.44988316945335e-13,0.961892071352677,0.66,0.376,2.31952309449146e-09,"1","Arpc1b"
1.45255638892095e-13,1.2724880812047,0.473,0.134,2.32379971099574e-09,"5","Pacsin2"
1.45753735379766e-13,1.6200051413842,0.335,0.124,2.33176825860549e-09,"1","Snhg18"
1.47334066413028e-13,1.20321609387541,0.57,0.19,2.35705039447562e-09,"5","4931406C07Rik"
1.47870369712395e-13,1.05080286219763,0.699,0.272,2.36563017465889e-09,"5","S100a16"
1.49778577384831e-13,1.40545138387634,0.313,0.089,2.39615768100253e-09,"2","Gatsl2"
1.50347673459174e-13,0.522040246339234,0.975,0.961,2.40526207999987e-09,"2","Maged1"
1.52800796950263e-13,1.85073009276883,0.286,0.102,2.4445071496103e-09,"0","Tbc1d9"
1.55097733098964e-13,1.39676253670544,0.409,0.108,2.48125353411723e-09,"5","Mthfd2"
1.57234708231009e-13,1.76601150007109,0.393,0.157,2.51544086227969e-09,"2","Plpp5"
1.57897157204187e-13,1.48032555829784,0.446,0.249,2.52603872095258e-09,"0","Fam213b"
1.58093539378579e-13,0.961829400727375,0.679,0.36,2.52918044297851e-09,"1","Enah"
1.59135718507945e-13,1.19561305019832,0.656,0.239,2.5458532246901e-09,"5","Eno1b"
1.59157142793125e-13,1.03180088574937,0.796,0.33,2.54619597040441e-09,"5","Gemin6"
1.59290325291859e-13,0.513663388419717,1,0.986,2.54832662401915e-09,"5","Eif5a"
1.62159505133513e-13,0.906357814287059,0.989,0.655,2.59422776312595e-09,"5","Mrpl18"
1.62352672639687e-13,1.86844338605697,0.28,0.056,2.59731805688971e-09,"5","9130008F23Rik"
1.624276291573e-13,0.862437257785238,0.968,0.656,2.59851721125848e-09,"5","Mrpl42"
1.70436817190518e-13,0.557180412319052,0.988,0.875,2.7266482014139e-09,"2","S100a11"
1.70872504660257e-13,1.754471170811,0.258,0.047,2.73361832955478e-09,"5","Blm"
1.80543529068089e-13,0.871503756694075,0.667,0.228,2.88833537803128e-09,"5","Tgm2"
1.82345100748673e-13,1.20553581266862,0.409,0.104,2.91715692177727e-09,"5","Nrp1"
1.84634162811611e-13,0.993693897019782,0.603,0.43,2.95377733666015e-09,"0","Hbp1"
1.85679341896719e-13,0.501718265665301,0.969,0.912,2.9704981116637e-09,"2","Ubl5"
1.86356722887711e-13,2.04953771206471,0.226,0.037,2.9813348527576e-09,"5","Mlf1"
1.87563890260484e-13,0.409306170635898,1,0.999,3.00064711638723e-09,"5","Rpl7a"
1.92588701719855e-13,0.876631916569869,0.834,0.65,3.08103405011424e-09,"2","Lamtor4"
1.9374305623517e-13,0.840502917433839,0.732,0.632,3.09950141365025e-09,"0","Ppp1r11"
1.97479506062839e-13,1.82781897950227,0.352,0.13,3.1592771379933e-09,"3","Cers6"
2.00563973758484e-13,2.12599995764871,0.214,0.054,3.20862245218822e-09,"1","Efna1"
2.04186325650831e-13,0.913868095581533,0.925,0.573,3.26657283776199e-09,"5","Rbmxl1"
2.08795082609745e-13,0.667515348061412,0.893,0.874,3.34030373159071e-09,"0","Elof1"
2.09736775410603e-13,1.1994505540159,0.755,0.439,3.35536893301883e-09,"4","2010107G23Rik"
2.1035677170494e-13,1.75864057247269,0.376,0.099,3.36528763373563e-09,"5","Akr1cl"
2.14073767840995e-13,0.553824578449177,0.957,0.928,3.42475213792023e-09,"2","Coa3"
2.15609598336583e-13,1.13828463583435,0.515,0.224,3.44932235418866e-09,"2","Ppp2r5b"
2.19236410690151e-13,0.342310253238336,1,1,3.50734409822104e-09,"4","Rpl6"
2.20148191060629e-13,0.859065717130575,0.67,0.494,3.52193076058795e-09,"0","Dync1i2"
2.24081345196328e-13,1.22194212752659,0.516,0.159,3.58485336045085e-09,"5","Gpt2"
2.2445970078876e-13,2.18768430837264,0.216,0.049,3.59090629321858e-09,"3","Sult1d1"
2.32475380435917e-13,0.371713653066113,1,1,3.71914113621381e-09,"5","Rps15a"
2.33690798313054e-13,2.15431386669256,0.223,0.059,3.73858539141224e-09,"1","Kcne1l"
2.37865099528902e-13,1.21353659911989,0.423,0.173,3.80536586226337e-09,"1","Hdac11"
2.41182176578359e-13,1.16727179601776,0.452,0.124,3.85843246090058e-09,"5","Plod2"
2.45792043655786e-13,0.708470361917139,0.833,0.529,3.93218111440527e-09,"1","Paics"
2.46864314361508e-13,0.416397324031825,1,1,3.9493353011554e-09,"4","Rps8"
2.47190821029551e-13,2.41549108673075,0.235,0.046,3.95455875483076e-09,"4","A330009N23Rik"
2.52654060480834e-13,0.838648727398392,0.798,0.607,4.04195965957238e-09,"2","Znhit1"
2.53529054883793e-13,1.95871442310374,0.228,0.064,4.05595782003093e-09,"0","Neurod1"
2.79756207631877e-13,1.61448989176778,0.629,0.531,4.47553980969477e-09,"0","Cldn4"
2.82484679704965e-13,1.71772255331333,0.269,0.052,4.51918990592004e-09,"5","Plek2"
2.84458591433176e-13,1.41888460171908,0.43,0.119,4.55076854574795e-09,"5","Tcof1"
2.85064628076491e-13,0.939806307221493,0.925,0.561,4.5604639199677e-09,"5","Paics"
2.85525233496706e-13,1.14360343329651,0.586,0.289,4.5678326854803e-09,"3","Rundc3a"
2.86078764077167e-13,1.04191486783137,0.638,0.391,4.57668806770651e-09,"0","Pax6"
2.88934376028749e-13,1.07115661492464,0.946,0.629,4.62237214770793e-09,"5","Tubb4b"
2.91911094114279e-13,1.33873123972958,0.484,0.14,4.66999368364023e-09,"5","Uxs1"
2.9656811331837e-13,0.602858220736247,0.89,0.678,4.74449667686728e-09,"2","Gars"
3.03306366424069e-13,1.29077857188096,0.581,0.204,4.85229525005225e-09,"5","St14"
3.03352217663401e-13,1.38187781818143,0.362,0.154,4.85302877817909e-09,"0","Rimbp2"
3.03569178788604e-13,2.02054581008843,0.722,0.568,4.85649972226009e-09,"3","Maged2"
3.04302635210883e-13,0.96060044528026,0.828,0.383,4.8682335581037e-09,"5","Spr"
3.09231024252593e-13,0.856065606787005,0.84,0.599,4.94707792599297e-09,"2","Atp6v0d1"
3.34998767224385e-13,1.57775087611995,0.293,0.098,5.3593102780557e-09,"1","Slc2a2"
3.39156518863029e-13,1.54075036447673,0.569,0.265,5.42582598877074e-09,"4","Wsb1"
3.40776609061954e-13,1.16814475848826,0.498,0.242,5.45174419177314e-09,"1","Gsto1"
3.54426596434283e-13,1.84200313869101,0.301,0.068,5.67011668975566e-09,"5","Vnn1"
3.59548614819749e-13,1.09978733901855,0.585,0.425,5.75205873988634e-09,"0","Eif2b2"
3.59798634502413e-13,1.73466120106146,0.355,0.089,5.75605855476961e-09,"5","Alg8"
3.62267325010051e-13,1.4323038189435,0.387,0.103,5.7955526655108e-09,"5","Elf5"
3.65399676402203e-13,1.13548410658215,0.559,0.179,5.84566402308244e-09,"5","Ppih"
3.71173420870859e-13,1.25558896944371,0.452,0.13,5.93803238709201e-09,"5","Gstm2"
3.88576230448737e-13,2.09027119906458,0.621,0.464,6.2164425347189e-09,"0","Chgb"
3.9484608360487e-13,0.539192489893991,0.988,0.918,6.31674764551072e-09,"2","Timm13"
3.99962074506711e-13,0.650698912700386,0.989,0.667,6.39859326795836e-09,"5","Hsd17b10"
4.10595065211926e-13,1.02013642825196,0.521,0.229,6.56869985326039e-09,"2","Ica1"
4.32364022038111e-13,1.35991738214681,0.696,0.387,6.9169596245657e-09,"4","Plgrkt"
4.33235603107354e-13,1.50380562142506,0.485,0.23,6.93090317851144e-09,"2","Gfpt1"
4.37249546635133e-13,1.95428330720393,0.242,0.071,6.99511824706886e-09,"1","2200002J24Rik"
4.43014073104375e-13,0.379289212071593,1,1,7.0873391415238e-09,"5","Rps7"
4.45209214757836e-13,0.334801445532153,1,1,7.12245701769585e-09,"4","Rps27a"
4.47224860200247e-13,1.01684283433897,0.902,0.694,7.15470331348355e-09,"4","Ppp1r14b"
4.59911342092548e-13,1.57461883615042,0.588,0.276,7.35766165079658e-09,"4","Ddit4"
4.59958368956444e-13,1.0555091331128,0.576,0.355,7.35841398656519e-09,"0","Mapre3"
4.60995675021814e-13,1.35511207904256,0.482,0.282,7.37500880899898e-09,"0","Trp53i11"
4.66223543878058e-13,1.13397061734822,0.667,0.406,7.45864425496117e-09,"3","Hist1h1c"
4.80449741027925e-13,1.93777400211911,0.259,0.073,7.68623495696474e-09,"3","Unc80"
4.96861674188853e-13,0.98512913106635,0.763,0.29,7.94879306367327e-09,"5","Aimp2"
5.07956576214383e-13,1.00706511022084,0.718,0.487,8.1262893062777e-09,"2","Xbp1"
5.36799176079518e-13,1.67730909214559,0.27,0.082,8.58771321892012e-09,"1","Nrarp"
5.41804061255781e-13,2.04562092280469,0.204,0.032,8.66778137196998e-09,"5","Sfmbt1"
5.46486792033261e-13,1.38584759626469,0.495,0.152,8.74269569894811e-09,"5","Ctps"
5.67202307862012e-13,1.20761784343003,0.488,0.236,9.07410252117647e-09,"1","Hddc2"
5.80995121302174e-13,0.815889110437672,0.759,0.636,9.29475995059217e-09,"0","Hnrnpdl"
5.83746772968572e-13,1.85300663631944,0.269,0.054,9.33878087395122e-09,"5","Timp1"
5.89249987733817e-13,0.529848683059467,1,0.949,9.42682130376561e-09,"5","Cdk4"
5.92934075729473e-13,0.825409838283369,0.804,0.534,9.48575934352011e-09,"2","Cplx2"
5.96156158130048e-13,0.725692926304128,0.777,0.619,9.53730621776451e-09,"0","Ubl3"
6.02741579491488e-13,3.13139431446858,0.5,0.068,9.64265978870482e-09,"6","Sult1d1"
6.09998604338338e-13,1.83428111288311,0.226,0.038,9.75875767220473e-09,"5","Cit"
6.2505127623525e-13,0.544341108559055,0.935,0.8,9.99957031721153e-09,"1","Hdgf"
6.33168430555088e-13,0.37520077661276,1,1,1.01294285520203e-08,"4","Rps10"
6.3356505224741e-13,1.43745599908136,0.358,0.141,1.01357737058541e-08,"1","Snx7"
6.43966381530006e-13,2.13712813408993,0.209,0.054,1.0302174171717e-08,"1","Rhbdf1"
6.51648905308355e-13,1.02073238210002,0.613,0.208,1.04250791871231e-08,"5","Gpx8"
6.58460180937192e-13,1.17952370885569,0.562,0.271,1.05340459746332e-08,"3","Lrp11"
6.6035613466985e-13,0.961311600854038,0.802,0.612,1.05643774424483e-08,"3","Emb"
6.65965811164168e-13,0.47833238837597,0.972,0.835,1.06541210470044e-08,"1","Pfdn1"
6.77078542964945e-13,0.396957554652707,1,0.991,1.08319025303532e-08,"2","Ngfrap1"
6.77440991113915e-13,1.82964868055435,0.29,0.088,1.08377009758404e-08,"3","Slc30a8"
6.8896615399144e-13,1.21218066278258,0.567,0.379,1.10220805315551e-08,"0","Foxa3"
7.03792509019779e-13,0.397422463695297,1,1,1.12592725592984e-08,"5","Rpl28"
7.18596144440947e-13,0.728884229105854,0.852,0.75,1.14961011187663e-08,"3","Sdf4"
7.20040653908217e-13,0.766996895577005,0.617,0.294,1.15192103812237e-08,"3","Pak3"
7.2044545090621e-13,1.49970546431821,0.512,0.259,1.15256863235975e-08,"3","Parm1"
7.27542429403942e-13,1.03981437270094,0.613,0.213,1.16392237856043e-08,"5","Slc38a4"
7.30134365053231e-13,1.30868390527183,0.46,0.256,1.16806895721216e-08,"0","Uchl1"
7.38866759187712e-13,1.60256035974706,0.52,0.216,1.1820390413485e-08,"4","Amotl1"
7.54360920281255e-13,1.24425900870893,0.634,0.244,1.20682660026595e-08,"5","Eif4ebp1"
7.80092141756639e-13,2.13972875493944,0.353,0.107,1.24799140838227e-08,"4","Sox11"
7.8425703641136e-13,1.12544289243725,0.636,0.409,1.25465440685089e-08,"3","Hexa"
7.87642719066446e-13,1.13191287020997,0.495,0.148,1.2600708219625e-08,"5","Wwc1"
8.18660680788299e-13,0.268486557363988,1,1,1.30969335712512e-08,"4","Rps14"
8.24657330880399e-13,1.43574211714804,0.363,0.103,1.31928679794246e-08,"4","Upk3bl"
8.26098559203934e-13,0.616515197856067,0.857,0.766,1.32159247501445e-08,"0","Gabarapl2"
8.35391988535741e-13,0.41366967593113,1,0.999,1.33646010325948e-08,"4","Ptma"
8.43407699429489e-13,2.22455536811006,0.205,0.052,1.3492836375473e-08,"1","Adamts9"
8.57845053524692e-13,0.983874194643306,0.748,0.526,1.3723805166288e-08,"2","Anapc16"
8.62111937760571e-13,1.78343899850117,0.204,0.032,1.37920667802936e-08,"5","Haus3"
8.73550143264864e-13,2.30280709886863,0.304,0.082,1.39750551919513e-08,"4","Pbld2"
8.80448125705511e-13,0.849622516990702,0.451,0.182,1.40854091150368e-08,"1","Lig1"
8.86657867727555e-13,1.83780986302211,0.28,0.059,1.41847525679054e-08,"5","Eef2k"
9.00850911516581e-13,2.01340008467505,0.228,0.063,1.44118128824423e-08,"1","Flrt2"
9.43373338466465e-13,0.736276450499352,0.851,0.635,1.50920866687865e-08,"1","Gpi1"
9.66918949661478e-13,0.378025414805936,1,1,1.54687693566843e-08,"5","Rps10"
9.96961001477697e-13,0.679753124940027,0.791,0.459,1.59493821016402e-08,"1","Hmgb3"
1.01938964468416e-12,1.98398834015567,0.327,0.12,1.63081955356572e-08,"3","Ncoa7"
1.09268312558572e-12,1.70366530739275,0.29,0.064,1.74807446431204e-08,"5","Ugt2b35"
1.09748514791955e-12,1.10202867690805,0.731,0.307,1.75575673964169e-08,"5","Ddx39"
1.10150081486024e-12,2.17290935610369,0.241,0.066,1.76218100361342e-08,"3","Tmsb15b1"
1.11115707135102e-12,2.22270279697157,0.2,0.05,1.77762908274736e-08,"1","Rapsn"
1.1244930966847e-12,0.491088072483263,1,0.989,1.79896405607618e-08,"4","Rps12"
1.16377688537312e-12,0.81346495334832,0.665,0.515,1.86181026121992e-08,"0","Arid4b"
1.16548448086428e-12,2.12922735934008,0.202,0.045,1.86454207248667e-08,"2","Prune2"
1.20278779337376e-12,0.792873282704617,0.951,0.97,1.92421991183933e-08,"0","Tecr"
1.20662406652752e-12,1.01538152259435,0.613,0.218,1.93035718163072e-08,"5","Mdfi"
1.22017194980127e-12,1.30243887576051,0.558,0.315,1.95203108529207e-08,"2","Chid1"
1.23495328851917e-12,0.283013458383205,1,1,1.97567827097297e-08,"5","Rpl14"
1.23667715233275e-12,0.379909995581865,1,1,1.97843610830193e-08,"5","Rps5"
1.25504812769918e-12,1.27227370191066,0.355,0.086,2.00782599469315e-08,"5","Nrf1"
1.25531734680666e-12,1.66481914914066,0.43,0.134,2.00825669142129e-08,"5","Rpa1"
1.26499537891039e-12,1.63635920859463,0.461,0.17,2.02373960718085e-08,"4","Adck5"
1.27835379221e-12,4.52998043303729,0.2,0.01,2.04511039677755e-08,"6","Tmem130"
1.30688024830613e-12,0.865250000819692,0.804,0.674,2.09074702124015e-08,"2","2210013O21Rik"
1.33582869246329e-12,1.17096394552849,0.602,0.213,2.13705874220277e-08,"5","Mybbp1a"
1.35361736227968e-12,1.22572649738722,0.667,0.277,2.16551705617503e-08,"5","Nubp1"
1.35372347193464e-12,1.19965542173547,0.654,0.472,2.16568681040104e-08,"3","Acat1"
1.36672098700634e-12,1.33881711388917,0.415,0.201,2.18648023501275e-08,"0","Tekt2"
1.38050266839114e-12,1.47097396313655,0.293,0.097,2.20852816889215e-08,"1","Myh14"
1.40842864350651e-12,0.583348101686342,0.929,0.907,2.25320414388172e-08,"0","Ptov1"
1.41188986551114e-12,0.608877018313045,0.926,0.657,2.25874140684473e-08,"2","Camk2n1"
1.43719690430107e-12,1.57581484092902,0.344,0.088,2.29922760750085e-08,"5","Notch2"
1.45002436048819e-12,0.953515998999867,0.693,0.427,2.31974897190901e-08,"1","Laptm4b"
1.4538343359659e-12,0.800624529714357,0.696,0.585,2.32584417067824e-08,"0","Dnajc7"
1.47893699887729e-12,1.41795516404541,0.627,0.319,2.36600341080388e-08,"4","Taf13"
1.4841583316226e-12,0.391951985283908,1,1,2.37435649892984e-08,"5","Rps18"
1.50823697223839e-12,3.53974651344107,0.45,0.06,2.41287750818697e-08,"6","Cdh2"
1.55687502089313e-12,1.09535161622671,0.677,0.274,2.49068865842483e-08,"5","Ift43"
1.55948328763605e-12,1.30282140283613,0.495,0.159,2.49486136356015e-08,"5","Dcbld1"
1.57726774577744e-12,1.59395983578551,0.461,0.171,2.52331293969475e-08,"4","Rtkn"
1.58693216231694e-12,0.664660201861162,0.989,0.842,2.53877407327463e-08,"5","Hnrnpab"
1.60975894907243e-12,0.793479566489502,0.62,0.282,2.57529236672608e-08,"2","Rundc3a"
1.61317125430855e-12,0.574030675381506,1,0.92,2.58075137264281e-08,"5","Gpx4"
1.61987934635025e-12,0.420888900656518,1,0.999,2.59148297829113e-08,"5","Eef1g"
1.64156339676104e-12,0.9593701950672,0.706,0.442,2.62617312213831e-08,"2","Dnmt3a"
1.66901609430074e-12,1.58337320813565,0.312,0.071,2.67009194766233e-08,"5","Nedd1"
1.75934330334351e-12,1.0667998794204,0.548,0.179,2.81459741668894e-08,"5","Nek6"
1.81449808399363e-12,1.4621814012463,0.279,0.089,2.90283403477302e-08,"1","Il17re"
1.9150205286464e-12,0.576984230082349,0.94,0.795,3.06364984172851e-08,"1","Tmed9"
1.92613759188464e-12,0.723075469596506,0.821,0.801,3.08143491949705e-08,"0","Ube2e3"
1.94093452547238e-12,1.50875365623396,0.326,0.12,3.10510705385071e-08,"1","Plekhb1"
1.95894365070232e-12,0.907344589393871,0.912,0.714,3.13391805239357e-08,"4","Commd3"
1.97766113810846e-12,1.10357693432467,0.624,0.221,3.16386228874591e-08,"5","Cep57"
2.04456130073694e-12,1.66444061883535,0.335,0.152,3.27088916891896e-08,"0","Snapc3"
2.055612446334e-12,0.822595486426305,0.688,0.538,3.28856879164514e-08,"0","Sqstm1"
2.08108337282073e-12,0.351910917639497,1,0.993,3.32931717983861e-08,"2","Cox8a"
2.11484973184555e-12,4.18982741952249,0.2,0.01,3.38333660100651e-08,"6","1700066B19Rik"
2.12354495823995e-12,0.938490564499605,0.817,0.352,3.39724722419227e-08,"5","Arf6"
2.1460514141836e-12,1.61850636379877,0.348,0.162,3.43325305241093e-08,"0","Tmem53"
2.17913883359988e-12,1.96928909504858,0.241,0.065,3.48618630599309e-08,"3","St8sia3"
2.2452239161771e-12,1.21495551455825,0.516,0.172,3.59190922110012e-08,"5","Tesc"
2.28136443974115e-12,0.946551225469014,0.871,0.44,3.6497268306979e-08,"5","Dnajc2"
2.28166977841051e-12,1.07457145032505,0.774,0.38,3.65021531150113e-08,"5","Orc6"
2.36531478910537e-12,1.20890773766255,0.574,0.333,3.78403059961077e-08,"3","Dtx3"
2.41675629649011e-12,1.27523999179816,0.377,0.156,3.86632672312487e-08,"1","Tesc"
2.45021393224505e-12,0.454490167630643,1,0.995,3.91985224880562e-08,"4","Rpl37"
2.48060873912082e-12,1.59646911914126,0.302,0.099,3.96847786084549e-08,"3","Ffar1"
2.49764772223889e-12,2.09810233414079,0.2,0.051,3.99573682603777e-08,"1","Dusp14"
2.50587334294684e-12,0.384622876451394,1,1,4.00889617404635e-08,"4","Rps15"
2.5305106916274e-12,0.341893870496998,1,0.999,4.04831100446552e-08,"1","Ptma"
2.54607591924903e-12,0.442513676178871,0.988,0.958,4.0732122556146e-08,"2","Ndufb9"
2.57912533103426e-12,1.51762424906419,0.321,0.123,4.1260847045886e-08,"1","Map3k1"
2.61864166588781e-12,1.51604669481205,0.28,0.059,4.18930293708733e-08,"5","Sclt1"
2.67003172038729e-12,0.692696648894919,0.895,0.703,4.27151674627559e-08,"3","Anxa4"
2.67566978727153e-12,1.44253202294504,0.417,0.185,4.28053652567699e-08,"2","Uso1"
2.73062725002841e-12,0.826151228212456,0.951,0.733,4.36845747459545e-08,"4","Cldn6"
2.7341815871432e-12,1.74227678541166,0.258,0.052,4.3741437031117e-08,"5","Alg6"
2.74023658921936e-12,0.534089771990382,0.944,0.797,4.38383049543313e-08,"1","Ier2"
2.74121676626412e-12,1.19034445980453,0.67,0.564,4.38539858266934e-08,"0","Cited2"
2.75720988088632e-12,1.37788074797967,0.409,0.114,4.41098436744193e-08,"5","Eri1"
2.76728770320952e-12,1.03846586189943,0.484,0.225,4.42710686759459e-08,"1","Pgm2"
2.76969278738888e-12,1.44337402792197,0.469,0.231,4.43095452126472e-08,"3","Lgals3bp"
2.8069863187054e-12,0.298440801054904,1,1,4.4906167126649e-08,"4","Fau"
2.81246388566689e-12,0.976653677426095,0.609,0.325,4.49937972428989e-08,"1","Efhd2"
2.81319913667234e-12,1.14878982722121,0.502,0.247,4.50055597884841e-08,"1","Pole3"
2.82094637200138e-12,0.903684279500276,0.724,0.487,4.5129500059278e-08,"2","Cox17"
2.87017097413712e-12,1.04102110985653,0.545,0.368,4.59169952442456e-08,"0","Chd7"
2.88008573972527e-12,1.20627834523651,0.46,0.196,4.60756116641248e-08,"2","Gnaz"
2.88573580731356e-12,1.17846888607141,0.484,0.149,4.61660014454023e-08,"5","Pank2"
2.88711453585485e-12,1.30967578719663,0.667,0.355,4.61880583446059e-08,"4","Efhd2"
2.8887548786204e-12,1.21067486847661,0.706,0.413,4.62143005481691e-08,"4","Tob1"
2.99824811190713e-12,1.60960670406802,0.258,0.052,4.79659732942903e-08,"5","Onecut1"
3.06144819325539e-12,0.789732838465703,0.781,0.507,4.89770481956998e-08,"1","Ninj1"
3.06725638934449e-12,0.965736430543943,0.914,0.489,4.90699677167331e-08,"5","Deb1"
3.11059925783268e-12,0.40643745628574,1,1,4.97633669268072e-08,"4","Rps11"
3.110786810371e-12,0.782535455488598,0.822,0.683,4.97663673923153e-08,"2","Mrpl57"
3.14788587618827e-12,1.22407677014325,0.473,0.144,5.03598782472599e-08,"5","Mllt3"
3.16755704284471e-12,0.628766118542817,0.978,0.8,5.06745775714297e-08,"5","Polr2f"
3.18727899698054e-12,0.782761803798666,0.968,0.626,5.09900893936947e-08,"5","Lsm8"
3.20611827855646e-12,0.377414365575895,1,1,5.12914802203463e-08,"4","Rpl28"
3.24990612255131e-12,0.377300306668541,0.991,0.984,5.19919981485759e-08,"0","Hnrnpk"
3.26286211076573e-12,1.18331091203416,0.406,0.196,5.21992680480301e-08,"0","Necab2"
3.28735792527963e-12,1.10491046837013,0.591,0.214,5.25911520886235e-08,"5","Cdo1"
3.29866948551746e-12,1.6378251762616,0.28,0.062,5.27721144293084e-08,"5","Rapsn"
3.33504623668676e-12,0.324405426302381,1,0.989,5.33540696945147e-08,"0","Psmb1"
3.33862495062975e-12,1.34770002372474,0.569,0.249,5.34113219601747e-08,"4","Mmp14"
3.38005094949693e-12,1.69905525127235,0.247,0.049,5.40740550900518e-08,"5","Gclc"
3.53498941937636e-12,0.836356610491812,0.892,0.477,5.6552760731183e-08,"5","Snrpa1"
3.61297676183106e-12,1.14316336666774,0.538,0.182,5.78004022357733e-08,"5","Ppif"
3.70498727570146e-12,1.56397489380257,0.302,0.105,5.92723864366719e-08,"1","Rhov"
3.74444545404721e-12,1.32392705386376,0.469,0.24,5.99036383738472e-08,"3","Ica1"
3.74592404699876e-12,0.869885017456454,0.679,0.387,5.99272929038861e-08,"1","Nrep"
3.77105885848579e-12,2.1349456706628,0.219,0.068,6.03293996180557e-08,"0","Fam131a"
3.81472988115342e-12,0.908060277654553,0.902,0.657,6.10280486386923e-08,"4","Txnip"
3.85753862833395e-12,0.935659963096347,0.602,0.213,6.17129029760866e-08,"5","Cdc42ep5"
3.86963376884029e-12,0.920943216170605,0.828,0.375,6.1906401033907e-08,"5","Ezr"
3.96780671789449e-12,1.77144124128795,0.258,0.075,6.34769718728761e-08,"2","March9"
4.08440930309375e-12,2.27192289660118,0.245,0.07,6.53423800308939e-08,"2","Fkbp1b"
4.09657471352918e-12,1.42459790336034,0.376,0.106,6.55370022670398e-08,"5","E2f1"
4.12433326083693e-12,0.718470955773363,0.968,0.664,6.59810835068692e-08,"5","Bex1"
4.13111531028411e-12,0.792965005337835,0.732,0.604,6.60895827339252e-08,"0","Gstz1"
4.17512394611532e-12,1.48073750790394,0.376,0.103,6.67936328899528e-08,"5","Fbxo17"
4.20828602536529e-12,0.963537697246346,0.763,0.307,6.73241598337938e-08,"5","Ppie"
4.21929596716368e-12,1.01816133175064,0.602,0.213,6.75002968826845e-08,"5","Decr1"
4.25234272068675e-12,1.37560948813153,0.43,0.128,6.80289788455466e-08,"5","Gpm6b"
4.25876459472265e-12,0.339508036632822,1,1,6.8131715986373e-08,"5","Rpl11"
4.31580329234313e-12,0.661719862845272,0.795,0.747,6.90442210709054e-08,"0","Dctn2"
4.4659232294434e-12,0.815181003181619,0.753,0.466,7.14458398246355e-08,"1","F11r"
4.51535091715044e-12,1.04488819095038,0.699,0.267,7.22365839725727e-08,"5","Larp7"
4.52847916414416e-12,0.991324666182928,0.595,0.327,7.24466096679782e-08,"1","Marc2"
4.57876176823447e-12,1.46357605979073,0.384,0.191,7.32510307682151e-08,"0","Prkar1b"
4.67361863833131e-12,0.951263879689464,0.748,0.501,7.47685509760242e-08,"2","Kif12"
4.701923400386e-12,1.88684322929596,0.279,0.098,7.52213705593753e-08,"1","Fgfr3"
4.80796055880455e-12,1.23266566917444,0.504,0.326,7.69177530197551e-08,"0","Lpar6"
4.90405630253829e-12,1.07646831415624,0.699,0.278,7.84550927280075e-08,"5","Pih1d1"
4.99676864888245e-12,0.300433907614226,1,1,7.99383048448215e-08,"4","Rpl8"
5.01304377043793e-12,1.17207906660901,0.428,0.192,8.01986742394659e-08,"1","Rnf128"
5.03852711108647e-12,0.695491881796357,0.865,0.763,8.06063567231614e-08,"2","Srp9"
5.12974517769014e-12,0.499412975856265,0.986,0.873,8.20656633526869e-08,"1","Ncl"
5.1852271714427e-12,0.759823997174592,0.642,0.33,8.29532642887404e-08,"3","Runx1t1"
5.20268888236048e-12,0.374086789290107,1,1,8.3232616740003e-08,"4","Rps23"
5.22711145777268e-12,1.1024619366399,0.58,0.341,8.36233291014473e-08,"3","Ppp1r37"
5.23822795509001e-12,0.995881342120799,0.863,0.62,8.380117082553e-08,"4","Polr3k"
5.27634801684032e-12,1.60559618508397,0.383,0.168,8.44110155734114e-08,"3","Naga"
5.33791506007032e-12,0.536544226414192,0.893,0.906,8.5395965131005e-08,"0","Arpc1a"
5.44589755630448e-12,1.70831733337065,0.27,0.094,8.71234691057591e-08,"1","Agrn"
5.45227535503319e-12,0.267675037687854,1,1,8.7225501129821e-08,"4","Rpl14"
5.52218183880987e-12,1.34672962354075,0.957,0.701,8.83438650572803e-08,"5","Arl6ip1"
5.55179502643845e-12,1.02044720725093,0.763,0.35,8.88176168329624e-08,"5","Ppa1"
5.5647104105877e-12,0.8366219212267,0.957,0.611,8.9024237148582e-08,"5","Hnrnpd"
5.59850735383101e-12,1.76591733504974,0.247,0.05,8.95649206465885e-08,"5","Nbn"
5.6184149168698e-12,1.4729486727853,0.312,0.076,8.9883401840083e-08,"5","Slc4a4"
5.63176564792255e-12,2.44587032487877,0.225,0.047,9.00969868354649e-08,"4","Rgs16"
5.67170180825378e-12,2.05151793006654,0.398,0.131,9.07358855284439e-08,"5","Ung"
5.88632602247006e-12,1.02867319726029,0.656,0.252,9.4169443707476e-08,"5","Hspa14"
6.03044967575963e-12,0.90759701178338,0.6,0.317,9.64751339128025e-08,"1","Mcl1"
6.09672652600877e-12,0.601542107649304,0.926,0.817,9.75354309630884e-08,"2","Chmp2a"
6.17433442413464e-12,1.78567785314725,0.307,0.108,9.87770021173059e-08,"2","Slc2a2"
6.18681237792463e-12,1.3107813901138,0.366,0.097,9.89766244220383e-08,"5","Mycn"
6.40480132617996e-12,1.87762856561041,0.209,0.058,1.02464011616227e-07,"1","Tcf7l1"
6.52385808855496e-12,1.09163475503598,0.602,0.216,1.04368681700702e-07,"5","Prpf31"
6.6176086731555e-12,1.80117746898411,0.258,0.075,1.05868503553142e-07,"2","Kctd12"
6.62119072881568e-12,1.31916666517392,0.411,0.216,1.05925809279593e-07,"0","Tecpr1"
6.66776386568769e-12,0.302584877079097,1,1,1.06670886323272e-07,"4","Rpl26"
6.73322589815562e-12,1.58946845538371,0.302,0.114,1.07718147918694e-07,"1","Plod2"
6.75800591253213e-12,1.36970419556649,0.34,0.125,1.08114578588689e-07,"3","Celf4"
6.92889052070999e-12,2.78337975284481,1,0.656,1.10848390550318e-07,"6","Pyy"
7.06896509186629e-12,0.483282639621508,0.963,0.847,1.13089303539677e-07,"1","Vamp8"
7.18447837302316e-12,0.862863121564597,0.902,0.747,1.14937285011624e-07,"4","Top1"
7.24251916390031e-12,2.20044908030818,0.214,0.065,1.15865821584077e-07,"0","Plk3"
7.26702139313533e-12,1.36847450762638,0.326,0.124,1.16257808247379e-07,"1","Bcat2"
7.29521730389992e-12,0.938868042517673,0.849,0.415,1.16708886427791e-07,"5","Gsr"
7.32238723858868e-12,0.286928477623873,1,1,1.17143551042942e-07,"5","Rpl19"
7.41838199439709e-12,0.700328444791093,0.822,0.578,1.18679275146365e-07,"2","Glul"
7.42276491794967e-12,1.05594612642717,0.398,0.114,1.18749393157359e-07,"5","S100b"
7.45004653774577e-12,0.834987780960332,0.946,0.63,1.19185844510857e-07,"5","Banf1"
7.47093836647221e-12,1.19108596595243,0.473,0.142,1.19520071986822e-07,"5","Gemin2"
7.57163998828779e-12,1.21368615864562,0.462,0.142,1.21131096532628e-07,"5","Rrp9"
7.59098725426846e-12,1.14411636191522,0.465,0.219,1.21440614093787e-07,"1","Nudt9"
7.60990604046399e-12,0.553299721796297,0.916,0.751,1.21743276835343e-07,"1","Fkbp3"
7.99111617223049e-12,1.44708407386547,0.335,0.131,1.27841876523343e-07,"1","Rnf135"
8.04203311068416e-12,1.37947475598079,0.409,0.119,1.28656445704725e-07,"5","Vill"
8.14596089274876e-12,0.830932631503411,0.647,0.487,1.30319082362195e-07,"0","Hagh"
8.34604957973596e-12,0.512190547670802,0.963,0.885,1.33520101176616e-07,"2","Pcbd1"
8.40679413268591e-12,0.879526967234328,0.693,0.435,1.34491892534709e-07,"1","Sfxn1"
8.46676548999817e-12,1.35683270597252,0.335,0.13,1.35451314308991e-07,"1","Cryz"
8.71988880761286e-12,2.22427963368352,0.272,0.092,1.39500781144191e-07,"3","Klhl13"
8.8008035480267e-12,0.91626699900845,0.779,0.616,1.40795255161331e-07,"2","Tmbim4"
8.8073390006499e-12,1.04501628842288,0.644,0.419,1.40899809332397e-07,"2","Vps35"
8.87140621292873e-12,1.03713820690334,0.473,0.151,1.41924756594434e-07,"5","Cited4"
8.8774403114589e-12,1.23444430562748,0.451,0.213,1.42021290102719e-07,"3","Btg3"
9.00725072657163e-12,0.951983593911837,0.515,0.229,1.44097997123693e-07,"2","Gnao1"
9.23794554068531e-12,2.41699543882557,0.85,0.248,1.47788652759884e-07,"6","Scg2"
9.2925453288616e-12,1.60336115881361,0.264,0.078,1.48662140171128e-07,"2","Prss50"
9.43884940413762e-12,1.19716296189536,0.43,0.129,1.51002712767394e-07,"5","Clmn"
9.52510067940723e-12,1.92480997473164,0.204,0.035,1.52382560669157e-07,"5","Plekha7"
9.54014007703584e-12,0.618837751580402,0.839,0.791,1.52623160952419e-07,"0","Sf3b1"
9.60627977596197e-12,1.99830846674026,1,0.731,1.5368126385584e-07,"6","Cd24a"
9.62652398069949e-12,0.878061576346227,0.602,0.217,1.5400513064323e-07,"5","Gstt1"
9.70807076491944e-12,1.98320290607889,0.431,0.161,1.55309716097181e-07,"4","Serpina1e"
9.77676280322602e-12,1.07813554547345,0.465,0.223,1.5640865132601e-07,"1","Frrs1"
9.80087457086715e-12,2.23203043879655,0.686,0.422,1.56794391384733e-07,"4","Serpina6"
9.81864571949193e-12,0.627802069177732,0.978,0.648,1.57078694220432e-07,"5","H19"
9.96667498812742e-12,0.734619085129569,0.957,0.758,1.59446866460062e-07,"5","Cldn7"
1.00469659849012e-11,0.657541221889242,0.951,0.903,1.60731361826449e-07,"4","Tspan3"
1.00931604767443e-11,3.79461704630907,0.35,0.038,1.61470381306956e-07,"6","Stmn3"
1.01123353480414e-11,1.08338027105575,0.509,0.336,1.61777140897966e-07,"0","Bckdha"
1.01836627799671e-11,0.756241799095143,0.805,0.543,1.62918237153913e-07,"1","C1qbp"
1.05220428103049e-11,0.596532207255376,0.907,0.873,1.68331640879257e-07,"3","Ddost"
1.07154116208915e-11,1.47303279899197,0.676,0.381,1.71425155111023e-07,"4","Litaf"
1.10164148025272e-11,1.07470451478612,0.71,0.304,1.7624060401083e-07,"5","Nop56"
1.10194393056578e-11,1.22643832381756,0.414,0.182,1.76288990011914e-07,"1","Dsp"
1.14481813486751e-11,0.79114572115611,0.902,0.623,1.83148005216104e-07,"4","Zfos1"
1.15353463926165e-11,2.11928789045488,0.216,0.059,1.84542471589079e-07,"3","Krt1"
1.15833051645408e-11,1.35632834492418,0.398,0.117,1.85309716022324e-07,"5","Mgll"
1.16450771861472e-11,1.60534866954892,0.307,0.103,1.86297944823983e-07,"2","Dnaja4"
1.1953400174519e-11,0.597307082313125,0.932,0.826,1.91230495991955e-07,"3","Stub1"
1.23051379695216e-11,1.03075745175533,0.839,0.445,1.96857597236407e-07,"5","Aars"
1.2522345823974e-11,1.0614684891645,0.5,0.29,2.00332488491936e-07,"0","Rundc3a"
1.25451687165469e-11,1.96967675434867,0.214,0.063,2.00697609127317e-07,"1","Car9"
1.28178594666631e-11,0.774422731581853,0.846,0.717,2.05060115747677e-07,"3","Mydgf"
1.28282354495123e-11,1.02990349657876,0.71,0.296,2.05226110721298e-07,"5","Odc1"
1.29250019739117e-11,1.09984297273645,0.862,0.832,2.0677418157864e-07,"0","Mdk"
1.29736440500698e-11,0.773124336383599,0.922,0.774,2.07552357513017e-07,"4","Ptprf"
1.33023159564878e-11,4.19159219473517,0.25,0.019,2.12810450671892e-07,"6","Ntf3"
1.36701319684883e-11,1.00287513539777,0.591,0.201,2.18694771231876e-07,"5","Suz12"
1.3670143114113e-11,1.27867689045752,0.333,0.084,2.1869494953958e-07,"5","Lrrc40"
1.4084278112405e-11,0.774386087350322,0.968,0.704,2.25320281242256e-07,"5","Rbbp7"
1.41125351838457e-11,1.15491824768073,0.505,0.17,2.25772337871163e-07,"5","Ybx3"
1.41453073526495e-11,0.975652323933159,0.763,0.348,2.26296627027686e-07,"5","Ifitm3"
1.43003087468575e-11,1.67322472779834,0.215,0.04,2.28776339332226e-07,"5","Palmd"
1.43146266249211e-11,1.24095229046878,0.398,0.111,2.29005396745487e-07,"5","Rqcd1"
1.50046838337443e-11,2.18223039749714,0.209,0.053,2.40044931972242e-07,"2","Manf"
1.52049817871017e-11,1.41605658726353,0.446,0.283,2.43249298630053e-07,"0","Siah2"
1.53488011687642e-11,0.69300767912464,0.968,0.558,2.45550121097889e-07,"5","Cdkn1c"
1.54254985600376e-11,0.853222938822046,0.732,0.652,2.46777125963482e-07,"0","Limd2"
1.579824370763e-11,0.403766949418894,0.675,0.33,2.52740302834665e-07,"2","Tubb3"
1.58369551827469e-11,1.17837781509376,0.293,0.105,2.53359609013584e-07,"1","Spink4"
1.60995982016215e-11,0.539345764522122,0.991,0.889,2.57561372029541e-07,"1","Hmgb1"
1.67720201449689e-11,1.30758449454527,0.393,0.197,2.68318778279213e-07,"0","Map9"
1.68660747690284e-11,1.6937463305236,0.214,0.06,2.69823464154917e-07,"1","Fbxo4"
1.71002388989049e-11,0.883853667853972,0.603,0.424,2.73569621904681e-07,"0","Ptbp3"
1.75293948819602e-11,2.01875421661356,0.241,0.072,2.80435259321599e-07,"3","2700033N17Rik"
1.75871432967438e-11,1.18764850708963,0.451,0.198,2.81359118461307e-07,"3","Gnaz"
1.78521420824719e-11,0.650787241905829,0.978,0.814,2.85598569035385e-07,"5","Hdgf"
1.81862719174362e-11,0.932389168074899,0.722,0.561,2.90943978135144e-07,"3","0610011F06Rik"
1.83216890416711e-11,1.20037342725164,0.452,0.143,2.93110381288654e-07,"5","Cse1l"
1.87520394964523e-11,1.05315083257047,0.775,0.498,2.99995127864243e-07,"4","Stard10"
1.90945640940937e-11,0.947399334754838,0.632,0.374,3.05474836377312e-07,"2","Fndc3a"
1.92239574577976e-11,0.393522575764912,1,1,3.07544871409845e-07,"4","Rps20"
1.9633908389586e-11,0.704767776946734,0.847,0.606,3.14103266416597e-07,"1","Sri"
1.96568632560966e-11,0.841300053350263,0.562,0.362,3.14470498371034e-07,"0","Gnptg"
1.98954032838183e-11,0.35654327518754,0.991,0.895,3.18286661734525e-07,"1","Ranbp1"
2.02825357936017e-11,2.12919841935504,0.265,0.067,3.2448000762604e-07,"4","Zbtb18"
2.03229471846619e-11,0.688557152453593,0.877,0.681,3.25126509060221e-07,"3","Pycr2"
2.04839223041102e-11,1.6745661900671,0.259,0.078,3.27701789021155e-07,"3","AI467606"
2.05104806501007e-11,1.44049303437542,0.429,0.202,3.28126669440311e-07,"2","Nr3c1"
2.05593185185444e-11,1.05716308278977,0.502,0.254,3.28907977659673e-07,"1","Igf1r"
2.07012712230583e-11,1.9597058665206,0.227,0.064,3.31178937026486e-07,"2","Npnt"
2.08546556790064e-11,0.365826154533652,1,1,3.33632781552745e-07,"5","Rpl23a"
2.11525402365415e-11,0.925438089422423,0.647,0.526,3.38398338704192e-07,"0","Ap3s1"
2.12950160047464e-11,1.39459785194807,0.387,0.113,3.40677666043932e-07,"5","Zmynd19"
2.1391732674149e-11,1.32538088516646,0.358,0.153,3.42224939321035e-07,"1","Igf2"
2.20563498147299e-11,2.01709515758202,0.255,0.06,3.5285748433605e-07,"4","Epb42"
2.28866871125226e-11,0.877803129906399,0.647,0.546,3.66141220426137e-07,"0","Wbp2"
2.364902197953e-11,0.672947125354387,0.859,0.712,3.78337053628521e-07,"2","Romo1"
2.37116329041922e-11,1.30596373542245,0.323,0.08,3.79338703201267e-07,"5","Vsig10"
2.38178646606726e-11,1.48359984381222,0.312,0.078,3.81038198841439e-07,"5","Mpp1"
2.42284112326363e-11,1.22682867117452,0.433,0.238,3.87606122899716e-07,"0","Rem2"
2.42604877877883e-11,0.637468461846666,0.914,0.43,3.88119283629037e-07,"5","Tead2"
2.44890017399397e-11,0.358560443731737,1,1,3.91775049835555e-07,"5","Rpl23"
2.49122303757613e-11,1.16302622890106,0.581,0.213,3.98545861551429e-07,"5","Xpo1"
2.49496087788706e-11,2.02836994245128,0.209,0.06,3.99143841244372e-07,"1","Sox5"
2.5088427229243e-11,1.34993700437589,0.33,0.13,4.01364658813429e-07,"1","Hnf1b"
2.53849544608911e-11,1.00950544745231,0.71,0.291,4.06108501465336e-07,"5","Alad"
2.61918499146852e-11,0.628994343181036,0.921,0.709,4.19017214935133e-07,"1","Tm9sf3"
2.63512862400724e-11,1.15608288732747,0.395,0.173,4.21567877268679e-07,"1","Dkc1"
2.68623878482048e-11,1.25867781997877,0.43,0.132,4.2974448079558e-07,"5","Rrp1b"
2.69410409862036e-11,1.04644137723543,0.452,0.137,4.31002773697285e-07,"5","Meis1"
2.73128093628456e-11,0.786174502275358,0.81,0.678,4.36950324186803e-07,"2","Tomm7"
2.82227686920972e-11,1.74631948229686,0.237,0.049,4.51507853536172e-07,"5","Spidr"
2.84219902550437e-11,1.05496901015164,0.595,0.366,4.5469500010019e-07,"2","Dnajc24"
2.8673893278049e-11,0.517284624593272,0.933,0.87,4.58724944662228e-07,"2","Ndufb10"
2.8951863409522e-11,2.21272751185906,1,0.497,4.63171910825533e-07,"6","Gpx3"
3.16040809802881e-11,1.2311141172467,0.473,0.314,5.05602087522648e-07,"0","Nt5c2"
3.16659631918742e-11,0.383481612210003,0.982,0.981,5.06592079143603e-07,"0","Atp5f1"
3.18864101899836e-11,1.20938316128565,0.451,0.26,5.10118790219358e-07,"0","Grasp"
3.24775397518494e-11,2.07071039609676,0.233,0.069,5.19575680950087e-07,"2","Zfp568"
3.26265018575058e-11,0.916295610156479,0.716,0.517,5.21958776716377e-07,"3","Pja1"
3.3032300543724e-11,1.28452010550179,0.337,0.119,5.28450744098496e-07,"2","Kcnk16"
3.35620327973777e-11,0.947500813390087,0.632,0.369,5.36925400692448e-07,"2","Pja2"
3.377064804541e-11,0.43447371514111,0.99,0.987,5.40262827430468e-07,"4","Rpl35"
3.3909218536059e-11,0.554806897880243,0.963,0.876,5.42479678139872e-07,"2","Vcp"
3.45666790002911e-11,0.42308381329239,0.977,0.914,5.52997730646657e-07,"1","Gpx4"
3.46558187987574e-11,0.524608347778248,1,0.886,5.54423789142521e-07,"5","Cox5a"
3.49039962641786e-11,1.96243725673217,0.205,0.059,5.5839413223433e-07,"1","Kcnq1"
3.56711581280438e-11,2.35768628791106,0.95,0.374,5.70667187732445e-07,"6","Klhdc8b"
3.58599097684184e-11,0.853854028014396,0.593,0.323,5.73686836475157e-07,"3","Prps1"
3.78604162163652e-11,0.353559940364165,1,0.995,6.0569093862941e-07,"0","Gabarap"
3.78961099389088e-11,1.55309864773464,0.29,0.07,6.06261966802663e-07,"5","Tcf7l1"
3.8443628956712e-11,0.876696196694881,0.785,0.324,6.15021176049479e-07,"5","Raly"
3.90613253206635e-11,0.730569997862902,0.796,0.536,6.24903082479975e-07,"3","Cplx2"
3.95650485045867e-11,1.17527065636505,0.393,0.154,6.32961645976378e-07,"2","Aacs"
3.96755847631122e-11,2.08899607501086,0.214,0.07,6.3473000504027e-07,"0","Ncs1"
3.97803057754782e-11,0.769730451371837,0.816,0.615,6.364053317961e-07,"2","Hist1h2bc"
3.99305320790996e-11,1.1987403593001,0.398,0.115,6.38808652201436e-07,"5","Galm"
4.02503517146372e-11,0.806314298820946,0.903,0.495,6.43925126730767e-07,"5","Stra13"
4.03967110871079e-11,1.73701325059997,0.256,0.088,6.46266583971552e-07,"1","Ctsc"
4.08730051089113e-11,1.83960246970509,0.209,0.062,6.53886335732364e-07,"1","Nthl1"
4.14216074034221e-11,0.903388758454501,0.747,0.588,6.62662875239947e-07,"3","Ndufa1"
4.17156487023965e-11,1.08862750814223,0.748,0.602,6.67366947940939e-07,"2","Pdia4"
4.17280588158108e-11,0.543549894132584,0.958,0.745,6.67565484935341e-07,"1","Tmem147"
4.23732521847682e-11,1.15042331734671,0.4,0.179,6.77887288451922e-07,"1","Mgat1"
4.3107914370977e-11,0.394582603047421,0.96,0.967,6.89640414106891e-07,"0","Ube2d3"
4.32948720989677e-11,0.79258317308607,0.748,0.56,6.92631363839286e-07,"2","Mrpl41"
4.44915463497251e-11,1.38077982785316,0.419,0.133,7.11775758502902e-07,"5","Rbbp8"
4.45207199878915e-11,1.36832300623924,0.301,0.098,7.12242478366288e-07,"2","Fam219a"
4.49651498994754e-11,1.15343517791626,0.509,0.259,7.19352468091807e-07,"2","Lysmd2"
4.61162342332307e-11,2.09600115961356,0.204,0.038,7.37767515263225e-07,"5","Slc1a5"
4.62920707469045e-11,1.34615873343592,0.323,0.082,7.40580547808978e-07,"5","Dock1"
4.64707439465186e-11,1.15847355607332,0.473,0.151,7.43438961656405e-07,"5","Grwd1"
4.66107076919215e-11,1.49584646366252,0.335,0.156,7.45678101655361e-07,"0","Gck"
4.66226396407691e-11,0.7380513246243,0.951,0.86,7.45868988973024e-07,"4","Gtf2a2"
4.69987191319924e-11,0.481647116017237,0.963,0.822,7.51885508673615e-07,"1","Gm10076"
4.70883578360234e-11,2.77309973105227,0.45,0.064,7.53319548660702e-07,"6","Gria2"
4.83076562159793e-11,1.37668791295458,0.326,0.131,7.72825884143236e-07,"1","Fuca2"
4.83147941172402e-11,0.906868278019678,0.563,0.298,7.72940076287608e-07,"1","Lmnb1"
4.94180286761339e-11,1.51811294779443,0.331,0.126,7.9058962276079e-07,"2","Ncoa1"
5.00649400874073e-11,1.28939646841076,0.67,0.501,8.00938911518342e-07,"0","Cdkn1a"
5.02802701003667e-11,1.22930887212266,0.349,0.143,8.04383761065667e-07,"1","Sdc1"
5.08449326904058e-11,0.304701294606804,1,1,8.13417233181112e-07,"3","Ubb"
5.1338878791627e-11,0.817750542033682,0.516,0.25,8.21319382908448e-07,"1","Ddit4"
5.29194715464743e-11,0.310284151614827,1,1,8.46605705800497e-07,"5","Rpl6"
5.32241510177032e-11,0.961336504985065,0.839,0.422,8.51479967981215e-07,"5","Lsm5"
5.34521635505082e-11,1.44481662623048,0.269,0.061,8.5512771248103e-07,"5","A830080D01Rik"
5.541134914365e-11,0.818609730138491,0.827,0.69,8.86470763600113e-07,"3","Zbtb20"
5.56293530361508e-11,1.31369475468956,0.686,0.466,8.8995838987234e-07,"4","Mcfd2"
5.6281420890928e-11,0.98209961449662,0.377,0.144,9.00390171413067e-07,"3","Gm43861"
5.66009220693246e-11,1.81181062552731,0.227,0.065,9.05501551265054e-07,"2","Ppm1b"
5.67941609724062e-11,0.894139507668623,0.5,0.287,9.08592987236555e-07,"0","Gfra3"
5.68574932191903e-11,1.58467112111457,0.301,0.078,9.09606176520607e-07,"5","Flrt2"
5.90699862210195e-11,1.89008838283224,0.258,0.085,9.4500163956387e-07,"2","Sec24d"
5.9305179690608e-11,1.69853317700919,0.2,0.055,9.48764264690347e-07,"1","Capn1"
5.94258297699326e-11,0.941739396120168,0.669,0.438,9.50694424659382e-07,"2","4833439L19Rik"
6.15681307855015e-11,1.17827880733386,0.607,0.402,9.84966956306453e-07,"2","Magt1"
6.16272578364472e-11,1.20681552337105,0.417,0.184,9.85912870867482e-07,"2","Spc25"
6.17709272416157e-11,0.421302922813938,1,1,9.88211294011368e-07,"4","Rps18"
6.22549257277883e-11,0.753504317427835,0.661,0.536,9.95954301793157e-07,"0","Yipf3"
6.28506817187758e-11,0.749556548585588,0.768,0.703,1.00548520613698e-06,"0","Rnf5"
6.29061288874504e-11,0.546155288056977,0.951,0.871,1.00637224994143e-06,"3","Usmg5"
6.3381763904226e-11,1.01345809389711,0.485,0.21,1.01398145893981e-06,"2","Baiap3"
6.34237217029474e-11,1.49491581655573,0.312,0.081,1.01465269980375e-06,"5","Ugt8a"
6.34770011000089e-11,1.89933279719696,0.215,0.042,1.01550506359794e-06,"5","Ipo11"
6.53196200221896e-11,0.94359983775381,0.642,0.412,1.04498328111499e-06,"3","Tspan13"
6.59399487541014e-11,1.84153885929536,0.215,0.042,1.05490730016811e-06,"5","Utp20"
6.75454892437535e-11,1.16927257740671,0.423,0.185,1.08059273692157e-06,"2","Hdac6"
6.78054783160076e-11,0.656617806138655,0.8,0.52,1.08475204209949e-06,"1","Eci1"
6.83739730441152e-11,1.86656651434181,0.284,0.079,1.09384682075976e-06,"4","Zfpm1"
6.8587642742001e-11,0.760763003345515,0.73,0.478,1.09726510858653e-06,"2","Npdc1"
7.02666903123733e-11,1.15098771847726,0.441,0.138,1.12412651161735e-06,"5","Map3k1"
7.09634828880778e-11,0.615841170339542,0.447,0.195,1.13527379924347e-06,"1","Gmnn"
7.14074169554326e-11,1.19793915798945,0.735,0.49,1.14237585645301e-06,"4","Klf13"
7.36632308550473e-11,0.520878336143861,0.945,0.874,1.17846436721905e-06,"2","2410015M20Rik"
7.42578879461633e-11,0.480015802010909,0.939,0.938,1.18797769136272e-06,"2","Sep15"
7.47057660133255e-11,0.678743509765704,0.73,0.463,1.19514284468118e-06,"2","Gpx3"
7.4958260167386e-11,0.85296689835148,0.882,0.444,1.19918224615784e-06,"5","Bola3"
7.50092458577203e-11,0.639895826152099,0.895,0.682,1.19999791523181e-06,"3","Akr1c19"
7.55344231207468e-11,1.86113468488302,0.204,0.038,1.20839970108571e-06,"5","Tinf2"
7.57339945872668e-11,0.574727428288446,0.888,0.721,1.21159244540709e-06,"1","Tpm3"
7.70570385178536e-11,1.59361644527903,0.296,0.109,1.23275850220862e-06,"3","Sgms2"
7.74962865547204e-11,0.952418605784492,0.669,0.455,1.23978559230242e-06,"2","Pofut2"
7.75585301827216e-11,0.808507080843487,0.785,0.614,1.24078136586318e-06,"2","Mrps12"
7.76544515100777e-11,0.389856571334903,1,0.976,1.24231591525822e-06,"5","Rpl30"
7.87683968568129e-11,1.38122198004468,0.319,0.112,1.26013681291529e-06,"2","Ap3b2"
7.88473873936295e-11,1.37032770851905,0.321,0.131,1.26140050352328e-06,"1","Copz2"
7.88486753973402e-11,0.536385534667996,0.901,0.827,1.26142110900665e-06,"3","Dctn3"
8.09309816913479e-11,1.56687228537988,0.237,0.05,1.29473384509818e-06,"5","Fgfr1op"
8.17063800664891e-11,1.1174370412601,0.398,0.117,1.30713866830369e-06,"5","Hmga1"
8.20135429794894e-11,1.18339073611924,0.29,0.069,1.31205266058587e-06,"5","Clcf1"
8.24499001241806e-11,0.744447462024879,0.744,0.467,1.31903350218664e-06,"1","Dnajc15"
8.37364690150214e-11,1.48477094197876,0.272,0.088,1.33961603130231e-06,"3","1700007K13Rik"
8.4038526916274e-11,0.88482968473242,0.616,0.454,1.34444835360655e-06,"0","Fgd2"
8.42772000163347e-11,1.27242026894666,0.386,0.177,1.34826664586132e-06,"1","Crip2"
8.53130861546325e-11,0.355968451046989,1,1,1.36483875230181e-06,"4","Rps24"
8.62071008517493e-11,0.881302216390057,0.656,0.248,1.37914119942629e-06,"5","Nudt4"
8.64982362153147e-11,0.701489007899618,0.946,0.543,1.3837987829726e-06,"5","Tcf3"
8.66792223633577e-11,1.66971413801562,0.29,0.073,1.386694199369e-06,"5","Cys1"
8.90317538120709e-11,0.43372400430647,0.994,1,1.42432999748551e-06,"3","Bsg"
9.1963459207242e-11,0.699704201142904,0.859,0.684,1.47123142039746e-06,"2","Zbtb20"
9.26907448075215e-11,1.10256628029761,0.559,0.21,1.48286653543073e-06,"5","Eed"
9.29784607859542e-11,1.4889000951362,0.29,0.071,1.4874694156537e-06,"5","Frmd8"
9.35954562403377e-11,1.01343408569948,0.54,0.291,1.49734010893292e-06,"1","Phb"
9.41084505811857e-11,0.913696066487612,0.817,0.396,1.50554699239781e-06,"5","Gcsh"
9.41965349322517e-11,0.969822907671779,0.559,0.196,1.50695616584616e-06,"5","Cdkn2aipnl"
9.51788664820058e-11,1.17839073087782,0.485,0.246,1.52267150597913e-06,"2","Spcs3"
9.53109272791153e-11,0.46301821818454,1,0.974,1.52478421461129e-06,"0","Krt8"
9.55410398914906e-11,0.960651567020046,0.667,0.281,1.52846555618407e-06,"5","Mrto4"
9.60430945817928e-11,0.954047601456423,0.484,0.238,1.53649742711952e-06,"1","Klf3"
9.73585816206435e-11,3.05476349889786,0.35,0.041,1.55754258876706e-06,"6","Crhr2"
9.85252651868901e-11,1.63089426049381,0.251,0.088,1.57620719245987e-06,"1","Cgn"
9.94543376413979e-11,1.44492699758085,0.288,0.107,1.59107049358708e-06,"1","Acot2"
1.00625122116421e-10,1.62500520799801,0.214,0.065,1.60980070361851e-06,"1","Slc4a4"
1.00761076836811e-10,1.34263271051444,0.398,0.124,1.6119757072353e-06,"5","Hist1h4i"
1.01147251214574e-10,0.82348906790384,0.419,0.137,1.61815372493076e-06,"5","8430408G22Rik"
1.0196900592949e-10,1.62811741409565,0.247,0.054,1.63130015685998e-06,"5","St7"
1.02116973908727e-10,0.782429866080359,0.817,0.384,1.63366734859181e-06,"5","Vps36"
1.03459043712636e-10,1.43861088794852,0.333,0.091,1.65513778131474e-06,"5","Ints7"
1.04170901052106e-10,1.03095296879967,0.495,0.166,1.6665260750316e-06,"5","Map2k3"
1.04357336551439e-10,1.45981409926699,0.284,0.106,1.66950867014992e-06,"1","Sestd1"
1.04749626772623e-10,0.960970681668506,0.414,0.187,1.67578452910842e-06,"1","Grb14"
1.06769296631008e-10,0.729036904232792,0.728,0.529,1.70809520750287e-06,"3","Bmyc"
1.10729031681473e-10,1.10540054568279,0.441,0.139,1.7714430488402e-06,"5","Nup35"
1.10754827641612e-10,1.17935721240644,0.516,0.191,1.77185573261051e-06,"5","Dkc1"
1.10947894720854e-10,1.11330270596616,0.538,0.198,1.77494441974422e-06,"5","Pop4"
1.12588756095086e-10,0.802750682409226,0.903,0.537,1.80119492000918e-06,"5","Cyb5a"
1.13806090458277e-10,0.940776260576406,0.675,0.462,1.82066983515151e-06,"2","Cmas"
1.14100129524168e-10,0.984956672381426,0.451,0.212,1.82537387212764e-06,"1","Rrp15"
1.14947220953205e-10,1.29597083299966,0.451,0.234,1.83892564080938e-06,"3","Bet1l"
1.16201968963732e-10,1.56083507793213,0.393,0.191,1.85899909948179e-06,"2","Gmppb"
1.16853523989678e-10,1.36429008193848,0.28,0.068,1.86942267678687e-06,"5","Cldn8"
1.19263874162218e-10,1.42072411149112,0.258,0.059,1.90798345884716e-06,"5","2610318N02Rik"
1.20012257095169e-10,1.81551936244205,0.232,0.083,1.91995608900851e-06,"0","Cacna1h"
1.23742429031777e-10,1.47182903666011,0.51,0.242,1.97963137965038e-06,"4","Tgm2"
1.2398657467083e-10,1.24338660159856,0.321,0.131,1.98353722158394e-06,"1","Casp8"
1.24100138717397e-10,1.05958347614047,0.54,0.299,1.98535401920092e-06,"2","Rfk"
1.2502059219336e-10,1.1650329809886,0.377,0.169,2.00007943390937e-06,"1","Nek6"
1.2756220186083e-10,0.565704940525506,0.654,0.337,2.04074010536957e-06,"3","Mafb"
1.27659947411693e-10,0.981330853565668,0.577,0.352,2.04230383869227e-06,"2","Ppa1"
1.2786071466151e-10,0.857455502538047,0.748,0.543,2.04551571315484e-06,"2","Bbip1"
1.28774889160844e-10,0.482341613634581,0.988,0.929,2.06014067679519e-06,"2","Fkbp1a"
1.28786655181059e-10,0.82249650211309,0.742,0.58,2.06032890958658e-06,"2","Tram1"
1.29237745736899e-10,0.955907233794808,0.544,0.298,2.06754545629891e-06,"1","Srek1ip1"
1.29343979986275e-10,0.479796695983396,0.933,0.922,2.06924499182043e-06,"0","Paip2"
1.2999497162784e-10,1.95967713146508,0.205,0.066,2.07965955610219e-06,"0","Gpr142"
1.30532993118724e-10,1.27943275979534,0.333,0.089,2.08826682391334e-06,"5","Cryl1"
1.30653503691723e-10,1.88633006706588,0.223,0.075,2.09019475206018e-06,"1","4930523C07Rik"
1.31934968723455e-10,1.61615057422738,0.237,0.051,2.11069562963783e-06,"5","Paqr5"
1.3228665223386e-10,0.939478065613886,0.742,0.342,2.11632186243729e-06,"5","Mllt4"
1.34136723111185e-10,0.320032560952011,1,0.941,2.14591929633274e-06,"1","Cdk4"
1.37937974240634e-10,0.675214479038218,0.877,0.769,2.20673171190166e-06,"3","Gabarapl2"
1.40994303267263e-10,3.22269005591231,0.35,0.042,2.25562686366967e-06,"6","Sstr3"
1.43986743884141e-10,1.4777640785367,0.29,0.073,2.30349992865849e-06,"5","Galnt7"
1.4649501641899e-10,0.400240043230047,0.986,0.94,2.343627272671e-06,"1","Eef1d"
1.4720613112518e-10,1.03949541004678,0.474,0.243,2.35500368574063e-06,"1","Tmem123"
1.47293374826051e-10,0.472164133910094,0.893,0.891,2.35639941046717e-06,"0","Psmb7"
1.49593696161113e-10,0.753839393649015,0.714,0.648,2.39319995118548e-06,"0","Klhdc2"
1.5120026624985e-10,1.70968129588172,0.333,0.106,2.4189018594651e-06,"4","Ror2"
1.52268187885374e-10,1.12846162316799,0.516,0.185,2.43598646979021e-06,"5","Amd1"
1.54179267385581e-10,0.648139321872627,0.839,0.801,2.46655991963453e-06,"0","Glrx3"
1.55373124035568e-10,1.17069147808588,0.38,0.15,2.48565923832101e-06,"2","Tmed8"
1.59497692476871e-10,0.901570593423805,0.774,0.361,2.55164408424498e-06,"5","Kpnb1"
1.60061801120522e-10,1.23661688056765,0.38,0.158,2.56066869432612e-06,"2","Nudt7"
1.61120414447665e-10,0.600729555032286,1,0.804,2.57760439033375e-06,"5","Erh"
1.61547548498185e-10,1.43105827847596,0.247,0.084,2.58443768087397e-06,"1","Trip10"
1.62320368201048e-10,0.257915149997238,1,1,2.59680125048036e-06,"0","Naca"
1.63925177514222e-10,1.54506323902173,0.27,0.101,2.62247498987252e-06,"1","Nxt2"
1.65865775548281e-10,1.36108257965934,0.387,0.121,2.6535206772214e-06,"5","Bspry"
1.6732259184077e-10,1.66529834849881,0.29,0.106,2.67682682426864e-06,"3","Mdm1"
1.68488841670686e-10,1.32726974853151,0.28,0.068,2.69548448904763e-06,"5","Cyp39a1"
1.70430658447449e-10,1.05645034287189,0.355,0.099,2.72654967384228e-06,"5","Rab27b"
1.70662476830461e-10,1.67951810850026,0.282,0.098,2.73025830433372e-06,"2","Snap25"
1.73360291064653e-10,0.328330877346321,1,0.998,2.77341793645232e-06,"4","Rplp2"
1.77197754009905e-10,0.854961421620983,0.732,0.668,2.83480966865046e-06,"0","Txnip"
1.77243130776618e-10,1.11233942261642,0.543,0.345,2.83553560616434e-06,"3","Adprh"
1.78432218231236e-10,1.28664546291022,0.353,0.158,2.85455862726332e-06,"1","Gart"
1.78766985836442e-10,1.00615359521286,0.656,0.266,2.85991423941139e-06,"5","Pole3"
1.80287597365434e-10,0.578641130910021,0.851,0.636,2.88424098265221e-06,"1","Eif1ax"
1.80335597054367e-10,0.67607176409897,0.833,0.694,2.88500888167577e-06,"3","Cuta"
1.80344582441299e-10,0.878267886531477,0.687,0.477,2.8851526298959e-06,"2","H2-Ke6"
1.80674604684915e-10,0.810827020234127,0.828,0.45,2.89043232574927e-06,"5","Plp2"
1.81674169359523e-10,1.25366545668877,0.366,0.106,2.90642336141365e-06,"5","Farp1"
1.8173340414721e-10,1.71467064692257,0.204,0.04,2.90737099954707e-06,"5","Matn4"
1.81808141345083e-10,1.21462083389741,0.441,0.15,2.90856664523863e-06,"5","Col27a1"
1.84183581077093e-10,1.14096181836245,0.376,0.108,2.94656893007133e-06,"5","Mrps27"
1.93096706139294e-10,0.263998526208993,1,1,3.08916110481643e-06,"2","Ubb"
1.94321744929459e-10,1.25582596704858,0.436,0.21,3.10875927538149e-06,"2","Blcap"
1.95885838180083e-10,0.907424568257255,0.71,0.307,3.13378163920497e-06,"5","Phb"
1.97122101576106e-10,0.326133888491728,1,0.998,3.15355938101454e-06,"5","Rpl35a"
2.01096835708099e-10,1.09211079271982,0.605,0.416,3.21714717765817e-06,"3","Mgst3"
2.01535648411655e-10,0.77662045785876,0.35,0.132,3.22416730328965e-06,"2","Resp18"
2.02108816817162e-10,2.1456791975697,0.95,0.645,3.23333685144096e-06,"6","Hadh"
2.02240367729552e-10,1.6705600508224,0.431,0.188,3.23544140293737e-06,"4","Nacc1"
2.02554452859392e-10,0.992083239862075,0.538,0.194,3.24046613684455e-06,"5","Terf1"
2.052997998228e-10,1.07457282051321,0.473,0.163,3.28438619756515e-06,"5","Slc38a2"
2.08424133892239e-10,1.58685929324575,0.282,0.094,3.33436929400804e-06,"2","Mapk8ip2"
2.10040809455746e-10,1.28039314904128,0.29,0.072,3.36023286967302e-06,"5","Fastkd3"
2.10451003824465e-10,0.848797490253433,0.873,0.645,3.36679515918378e-06,"4","Rcn2"
2.12454026956379e-10,1.34470243505058,0.264,0.083,3.39883952324816e-06,"2","Ccdc184"
2.14217200752547e-10,1.27132052607265,0.282,0.094,3.42704677763924e-06,"2","Ramp1"
2.18502354242304e-10,0.333990205294726,1,1,3.49560066316839e-06,"4","Rpl7"
2.22151187723342e-10,1.72868208373241,0.284,0.104,3.55397470119803e-06,"3","Slc25a33"
2.26607461523697e-10,0.72171917788779,0.679,0.387,3.62526616945611e-06,"1","Ppil1"
2.27749622887769e-10,1.11643181070935,0.376,0.112,3.64353846695853e-06,"5","Pank1"
2.27818869990237e-10,1.39365372502817,0.377,0.166,3.64464628210381e-06,"3","Gramd1a"
2.3282811200824e-10,1.65878933377899,0.209,0.063,3.72478413590783e-06,"1","Irf9"
2.35724935048557e-10,1.24813583444201,0.441,0.15,3.77112751090681e-06,"5","Rras2"
2.43468149513934e-10,0.887967924721298,0.534,0.289,3.89500345592392e-06,"2","Akr1c12"
2.44321820157488e-10,0.756368708317739,0.698,0.427,3.9086604788795e-06,"1","Plp2"
2.46693789349515e-10,0.866290769593023,0.685,0.477,3.94660724201355e-06,"3","H2-Ke6"
2.46709262481434e-10,0.500795690143908,0.957,0.893,3.94685478117799e-06,"2","Ndufa11"
2.54324003664298e-10,1.32852056912786,0.382,0.132,4.06867541062144e-06,"4","Neurod2"
2.5883492038609e-10,1.39734653255939,0.307,0.127,4.14084105633667e-06,"1","Pacsin2"
2.60718816761331e-10,0.858869659411119,0.591,0.213,4.17097963054777e-06,"5","Ctbp2"
2.62044577426651e-10,1.57756439017344,0.337,0.145,4.19218914967156e-06,"2","Pdia5"
2.68008733020537e-10,0.792265230488187,0.763,0.328,4.28760371086255e-06,"5","Svbp"
2.68727841750556e-10,3.82793116194547,0.2,0.014,4.29910801232539e-06,"6","Hpgds"
2.72562330298157e-10,0.765235552184076,0.755,0.548,4.36045216010992e-06,"2","Npepl1"
2.73560257258907e-10,0.257884122321928,1,1,4.37641699562799e-06,"5","Rpl18"
2.77275701677496e-10,0.769863630824534,0.684,0.39,4.43585667543658e-06,"1","0610007P14Rik"
2.78549266207739e-10,1.54505718088133,0.247,0.086,4.45623116079142e-06,"1","Fggy"
2.80219740402548e-10,0.392817648134397,0.973,0.966,4.48295540695997e-06,"0","Uqcrh"
2.81649336329164e-10,1.70627042895334,0.343,0.115,4.50582608259397e-06,"4","Hps4"
2.84539139559722e-10,1.08140973643009,0.495,0.176,4.55205715467643e-06,"5","Dtnbp1"
2.8614206983965e-10,1.11689120898652,0.593,0.371,4.57770083329471e-06,"3","Gnptg"
2.89268449146631e-10,1.40755483600888,0.569,0.288,4.6277166494478e-06,"4","Bnip2"
2.90620325717136e-10,1.27385559214607,0.355,0.105,4.64934397082274e-06,"5","Rnf168"
2.90713413092869e-10,1.90545994957252,0.227,0.07,4.65083318265972e-06,"2","Sepsecs"
2.94708947416905e-10,1.70892502165598,0.205,0.063,4.71475374077564e-06,"1","Cys1"
2.96926979873495e-10,1.19607270671895,0.377,0.153,4.75023782401617e-06,"3","Gjd2"
2.99138538094141e-10,0.841792390447923,0.763,0.353,4.78561833243007e-06,"5","Rbms3"
3.0572381967755e-10,0.795714769524492,0.634,0.531,4.89096966720144e-06,"0","Ddr1"
3.13209410216335e-10,1.36426003528221,0.339,0.171,5.01072414464093e-06,"0","Tspan5"
3.15412300739579e-10,1.54248545230421,0.296,0.111,5.04596598723178e-06,"3","Mamld1"
3.24763088634698e-10,1.13410243145996,0.366,0.105,5.1955598919779e-06,"5","Mis12"
3.32229307277368e-10,1.61875842273468,0.317,0.15,5.31500445782334e-06,"0","Spock2"
3.41966861068338e-10,1.16034884761416,0.522,0.401,5.47078584337127e-06,"0","Kdm5b"
3.43263871405755e-10,1.25853657708083,0.344,0.145,5.49153541474926e-06,"1","Arid5b"
3.4332332117432e-10,1.39120220850979,0.389,0.191,5.49248649214677e-06,"3","Ctso"
3.46832478678219e-10,1.47714216038895,0.411,0.211,5.54862599389415e-06,"2","Nucb2"
3.48301089394194e-10,1.96703790435317,0.219,0.079,5.57212082812832e-06,"0","Eml5"
3.50029522875969e-10,0.802095034694082,0.741,0.532,5.59977230696975e-06,"3","Cnot6l"
3.54437950988696e-10,1.01755378552287,0.472,0.23,5.67029833991717e-06,"2","Lgals3bp"
3.55226295132088e-10,0.662073564973678,0.758,0.527,5.68291026952314e-06,"1","Dcps"
3.64132319807247e-10,1.8979738488261,0.278,0.104,5.82538885227634e-06,"3","Rap1gapos"
3.65149764164673e-10,1.68775604780676,0.237,0.084,5.84166592710644e-06,"1","Shmt1"
3.67825124279869e-10,1.13765734087743,0.414,0.199,5.88446633822935e-06,"1","Acsl5"
3.6979612234169e-10,0.512335101736478,0.94,0.716,5.91599836522236e-06,"1","Tagln2"
3.70503175770958e-10,0.295553313478985,1,1,5.92730980598379e-06,"4","Rps13"
3.71731805856995e-10,0.973795975592038,0.518,0.377,5.9469654301002e-06,"0","Ttc5"
3.96894823104529e-10,1.46769156723278,0.346,0.143,6.34952338002626e-06,"3","Tcp11"
3.98826110048309e-10,1.03227226867816,0.546,0.314,6.38042010855285e-06,"2","Elp4"
4.05550015360865e-10,0.905935654953292,0.376,0.109,6.48798914574312e-06,"5","Siah1b"
4.06550577072885e-10,1.26531325264965,0.298,0.118,6.50399613201202e-06,"1","Fam81a"
4.08846273416512e-10,1.05322469068284,0.484,0.165,6.54072268211736e-06,"5","Usp10"
4.09115570409813e-10,1.06215728077369,0.538,0.207,6.54503089541618e-06,"5","Flna"
4.27321912133952e-10,0.583151953615431,0.914,0.864,6.83629595031897e-06,"3","Lamp1"
4.28034247387056e-10,1.31296953355991,0.321,0.135,6.84769188969812e-06,"1","Fgfrl1"
4.31202114119728e-10,1.18272577404355,0.401,0.175,6.89837142168741e-06,"3","Cadps"
4.31923162394518e-10,1.31641787176984,0.269,0.065,6.9099067519875e-06,"5","Carnmt1"
4.44004701516238e-10,0.889147955853512,0.785,0.398,7.10318721485678e-06,"5","Tsen15"
4.45066224024509e-10,0.950881739305837,0.598,0.29,7.12016945194409e-06,"4","Habp2"
4.46792156919575e-10,1.32076019886364,0.312,0.084,7.14778092639936e-06,"5","Sp1"
4.48385398997662e-10,1.60152462518743,0.226,0.05,7.17326961316459e-06,"5","Cep295"
4.51170610319374e-10,0.883443790986178,0.638,0.413,7.21782742388934e-06,"2","Tspan13"
4.52856409478848e-10,0.913984186707668,0.644,0.398,7.2447968388426e-06,"2","Vamp2"
4.5537352307164e-10,0.536345091446007,1,0.863,7.28506562210009e-06,"5","Srsf7"
4.59357164125382e-10,1.25964361691947,0.366,0.111,7.34879591167786e-06,"5","Srm"
4.60983471531812e-10,0.763537407585075,0.914,0.561,7.37481357756593e-06,"5","Ak2"
4.65909591486882e-10,0.642951772496887,0.844,0.772,7.45362164460715e-06,"0","App"
4.66852200797363e-10,1.23359881449935,0.312,0.084,7.46870150835621e-06,"5","Rab20"
4.81006853417181e-10,1.48067909419381,0.28,0.071,7.69514764096806e-06,"5","Dhcr24"
4.82077368453556e-10,1.0090462601364,0.441,0.142,7.71227374051998e-06,"5","Pwp1"
4.86952687106831e-10,0.691772586683687,0.925,0.54,7.79026908833508e-06,"5","Npm3"
4.87226539438514e-10,1.38224135423642,0.362,0.196,7.79465017793735e-06,"0","Kcnh2"
4.9475168900626e-10,1.77189056853647,0.343,0.121,7.91503752072214e-06,"4","Lbp"
4.96004173506983e-10,1.86177280998095,0.95,0.36,7.93507476776472e-06,"6","Pcsk2"
4.97440092224589e-10,1.10642403950217,0.353,0.153,7.95804659540898e-06,"1","Map2k3"
5.04866822158692e-10,1.9523136617122,0.392,0.162,8.07685942089475e-06,"4","Upp1"
5.07469478664555e-10,1.07526532466478,0.505,0.184,8.11849671967555e-06,"5","Prmt3"
5.08456822119e-10,1.41281193555633,0.393,0.191,8.13429224025976e-06,"2","Uggt1"
5.09352675628521e-10,0.972004779129126,0.344,0.096,8.14862410470508e-06,"5","Erbb3"
5.09993264876134e-10,1.12252107215325,0.366,0.107,8.15887225148839e-06,"5","Whsc1"
5.18757944601337e-10,0.933762885473834,0.495,0.178,8.29908959773218e-06,"5","Tgif1"
5.2377163694799e-10,1.07857615918275,0.355,0.104,8.37929864789394e-06,"5","Pard6b"
5.27107389969805e-10,0.729806993156577,0.719,0.628,8.43266402473694e-06,"0","Smarce1"
5.28499245442082e-10,0.978902458546282,0.656,0.282,8.45493092858243e-06,"5","Nmral1"
5.33389123595435e-10,0.596099855410833,0.799,0.731,8.53315919927977e-06,"0","Cmpk1"
5.39702606545933e-10,0.988298605052246,0.495,0.168,8.63416229952183e-06,"5","Mgat4b"
5.39945383260594e-10,0.957437116404738,0.656,0.266,8.63804624140298e-06,"5","Gamt"
5.40020844689757e-10,0.56974662522977,0.933,0.873,8.63925347334673e-06,"2","Atp6v0e"
5.40487438726514e-10,1.48332951726003,0.42,0.245,8.64671804474677e-06,"0","Rasd1"
5.43509665739093e-10,1.04222054678588,0.634,0.27,8.69506763249401e-06,"5","Nolc1"
5.44651476342732e-10,1.64624424946963,0.363,0.138,8.71333431853103e-06,"4","Tgif2"
5.53589842817296e-10,1.66894068504869,0.269,0.069,8.8563303053911e-06,"5","Msh6"
5.54288213493941e-10,0.330062419351387,1,0.966,8.86750283947606e-06,"1","Eif3k"
5.54770291302632e-10,1.04975499433387,0.353,0.151,8.8752151202595e-06,"1","Mcm4"
5.56782411609808e-10,0.909328226990353,0.667,0.278,8.90740502093371e-06,"5","D030056L22Rik"
5.63357164373981e-10,0.817928393027689,0.651,0.393,9.01258791565495e-06,"1","Tmed1"
5.69133544040282e-10,1.22473908309812,0.344,0.1,9.10499843755644e-06,"5","Cgn"
5.69540903191205e-10,0.356611125445029,1,1,9.11151536925289e-06,"4","Rps17"
5.7537729082812e-10,0.460508097935984,1,1,9.20488589866827e-06,"5","Rpl29"
5.86826887393209e-10,0.909386449212926,0.656,0.267,9.38805654451656e-06,"5","Sap30"
5.932578498784e-10,0.692469870315869,0.925,0.625,9.49093908235465e-06,"5","Mrpl51"
5.98539924902952e-10,1.06775847948888,0.677,0.324,9.57544171859743e-06,"5","Tnfrsf12a"
5.98634615841227e-10,0.886895907044275,0.428,0.212,9.57695658422795e-06,"1","Homer2"
5.99633308577736e-10,0.48551765483337,0.93,0.75,9.59293367062661e-06,"1","Ptprf"
6.0050356435209e-10,1.43660722747594,0.312,0.156,9.60685602250474e-06,"0","Klc4"
6.08679581335483e-10,0.891121111509535,0.54,0.298,9.73765594220506e-06,"1","Taf13"
6.09404156613426e-10,0.976521421375196,0.634,0.26,9.74924769750159e-06,"5","Atp1b3"
6.09620871708603e-10,1.59365295849005,0.27,0.105,9.75271470559423e-06,"1","Slc2a1"
6.18246175226326e-10,0.445873208665766,1,0.979,9.89070231127076e-06,"4","Eef1b2"
6.27842395608952e-10,1.06258262231943,0.366,0.106,1.0044222644952e-05,"5","Tnfrsf1a"
6.28082405001025e-10,1.35176850806874,0.423,0.21,1.00480623152064e-05,"2","Hmgcr"
6.37825136612912e-10,1.1270056742136,0.398,0.125,1.02039265355334e-05,"5","Lzic"
6.43887689299978e-10,0.805991820354965,0.577,0.314,1.03009152534211e-05,"1","Fkbp9"
6.44513018217813e-10,0.55936373828628,0.846,0.699,1.03109192654486e-05,"3","Vbp1"
6.53746289339453e-10,0.838073442268437,0.72,0.351,1.04586331368526e-05,"5","Muc1"
6.56835272102175e-10,1.71329521364854,0.392,0.148,1.05080506830906e-05,"4","Prodh2"
6.61473151880646e-10,1.64675730628403,0.25,0.102,1.05822474837866e-05,"0","Atp2a3"
6.6346541182239e-10,0.873018914392549,0.577,0.338,1.06141196583346e-05,"2","Scfd1"
6.66691262905525e-10,1.02125973233905,0.509,0.271,1.06657268239626e-05,"2","Kctd13"
6.71011332361577e-10,1.93079952176423,0.228,0.073,1.07348392951205e-05,"3","Suox"
6.74130466659813e-10,0.580596908415831,0.804,0.748,1.07847392056237e-05,"0","Slc25a11"
6.77905437464435e-10,1.41663210970224,0.27,0.103,1.0845131188556e-05,"1","Tfrc"
6.79636617641005e-10,1.25168034383474,0.618,0.345,1.08728266090208e-05,"4","Mtch1"
7.0180585992651e-10,0.304275154444647,1,0.997,1.12274901471043e-05,"0","Ywhae"
7.02327075200559e-10,0.969781980748348,0.57,0.222,1.12358285490585e-05,"5","Oat"
7.03514470544298e-10,1.56305104202581,0.247,0.09,1.12548244997677e-05,"1","Prps2"
7.06846632833727e-10,0.580861312130918,0.819,0.584,1.1308132432074e-05,"1","Fbl"
7.27368730147345e-10,1.11876158072167,0.444,0.224,1.16364449448972e-05,"3","Apbb1"
7.28797567718206e-10,0.827365694016762,0.828,0.419,1.16593034883559e-05,"5","Zfp637"
7.33367466330011e-10,0.883354749518205,0.521,0.271,1.17324127263475e-05,"1","Asl"
7.34930925251162e-10,0.698592793639933,0.834,0.681,1.17574249421681e-05,"2","Calm3"
7.35369040249383e-10,1.76677664329283,0.226,0.051,1.17644339059096e-05,"5","Tmem37"
7.42279405737186e-10,1.34633456551565,0.284,0.11,1.18749859329835e-05,"1","Ltbr"
7.46856383051437e-10,1.565432060385,1,0.463,1.19482084160569e-05,"6","Iapp"
7.50627558825544e-10,1.01880763040695,0.66,0.502,1.20085396860911e-05,"3","Pld3"
7.53618236143083e-10,0.621306268564819,0.883,0.789,1.2056384541817e-05,"3","Uqcc2"
7.53650464157683e-10,0.932644317707223,0.538,0.192,1.20569001255946e-05,"5","Serhl"
7.65056150770625e-10,1.28618517839077,0.471,0.192,1.22393683000285e-05,"4","Cnksr3"
7.67513754668293e-10,1.61069149443955,0.294,0.09,1.22786850471834e-05,"4","Ttyh2"
7.72716393700036e-10,1.1015238527962,0.521,0.301,1.23619168664132e-05,"2","Mafg"
7.7501745851857e-10,0.819874859610768,0.558,0.314,1.23987293013801e-05,"1","Msrb1"
7.90507615564604e-10,1.12964501912671,0.423,0.199,1.26465408338025e-05,"2","Foxo1"
7.97163235197241e-10,0.565324596747663,0.804,0.748,1.27530174366855e-05,"0","Zfand6"
8.03516977130856e-10,0.997484160840729,0.455,0.278,1.28546646001394e-05,"0","Lrp11"
8.15312390617107e-10,0.816680411080764,0.602,0.219,1.30433676250925e-05,"5","Limd1"
8.18600668022502e-10,2.28283056964615,0.6,0.129,1.3095973487024e-05,"6","Rnf138rt1"
8.20254864462587e-10,0.728398174643191,0.698,0.465,1.31224373216725e-05,"1","Rpl7l1"
8.31260378897931e-10,1.23765532493949,0.288,0.114,1.32985035416091e-05,"1","Comtd1"
8.3818157401867e-10,0.590652831892635,1,0.771,1.34092288211507e-05,"5","Snrpd3"
8.51516444819833e-10,0.618522361798501,0.644,0.336,1.36225600842277e-05,"2","Zdbf2"
8.60233084432303e-10,1.41874215576342,0.353,0.196,1.3762008884748e-05,"0","Ptprs"
8.83072821126239e-10,0.709176989258364,0.968,0.599,1.41273989923776e-05,"5","Hprt"
9.08126767117922e-10,1.01114321112087,0.503,0.276,1.45282120203525e-05,"2","Pea15a"
9.08667462559738e-10,1.11295913827187,0.28,0.07,1.45368620660307e-05,"5","Plch1"
9.10190566297269e-10,1.54707100741801,0.29,0.135,1.45612286796237e-05,"0","Dedd2"
9.33988679914866e-10,1.52869242131725,0.331,0.147,1.4941950901278e-05,"2","Oaf"
9.36891508972916e-10,0.595946552194866,0.777,0.722,1.49883903605487e-05,"0","Rsrc2"
9.42049819641986e-10,0.91360372004088,0.495,0.17,1.50709130146325e-05,"5","Dhrs7b"
9.42789213733481e-10,1.60824675800149,0.233,0.084,1.50827418413082e-05,"1","Fn1"
9.43125959879923e-10,0.533196756343974,0.914,0.799,1.5088129106159e-05,"2","Kif5b"
9.45080654875655e-10,0.308976205634414,1,0.963,1.51194003167007e-05,"1","Akr1a1"
9.55419143112095e-10,0.872621003446727,0.753,0.335,1.52847954515073e-05,"5","Tubg1"
9.56624952421449e-10,1.01539408241109,0.648,0.46,1.53040859888383e-05,"3","Tshz2"
9.8109933618204e-10,1.64670010746936,0.254,0.102,1.56956271802403e-05,"0","Kcnb2"
9.90436128138923e-10,0.774991771857705,0.806,0.371,1.58449971779665e-05,"5","Cnih4"
1.00542141761965e-09,0.312299025012778,1,0.999,1.60847318390791e-05,"4","Rpl37a"
1.0138030017842e-09,0.476969456746599,0.938,0.938,1.62188204225436e-05,"0","Uqcrfs1"
1.01527249304708e-09,1.46557487930512,0.215,0.046,1.62423293437672e-05,"5","Magi3"
1.02332106388886e-09,1.66055585820674,0.275,0.079,1.6371090380094e-05,"4","Plk3"
1.02625593678239e-09,1.43133988323262,0.264,0.089,1.64180424766446e-05,"2","1700007K13Rik"
1.0299176899782e-09,1.21040738726063,0.326,0.137,1.64766232042713e-05,"1","Avpi1"
1.03543523902394e-09,0.882502403546268,0.488,0.255,1.6564892953905e-05,"1","Mrpl45"
1.05535600155737e-09,0.664819800198637,0.679,0.412,1.68835853129148e-05,"1","Igbp1"
1.06183134652798e-09,3.88236396295216,0.2,0.015,1.69871778817547e-05,"6","Cabp7"
1.06640514381446e-09,1.14469540974024,0.387,0.126,1.70603494907438e-05,"5","Prss23"
1.07919012355446e-09,1.44339717531099,0.258,0.063,1.72648835966242e-05,"5","Ccdc122"
1.08704213873799e-09,0.952109139775257,0.512,0.279,1.73905001355304e-05,"1","Aldh2"
1.08882359405841e-09,0.69971791779616,0.843,0.483,1.74189998577464e-05,"4","Spp1"
1.09332915821909e-09,1.05636021944116,0.28,0.07,1.7491079873189e-05,"5","Bcs1l"
1.09521608589824e-09,0.434151022080099,1,0.979,1.75212669422001e-05,"4","Btf3"
1.101281724858e-09,1.16350131984384,0.482,0.338,1.76183050342783e-05,"0","Mad2l2"
1.1054864576712e-09,0.748964417989917,0.722,0.559,1.76855723498238e-05,"3","Trappc6b"
1.11054367192529e-09,0.463047179145303,0.99,0.937,1.77664776634609e-05,"4","2700060E02Rik"
1.11270165909362e-09,0.636800714416395,0.935,0.604,1.78010011421797e-05,"5","Ssna1"
1.11546683889539e-09,0.905669748410518,0.567,0.327,1.78452384886484e-05,"1","Chmp2b"
1.11692845810891e-09,1.36343253316019,0.265,0.103,1.78686214728263e-05,"1","Mtap"
1.13712007835784e-09,1.37186102586247,0.269,0.069,1.81916470135687e-05,"5","Rhbdf1"
1.16870987594002e-09,0.384415768514305,0.975,0.965,1.86970205952884e-05,"3","Minos1"
1.1702080215098e-09,1.55805418189369,0.242,0.09,1.87209879281137e-05,"1","Tjp3"
1.17528161179053e-09,1.36884944779148,0.272,0.097,1.88021552254248e-05,"3","Mapk8ip2"
1.18638491642932e-09,0.745423835250261,0.779,0.627,1.89797858930363e-05,"2","Ift20"
1.20047063818593e-09,0.85234790101378,0.567,0.375,1.92051292696985e-05,"0","Insm1"
1.20236357997264e-09,1.59845165274453,0.29,0.138,1.92354125524023e-05,"0","Slc29a4"
1.20358045188314e-09,1.40937090334446,0.228,0.077,1.92548800692264e-05,"1","Gab1"
1.20805626237773e-09,0.483151624485438,0.958,0.855,1.93264840855189e-05,"1","Tsc22d1"
1.20848186684748e-09,1.30589330223287,0.323,0.095,1.9333292905826e-05,"5","Fn1"
1.21106068282212e-09,1.1660931246021,0.28,0.072,1.93745488037882e-05,"5","Me1"
1.23538020810871e-09,1.19871960044275,0.302,0.122,1.97636125693231e-05,"1","Kdsr"
1.23938168960257e-09,0.394044856123071,1,1,1.98276282702619e-05,"4","Rps26"
1.27436481575566e-09,0.616034409802083,0.288,0.113,2.0387288322459e-05,"1","Tmem171"
1.28672464144071e-09,1.35726133669483,0.384,0.228,2.05850208137684e-05,"0","Tmeff1"
1.29486518678828e-09,0.664760384113197,0.946,0.595,2.0715253258239e-05,"5","Snx5"
1.29521610620298e-09,0.954676724448696,0.43,0.141,2.07208672670353e-05,"5","Pradc1"
1.3095505944118e-09,0.834823739489386,0.688,0.269,2.09501904094e-05,"5","Stt3b"
1.31164803879335e-09,0.26376464108373,1,1,2.0983745324616e-05,"5","Rpl26"
1.33594579303938e-09,1.66583009144142,0.221,0.066,2.13724607970439e-05,"2","Pex5l"
1.34391184011866e-09,3.78860678127828,0.2,0.015,2.14999016182183e-05,"6","Ppp1r17"
1.37439214711246e-09,1.62446773225012,0.247,0.094,2.19875255695051e-05,"1","Fgfr4"
1.39178379723174e-09,0.581889551518253,0.577,0.289,2.22657571881134e-05,"2","Pam"
1.39979638321614e-09,0.596848763168746,0.883,0.799,2.23939425386919e-05,"3","Immp1l"
1.44562259799472e-09,1.33879639141039,0.331,0.134,2.31270703227195e-05,"2","Sdccag8"
1.4620455803618e-09,0.521043503263979,0.808,0.744,2.33898051946281e-05,"0","Bnip3l"
1.47065637500942e-09,1.2919967090765,0.37,0.175,2.35275606874007e-05,"3","Cbarp"
1.47556836728944e-09,0.528609476547353,0.888,0.854,2.36061427398965e-05,"0","Gltscr2"
1.49579429144301e-09,1.26160457751922,0.451,0.245,2.39297170745053e-05,"3","Fabp3"
1.51186109362453e-09,1.35611237297046,0.301,0.085,2.41867537758052e-05,"5","Acsl3"
1.51704574046952e-09,1.59581491793207,0.205,0.065,2.42696977560314e-05,"1","Plec"
1.53396107716179e-09,0.683787797686285,0.968,0.852,2.45403093124344e-05,"5","Hn1"
1.53820403229558e-09,1.7652393100698,0.363,0.143,2.46081881086646e-05,"4","Dcx"
1.54780203612448e-09,0.635863526028063,0.978,0.655,2.47617369739194e-05,"5","Atp1a1"
1.58618294723958e-09,0.891205858661697,0.763,0.359,2.53757547899388e-05,"5","Actn1"
1.5880793548267e-09,1.39682590249743,0.29,0.113,2.54060935185176e-05,"3","Akap17b"
1.59986193873101e-09,1.10699176778537,0.312,0.087,2.55945912958187e-05,"5","2200002J24Rik"
1.62214171791743e-09,1.21530835316316,0.333,0.099,2.5951023203243e-05,"5","Nup93"
1.62618704618387e-09,0.857992029880203,0.71,0.312,2.60157403648496e-05,"5","Suclg2"
1.62675845658208e-09,0.985200323892035,0.521,0.283,2.60248817884002e-05,"1","Clint1"
1.6433817204779e-09,0.573910636558997,0.86,0.636,2.62908207642055e-05,"1","Mrpl42"
1.6507568508233e-09,0.866081888390269,0.553,0.312,2.64088080994712e-05,"1","Mpst"
1.69388731726228e-09,0.65278919091262,0.968,0.723,2.7098809301562e-05,"5","Lsm6"
1.71477458725465e-09,1.16675233589898,0.446,0.298,2.74329638468998e-05,"0","Klf7"
1.71685666219001e-09,0.551453522715549,0.86,0.416,2.74662728817157e-05,"5","Acaa2"
1.73253856244585e-09,1.83939305424179,0.222,0.071,2.77171519220087e-05,"3","Upb1"
1.76082898690156e-09,1.03104142249712,0.516,0.196,2.81697421324512e-05,"5","Cenpv"
1.79704163953889e-09,0.337930366395938,1,1,2.87490721493431e-05,"3","Malat1"
1.89325842682712e-09,0.784435022472157,0.731,0.341,3.02883483123802e-05,"5","Cat"
1.90820071997031e-09,1.03496671223239,0.518,0.384,3.0527395118085e-05,"0","Lpcat3"
1.92691965984823e-09,0.277028524064733,1,0.988,3.0826860718252e-05,"2","Arf5"
1.92778170792583e-09,1.741708580226,0.245,0.083,3.08406517633975e-05,"2","Ldlr"
1.93261962131842e-09,1.56408751699204,0.431,0.181,3.0918048701852e-05,"4","Swt1"
1.94405586062409e-09,0.764595997264374,0.679,0.429,3.11010056582642e-05,"1","Mesdc2"
1.95885125177396e-09,1.024290251729,0.344,0.1,3.13377023258798e-05,"5","Ssx2ip"
1.96560539823502e-09,1.37633237680563,0.335,0.171,3.14457551609639e-05,"0","Pnmal1"
1.96561894691932e-09,1.1062480669307,0.372,0.173,3.14459719128153e-05,"1","Htatip2"
1.98438198514721e-09,0.414501511691763,1,1,3.17461429983851e-05,"5","H3f3b"
1.99854916980236e-09,1.38003699443313,0.312,0.09,3.19727896184982e-05,"5","Epn3"
2.02852890343957e-09,0.750323117403496,0.632,0.36,3.24524053972263e-05,"2","Mapre3"
2.04118805702369e-09,1.45231114065025,0.215,0.047,3.2654926536265e-05,"5","Epb41l2"
2.06966081226208e-09,0.823224838310237,0.581,0.221,3.31104336745687e-05,"5","Ncald"
2.07377083018011e-09,0.795421950887358,0.675,0.49,3.31761857412215e-05,"2","Slc39a7"
2.10281318497958e-09,1.22106516231599,0.344,0.106,3.36408053333033e-05,"5","Dab1"
2.10750595348958e-09,1.2033597533211,0.387,0.181,3.37158802439263e-05,"2","Chpf"
2.12590328322498e-09,1.41670027903426,0.398,0.144,3.40102007250332e-05,"5","Fam89a"
2.17771127366375e-09,1.86076841105965,0.21,0.077,3.48390249560727e-05,"0","Gm29417"
2.22709067623064e-09,4.60416405646734,0.2,0.016,3.56289966383378e-05,"6","Dpysl3"
2.22744030439776e-09,0.851466243682792,0.71,0.324,3.56345899897554e-05,"5","Mesdc1"
2.23446825452435e-09,1.32672932706376,0.288,0.105,3.57470231358806e-05,"2","Prr7"
2.23878511142479e-09,1.88815268255365,0.275,0.086,3.58160842125738e-05,"4","Mettl21a"
2.24862206118325e-09,1.06367367527575,0.364,0.157,3.59734557348097e-05,"3","Entpd3"
2.25761830270264e-09,0.740442312325308,0.693,0.465,3.61173776066368e-05,"1","Mcee"
2.26499479815797e-09,1.20046327449592,0.335,0.152,3.62353867809312e-05,"1","Erf"
2.28483140235825e-09,1.18792030610459,0.335,0.151,3.65527327749272e-05,"1","Rab13"
2.30813185851919e-09,0.375455464389625,0.964,0.927,3.692549347259e-05,"0","Srp14"
2.35720956015562e-09,1.31613888265489,0.294,0.112,3.77106385433696e-05,"2","Ankrd44"
2.37304430440916e-09,0.791597555490761,0.632,0.357,3.79639627819377e-05,"2","Efcab1"
2.3861711973436e-09,0.3310181855207,1,1,3.81739668151029e-05,"4","Rplp0"
2.44599291035117e-09,0.376864404843337,1,0.98,3.9130994579798e-05,"2","Sub1"
2.44883873652075e-09,1.50366179056823,0.247,0.062,3.91765221068589e-05,"5","Eva1a"
2.46141751781534e-09,0.716227390937304,0.736,0.482,3.93777574500099e-05,"2","Hagh"
2.47687735723928e-09,1.65122925533125,0.215,0.049,3.9625083961114e-05,"5","Cebpb"
2.53853041528871e-09,1.9722133126743,0.228,0.078,4.06114095837888e-05,"3","Bdnf"
2.53886170418186e-09,1.34547890135782,0.258,0.065,4.06167095435014e-05,"5","Paqr4"
2.53940425186604e-09,2.29189101632942,0.225,0.064,4.0625389221353e-05,"4","Cd82"
2.55758049944057e-09,0.761200519088204,0.368,0.154,4.09161728300503e-05,"2","Peg10"
2.57103852943989e-09,0.543170112610377,0.978,0.854,4.11314743939794e-05,"5","Myl12a"
2.57179818072965e-09,1.34026932889204,0.26,0.102,4.1143627295313e-05,"1","Nfia"
2.61560274127328e-09,0.887157111792871,0.572,0.339,4.184441265489e-05,"1","Serpinb6a"
2.65597700803156e-09,0.450298084842956,1,0.968,4.24903201744889e-05,"4","Akr1a1"
2.65966071557041e-09,0.855375663392542,0.745,0.465,4.25492521276954e-05,"4","Hpcal1"
2.66154019497503e-09,0.827286128822983,0.742,0.351,4.25793200392105e-05,"5","Lsm12"
2.66847593461654e-09,1.09472245212869,0.481,0.266,4.26902780019954e-05,"3","Tcta"
2.67773559956859e-09,1.67117861666623,0.227,0.072,4.28384141218983e-05,"2","Gm19412"
2.68501841453079e-09,0.753737879630991,0.616,0.501,4.29549245956636e-05,"0","Stard10"
2.71071828453574e-09,1.32744242225722,0.237,0.085,4.33660711160027e-05,"1","Pstk"
2.77769257337544e-09,1.44253133971439,0.414,0.236,4.44375257888604e-05,"3","Glt8d1"
2.78732305265542e-09,0.592355780022853,0.989,0.76,4.45915941963814e-05,"5","Nop10"
2.79252794695306e-09,0.290384754168279,1,1,4.4674862095355e-05,"4","H3f3b"
2.81342138799882e-09,1.45932998297268,0.221,0.067,4.50091153652051e-05,"2","Nol4"
2.844450017874e-09,0.492405003720233,0.939,0.832,4.55055113859482e-05,"2","Prdx5"
2.85450999891761e-09,1.37122342947935,0.269,0.071,4.56664509626839e-05,"5","4930579G24Rik"
2.85864091626805e-09,0.54903748833104,0.98,0.944,4.57325373784563e-05,"4","Tmem176b"
2.87654456814514e-09,1.20608616830815,0.237,0.086,4.6018960001186e-05,"1","Atf3"
2.90921155440827e-09,0.281594017066773,1,0.999,4.65415664474236e-05,"2","Calm1"
2.91242618593869e-09,1.05243069790645,0.618,0.327,4.65929941226471e-05,"4","Gse1"
2.9698143355176e-09,2.0850744721616,0.235,0.065,4.75110897396105e-05,"4","Kank2"
3.0314635568933e-09,0.6188180014443,0.814,0.559,4.8497353983179e-05,"1","Nsmce4a"
3.03899728943744e-09,0.760707147672304,0.73,0.56,4.86178786364201e-05,"2","Ufm1"
3.07139893921022e-09,1.13109859766212,0.531,0.416,4.91362402294851e-05,"0","Cdk2ap1"
3.07358263498238e-09,1.37685875192836,0.247,0.061,4.91711749944481e-05,"5","Slc27a3"
3.10147625642165e-09,1.13545769925504,0.432,0.207,4.96174171502336e-05,"3","Necab2"
3.11878001243284e-09,0.608357922679034,0.835,0.799,4.98942426389006e-05,"0","Nono"
3.12684912145732e-09,2.5245355499059,0.45,0.076,5.00233322450742e-05,"6","St6galnac5"
3.16135514950845e-09,0.326746665907752,1,0.985,5.05753596818361e-05,"2","Mrfap1"
3.16524027665783e-09,1.28646762887686,0.422,0.173,5.0637513945972e-05,"4","Sulf2"
3.22558804122309e-09,1.44434698308085,0.317,0.17,5.1602957483487e-05,"0","Cnppd1"
3.26347446104409e-09,0.96558837241237,0.469,0.248,5.22090644277833e-05,"3","1500009L16Rik"
3.3048214243806e-09,1.79195144333001,0.241,0.083,5.28705331472408e-05,"3","Prss50"
3.3218466319171e-09,1.54528948853297,0.276,0.107,5.31429024174097e-05,"2","Hspb8"
3.32920631401947e-09,0.906354539586997,0.518,0.399,5.32606426116835e-05,"0","Tsr3"
3.33455014601759e-09,1.18733409162979,0.312,0.088,5.33461332359893e-05,"5","Dhrs13"
3.33467213614017e-09,0.785364946173217,0.871,0.579,5.33480848339704e-05,"5","Nudc"
3.34246722011514e-09,1.36820742808691,0.327,0.137,5.34727905874021e-05,"3","Hspa4l"
3.35612014896557e-09,1.29904207453765,0.242,0.088,5.36912101431512e-05,"1","Cttnbp2nl"
3.38177302512525e-09,0.314203820776989,1,1,5.41016048559537e-05,"4","Naca"
3.51398559964282e-09,0.474678270515963,0.969,0.933,5.62167416230858e-05,"3","Fkbp1a"
3.53606916110503e-09,1.72778013123884,0.204,0.045,5.65700344393583e-05,"5","Rnd2"
3.54549320947869e-09,0.870794873754871,0.428,0.209,5.672080036524e-05,"1","Mcm2"
3.57337496647088e-09,1.01101301724226,0.512,0.304,5.71668527136011e-05,"3","Akap8l"
3.59599140189107e-09,0.831251598198342,0.806,0.458,5.75286704474534e-05,"5","Anp32e"
3.62911487959509e-09,1.16265443340412,0.568,0.4,5.80585798437623e-05,"3","Itfg1"
3.66092540098981e-09,1.12303945359922,0.339,0.175,5.8567484565035e-05,"0","Cadps"
3.68806143267374e-09,0.927292116888853,0.516,0.192,5.90016067999144e-05,"5","Aifm1"
3.71294071053655e-09,0.460395372933304,0.926,0.843,5.93996254871637e-05,"3","Tpd52"
3.73771069655927e-09,0.605861750360327,0.79,0.751,5.97958957235552e-05,"0","Bud31"
3.74215630772737e-09,1.62862643839157,0.204,0.045,5.98670166110224e-05,"5","E2f3"
3.74954462412265e-09,0.880337340497275,0.763,0.371,5.99852148967142e-05,"5","Fam92a"
3.78824213283863e-09,1.33564941683049,0.215,0.049,6.06042976411525e-05,"5","Mnd1"
3.81890414510561e-09,0.832028236105154,0.849,0.454,6.10948285133995e-05,"5","Sfxn1"
3.82521172990843e-09,1.1592303066644,0.269,0.071,6.1195737255075e-05,"5","Prelid2"
3.84375950328837e-09,0.648345020036333,0.81,0.63,6.14924645336074e-05,"2","Cisd1"
3.91220503964011e-09,2.02511433919555,0.275,0.088,6.25874562241625e-05,"4","Gyltl1b"
3.94460937960929e-09,0.94600749270105,0.581,0.238,6.31058608549894e-05,"5","Nme4"
3.945070011913e-09,0.931450293851983,0.558,0.452,6.31132300505842e-05,"0","Phip"
4.11276572132823e-09,0.286510930553378,1,0.98,6.57960260098091e-05,"1","Slc25a3"
4.12079400229296e-09,1.17844905310038,0.269,0.07,6.59244624486828e-05,"5","Adgra3"
4.14601661418584e-09,0.98030596219106,0.484,0.179,6.63279737937451e-05,"5","Fam168b"
4.15875424489522e-09,0.729903489571721,0.767,0.6,6.65317504098337e-05,"2","Tma7"
4.15929052083608e-09,0.499032189723986,0.888,0.751,6.65403297523356e-05,"1","Nop10"
4.19371193912349e-09,0.702215589019725,0.73,0.551,6.70910036020976e-05,"2","Epn1"
4.198042439476e-09,0.696806317867523,0.699,0.287,6.7160282946737e-05,"5","Psmg4"
4.2186276795313e-09,1.37820738289225,0.269,0.072,6.74896056171418e-05,"5","Kcnq1"
4.25357170059293e-09,0.558656134563781,0.989,0.729,6.80486400660857e-05,"5","Ywhah"
4.266292119606e-09,0.898673274996083,0.516,0.192,6.82521413294568e-05,"5","Sgf29"
4.32383584289033e-09,1.11192379721155,0.419,0.148,6.91727258145595e-05,"5","Gc"
4.36301819379168e-09,0.619216914930612,0.847,0.717,6.97995650642793e-05,"2","Mydgf"
4.4024271590458e-09,0.835188422417811,0.484,0.176,7.04300296904147e-05,"5","Fgfr2"
4.4112019695262e-09,1.18028611855372,0.399,0.203,7.05704091084801e-05,"2","Aldh9a1"
4.4882380833672e-09,0.394825985080024,0.975,0.973,7.18028328577084e-05,"3","Swi5"
4.48860210532703e-09,0.335570196258145,1,0.999,7.18086564810218e-05,"4","Rplp1"
4.5211325098566e-09,2.01862954917183,0.7,0.179,7.2329077892686e-05,"6","Basp1"
4.56658394825811e-09,0.903887781986724,0.591,0.24,7.30562100042332e-05,"5","Snrnp25"
4.59490673055582e-09,0.910020279349553,0.484,0.176,7.3509317875432e-05,"5","Gpatch4"
4.60413865790965e-09,1.06392999180136,0.419,0.147,7.36570102492386e-05,"5","Usp39"
4.61068867559693e-09,0.897776996280539,0.452,0.156,7.37617974321997e-05,"5","Eftud2"
4.62635882968208e-09,0.380412866344312,0.988,0.971,7.4012488557254e-05,"2","Swi5"
4.66966374477035e-09,0.512347944172782,0.883,0.78,7.4705280588836e-05,"3","Lrpap1"
4.67748405022474e-09,0.602354640970781,0.871,0.723,7.48303898354953e-05,"2","1810058I24Rik"
4.6802211375452e-09,1.19309128125558,0.414,0.217,7.48741777584482e-05,"1","Stard3"
4.70286395831112e-09,0.635853215221853,0.777,0.743,7.52364176050613e-05,"0","Map1lc3a"
4.74656259370279e-09,1.01512331930051,0.433,0.225,7.59355083740572e-05,"1","Abhd11"
4.79878107200938e-09,0.866753176676386,0.527,0.401,7.6770899590006e-05,"0","Rnf6"
4.79920776750045e-09,0.575161443756581,0.889,0.842,7.67777258644722e-05,"3","Prdx5"
4.81714681302366e-09,0.641390616920144,0.79,0.621,7.70647147147525e-05,"3","Hist1h2bc"
4.85033926788398e-09,1.60379388879032,0.228,0.084,7.75957276076079e-05,"1","Fzd2"
4.85307028277538e-09,1.44015562740287,0.529,0.283,7.76394183838406e-05,"4","Amer1"
4.8815440486239e-09,0.43028721278483,0.981,0.966,7.80949416898852e-05,"3","Cst3"
4.89231734656047e-09,1.50091146137663,0.226,0.054,7.82672929102744e-05,"5","Inip"
4.9606635798491e-09,1.1707146522256,0.301,0.086,7.93606959504259e-05,"5","Elf4"
4.99912157894226e-09,0.771580835012326,0.643,0.528,7.99759470199183e-05,"0","Ing4"
5.0217157951916e-09,0.720084387741896,0.665,0.432,8.03374092914753e-05,"1","Tle6"
5.03015930122663e-09,1.23332342456461,0.402,0.153,8.04724885010237e-05,"4","Cer1"
5.06197347572345e-09,0.339581359149128,1,0.999,8.09814516646238e-05,"4","Eef1g"
5.08552198464292e-09,0.978363109075712,0.57,0.23,8.13581807103174e-05,"5","Atic"
5.17433520952427e-09,1.35644761495786,0.215,0.05,8.27790146819693e-05,"5","Wdr36"
5.19545109341121e-09,0.829161702514187,0.616,0.558,8.31168265923926e-05,"0","Maf1"
5.20020867026364e-09,0.990137307448678,0.409,0.208,8.31929383068778e-05,"1","Prpf31"
5.2585234394e-09,0.521584482425228,0.92,0.812,8.41258579835211e-05,"2","Ndufs4"
5.32830534629648e-09,0.461206936222579,0.914,0.88,8.52422289300511e-05,"3","2410015M20Rik"
5.35310931631145e-09,0.887889042210402,0.505,0.182,8.56390428423507e-05,"5","Taf15"
5.38244570233462e-09,0.550125794437546,0.809,0.517,8.61083663459492e-05,"1","Tcf3"
5.40824218632997e-09,1.02243120480796,0.4,0.204,8.65210584969069e-05,"1","Trmt1"
5.43474208647776e-09,0.316600840742189,1,1,8.69450038994711e-05,"4","Rpl34"
5.43995145953048e-09,0.605344919732817,0.925,0.727,8.70283434495686e-05,"5","Nme1"
5.44469908916147e-09,0.514184975636687,0.92,0.865,8.71042960284052e-05,"3","Med28"
5.46017212681886e-09,0.834556997989285,0.581,0.227,8.73518336848482e-05,"5","Arl6ip4"
5.57570532113687e-09,1.0132467831093,0.376,0.121,8.92001337275477e-05,"5","Sestd1"
5.64515044712145e-09,0.567040634174399,0.908,0.822,9.0311116853049e-05,"2","Scand1"
5.64861508939608e-09,1.07105902969282,0.323,0.095,9.03665442001585e-05,"5","Ddx20"
5.65980771437325e-09,0.560611070301922,0.716,0.443,9.05456038145432e-05,"3","Ctsf"
5.70249216198846e-09,0.997643022134654,0.716,0.456,9.12284696074913e-05,"4","Tle6"
5.74135242570346e-09,0.730200545555325,0.806,0.476,9.1850156106404e-05,"5","Cdc123"
5.74733381902771e-09,1.21619936411017,0.384,0.225,9.19458464368053e-05,"0","Lingo1"
5.77064012322376e-09,0.796341046275796,0.871,0.6,9.23187006913337e-05,"5","Pigyl"
5.86349445908454e-09,0.476345241880719,0.914,0.846,9.38041843564344e-05,"2","Tpd52"
5.88772602854786e-09,1.00997044812096,0.591,0.251,9.41918410047087e-05,"5","Bag2"
5.90173392224063e-09,0.30722321344317,0.847,0.603,9.44159392880056e-05,"2","Emb"
6.01169743795807e-09,3.11732059298594,0.25,0.025,9.61751356124533e-05,"6","Kcna5"
6.01202209779168e-09,1.32744271073174,0.247,0.094,9.61803295204714e-05,"1","Pard6b"
6.05656614115802e-09,1.01789672748199,0.358,0.168,9.6892945126246e-05,"1","Nup43"
6.0725823708534e-09,0.637705975517836,0.935,0.701,9.71491727689127e-05,"5","Ptges3"
6.10846426154251e-09,1.1047228890382,0.387,0.164,9.77232112561571e-05,"2","Rimbp2"
6.1808318074559e-09,1.2204749747279,0.441,0.194,9.88809472556795e-05,"4","Cmtm7"
6.24888245648092e-09,1.39116428994028,0.471,0.225,9.99696215387817e-05,"4","Nedd4l"
6.28667788444261e-09,1.07551929915591,0.432,0.22,0.000100574272795313,"3","Baiap3"
6.30779937908067e-09,0.560114660213843,0.883,0.773,0.000100912174466533,"2","Ndufs8"
6.35753581880342e-09,1.61261268403689,0.253,0.097,0.000101707858029217,"3","Aldh6a1"
6.38882612084587e-09,0.906072842278556,0.352,0.149,0.000102208440281292,"3","Rab3b"
6.40462188165313e-09,1.00636827131193,0.491,0.356,0.000102461140862687,"0","Ldb1"
6.43825585827041e-09,0.833111078583607,0.699,0.298,0.00010299921722061,"5","Timm9"
6.62591451645612e-09,1.15479504769424,0.316,0.139,0.000106001380434265,"1","Slc37a3"
6.74718495268623e-09,0.9844190271322,0.479,0.266,0.000107941464873074,"1","Ift43"
6.77095598346447e-09,1.27966183116553,0.333,0.105,0.000108321753823465,"5","Papd4"
6.79396801847867e-09,1.13552911331213,0.598,0.352,0.000108689900359622,"4","Cat"
6.79805042370647e-09,1.13031341109149,0.316,0.139,0.000108755210678456,"1","Rras2"
6.81794595155369e-09,1.49245715234011,0.268,0.122,0.000109073499332956,"0","Calcoco1"
6.82019175538474e-09,0.939368838146513,0.409,0.137,0.000109109427702645,"5","Fam20b"
6.8688821907801e-09,0.596869358435028,0.978,0.717,0.0001098883772881,"5","Anapc5"
6.88539235865345e-09,0.369319903895375,1,0.991,0.000110152506953738,"4","Rpl5"
6.88910215994549e-09,1.10709822186781,0.333,0.103,0.000110211856354808,"5","Rgs2"
6.89468981028896e-09,1.05555633121129,0.475,0.273,0.000110301247585003,"3","1500011B03Rik"
6.90341783557832e-09,0.768761372821647,0.626,0.404,0.000110440878533582,"2","Rnpepl1"
6.99122446346428e-09,0.40100913426559,0.953,0.857,0.000111845608966502,"1","Hnrnpf"
7.01593196763465e-09,0.52501102145646,0.99,0.945,0.000112240879618219,"4","Tmsb10"
7.04852000328813e-09,0.869069911766261,0.634,0.264,0.000112762223012603,"5","Ppp1r7"
7.26093597234367e-09,1.2779452737207,0.251,0.096,0.000116160453685554,"1","Cmss1"
7.45559949056041e-09,1.12276357178141,0.409,0.142,0.000119274680649985,"5","Mif4gd"
7.47428642648663e-09,0.788413094519972,0.409,0.133,0.000119573634250933,"5","Net1"
7.51568043500431e-09,0.500870600151061,0.871,0.754,0.000120235855599199,"2","Zcrb1"
7.53692935479309e-09,0.765801643489148,0.774,0.381,0.00012057579581798,"5","Bckdk"
7.57078927809152e-09,0.28158423074585,0.995,0.987,0.000121117486870908,"1","Rpl27"
7.59335550931842e-09,0.692310531016488,0.724,0.496,0.000121478501438076,"2","Stra13"
7.60236113741787e-09,0.336267657674253,1,0.999,0.000121622573476411,"4","Rps27"
7.62444558164694e-09,1.16792845718628,0.28,0.077,0.000121975880415188,"5","Lrrcc1"
7.63680132599978e-09,1.2123450057401,0.38,0.184,0.000122173547613344,"2","Epb41l3"
7.76169283218368e-09,0.717757400325464,0.674,0.411,0.000124171561929274,"1","Gtf3c6"
7.87242169451256e-09,0.658613731992575,0.473,0.179,0.000125943002268812,"5","Gas6"
7.96831927701271e-09,0.940957600860482,0.688,0.319,0.000127477171793649,"5","Gstp1"
8.00067359729917e-09,0.386718055294767,0.953,0.826,0.000127994776209592,"1","Cct4"
8.00703539973886e-09,1.05395566221219,0.376,0.123,0.000128096552325022,"5","Arhgef1"
8.05975427101774e-09,0.34895325129293,0.994,0.978,0.000128939948827742,"2","Atpif1"
8.13124887923311e-09,0.636843253064953,0.726,0.473,0.000130083719569971,"1","Crb3"
8.14207686418602e-09,1.33939607354339,0.293,0.126,0.000130256945673248,"1","Hscb"
8.19053092814691e-09,1.32740404822933,0.301,0.124,0.000131032113788494,"2","Prkacb"
8.21037390275443e-09,1.0567157943903,0.381,0.187,0.000131349561696265,"1","Khk"
8.26273897358481e-09,0.798843613172398,0.569,0.266,0.00013218729809941,"4","C2cd4b"
8.28275497849633e-09,0.701643874697542,0.79,0.661,0.000132507514145984,"3","Hcfc1r1"
8.59900344406229e-09,0.937611600879466,0.4,0.198,0.000137566857098109,"1","Sec22a"
8.64132519899646e-09,1.01975301403982,0.399,0.191,0.000138243920533545,"2","Fryl"
8.6911110445997e-09,0.503779100670992,0.884,0.868,0.000139040394491506,"0","Cct2"
8.71009497803874e-09,0.342614005595124,1,0.998,0.000139344099458664,"4","Rpl35a"
8.78255666589545e-09,1.3190476994709,0.323,0.103,0.000140503341540995,"5","Rara"
8.85429895086121e-09,0.311252358779831,1,0.999,0.000141651074615878,"4","Rpl7a"
8.86349323954276e-09,1.49781611525219,0.237,0.06,0.000141798164846205,"5","Pld1"
8.89184750554488e-09,1.24729953877917,0.226,0.055,0.000142251776393707,"5","Lbh"
8.94165080604922e-09,0.770609097959392,0.652,0.615,0.000143048529595175,"0","Kmt2e"
9.00141620973564e-09,1.0855744956141,0.488,0.294,0.000144004656523351,"3","Trp53i13"
9.0715393919546e-09,0.800408739298931,0.806,0.413,0.00014512648719249,"5","Ubl4a"
9.07839679246231e-09,3.41608785372267,0.2,0.017,0.000145236191885812,"6","Adgrf5"
9.29188049772415e-09,1.97352261848987,0.85,0.36,0.000148651504202591,"6","Igfbp7"
9.29951441360945e-09,1.09957806793729,0.423,0.217,0.000148773631588924,"2","Azin1"
9.39892260603588e-09,1.18664910428271,0.358,0.177,0.000150363963851362,"1","Isoc1"
9.4051658408708e-09,0.696902022197306,0.647,0.551,0.000150463843122251,"0","Eif4b"
9.41493371492434e-09,0.749594646866002,0.505,0.182,0.00015062010957136,"5","Gpn1"
9.4899140977919e-09,1.25400337754071,0.247,0.096,0.000151819645736475,"1","Fbxo17"
9.67129889282188e-09,0.532911649475171,0.809,0.614,0.000154721439687364,"1","Wdr89"
9.68822422584667e-09,0.435848917469439,0.932,0.88,0.000154992211165095,"3","Prkar1a"
9.79696168708406e-09,1.00608151400653,0.546,0.339,0.000156731793069971,"2","Ndufb4"
1.01640419861613e-08,0.364999459129815,0.988,0.941,0.000162604343694608,"2","Atp6v1g1"
1.02215569485061e-08,1.00118663614357,0.399,0.178,0.000163524468062201,"2","Plcxd3"
1.02517666534198e-08,1.02813630848456,0.34,0.158,0.00016400776292141,"1","Rnft1"
1.03125915854526e-08,1.33019780458316,0.258,0.069,0.00016498084018407,"5","Arhgef5"
1.03526999010128e-08,0.945245539253325,0.43,0.152,0.000165622493016403,"5","Tmtc4"
1.04280175950054e-08,1.47867754211611,0.301,0.127,0.000166827425484896,"2","Map2"
1.06496650354975e-08,0.38697028385967,0.982,0.974,0.000170373341237889,"2","Shfm1"
1.06540222687167e-08,0.439433419146992,0.951,0.933,0.00017044304825493,"3","Srp14"
1.06803948396681e-08,1.13777739314944,0.411,0.203,0.00017086495664501,"2","Podxl2"
1.07452488354679e-08,0.752212388245878,0.393,0.172,0.000171902490869815,"2","Cxxc4"
1.10110674212655e-08,1.56505607537038,0.412,0.185,0.000176155056605405,"4","Slc7a5"
1.1084350805673e-08,0.396256108299067,0.914,0.871,0.000177327444189156,"3","Elof1"
1.10850326565511e-08,0.996682006623178,0.442,0.234,0.000177338352439505,"1","Tex264"
1.14412675721289e-08,1.0526340425338,0.307,0.123,0.000183037398618918,"2","Dmrtc1a"
1.14975993585649e-08,0.493464973640899,0.857,0.845,0.000183938594538321,"0","Chmp5"
1.15355038134001e-08,0.790181495705822,0.559,0.222,0.000184544990006775,"5","Parp2"
1.1559058313606e-08,1.3378018773606,0.258,0.07,0.00018492181490107,"5","Fras1"
1.17916233244562e-08,0.784965940999257,0.699,0.335,0.000188642389944651,"5","Gfer"
1.18375597562324e-08,0.841021875228635,0.479,0.259,0.000189377280980206,"1","Iah1"
1.18433251011898e-08,0.460531067186089,1,0.948,0.000189469514968835,"5","Gm8730"
1.18571536435427e-08,0.922892695105154,0.548,0.226,0.000189690743989397,"5","Mkks"
1.19142288524328e-08,0.514291274672748,0.821,0.705,0.000190603833181219,"0","Mid1ip1"
1.20560368053235e-08,1.17169166686804,0.352,0.158,0.000192872476811566,"3","Basp1"
1.20585664416995e-08,1.04860776681512,0.389,0.191,0.000192912945934309,"3","C1qtnf4"
1.21031372393729e-08,0.88146373707536,0.504,0.364,0.000193625989555488,"0","Ndrg1"
1.21178284108554e-08,0.968917730780009,0.527,0.209,0.000193861018916865,"5","Atad3a"
1.21239818407483e-08,1.23276115996716,0.226,0.055,0.000193959461488292,"5","Slc12a2"
1.24655768068253e-08,0.421703257645792,0.915,0.93,0.000199424297755591,"0","Arpc2"
1.24924666616284e-08,0.578421946464115,0.971,0.828,0.000199854481652731,"4","Gm2000"
1.25025395575712e-08,1.23216072730148,0.366,0.213,0.000200015627842024,"0","Tmem206"
1.26149138359834e-08,0.79830892853825,0.849,0.479,0.000201813391548062,"5","Nudcd2"
1.2666851053454e-08,0.605320211156439,0.968,0.709,0.000202644283153156,"5","Snrpf"
1.26675223693811e-08,0.932677332598803,0.355,0.112,0.000202655022865359,"5","Mina"
1.27858908557663e-08,0.311276616634859,1,0.994,0.000204548681910549,"2","Atp5h"
1.29693394161991e-08,0.686729275216637,0.871,0.508,0.000207483491980353,"5","2810428I15Rik"
1.30254833138143e-08,0.560651685126227,0.859,0.79,0.000208381682054401,"2","Polr2g"
1.32659784904975e-08,0.434433667965175,0.989,0.901,0.000212229123890978,"5","Snrpe"
1.32999649378647e-08,0.762749030920259,0.853,0.681,0.00021277283907596,"4","Selm"
1.33823313377446e-08,0.540334879531498,0.781,0.748,0.000214090536741238,"0","Ctbp1"
1.3448772406406e-08,1.24622261106233,0.28,0.079,0.000215153460957684,"5","Prkrir"
1.3588499211664e-08,1.22258318619589,0.429,0.223,0.000217388810388201,"2","Gnai1"
1.36870715885937e-08,0.771939833471095,0.849,0.484,0.000218965771274322,"5","Fam162a"
1.37048429656653e-08,0.870779651546639,0.688,0.357,0.000219250077764714,"5","Ccnd2"
1.37274833497117e-08,1.72690616094403,0.219,0.084,0.000219612278628688,"1","Cbs"
1.37353962185983e-08,1.19127974304486,0.29,0.084,0.000219738868705136,"5","Spg20"
1.38606911797309e-08,0.93297922925556,0.745,0.507,0.000221743337493335,"4","Hmgb3"
1.39029838417574e-08,0.51023421435362,0.543,0.272,0.000222419935500435,"3","Cnih2"
1.39523573341509e-08,1.03392726148337,0.463,0.268,0.000223209812631747,"3","Fam3a"
1.40245379684421e-08,0.353951481770828,0.914,0.451,0.000224364558419136,"5","Acot1"
1.41904846060149e-08,0.628305102116083,0.721,0.466,0.000227019372727026,"1","Nhp2"
1.43088502624364e-08,1.16594354980304,0.335,0.157,0.000228912986498458,"1","Pecr"
1.43103496603528e-08,0.598782875601444,0.781,0.727,0.000228936973866324,"0","Txndc9"
1.43239215952043e-08,1.6683264026717,0.205,0.072,0.000229154097680078,"1","Dus2"
1.43696973702927e-08,1.13403730632628,0.441,0.193,0.000229886418529943,"4","Pla2g2f"
1.43820365072204e-08,0.791866895902834,0.628,0.41,0.000230083820042512,"1","Vmp1"
1.4431832426909e-08,0.781880789630919,0.785,0.426,0.000230880455165691,"5","Maz"
1.46126843352967e-08,0.308672947999349,0.907,0.611,0.000233773723996076,"3","Tuba1a"
1.47591906338383e-08,1.15133108544865,0.461,0.196,0.000236117531760145,"4","Pla2g2d"
1.50513255634017e-08,0.690672232257749,0.773,0.647,0.000240791106363301,"2","Glrx5"
1.54299722413814e-08,1.74128524661244,0.247,0.093,0.00024684869591762,"3","Taf9b"
1.54338797778875e-08,0.501056104246799,0.92,0.873,0.000246911208686645,"3","Ndufb10"
1.5633989346522e-08,1.38191765201328,0.2,0.068,0.000250112561565659,"1","Epb41l1"
1.56780137267873e-08,0.839785436447857,0.549,0.308,0.000250816863601143,"1","Gm8186"
1.5736796782425e-08,0.399007746123853,0.975,0.95,0.000251757274925236,"3","Atp6v1f"
1.57380848863923e-08,0.780012170989711,0.581,0.363,0.000251777882012504,"1","Ccdc58"
1.58397067047093e-08,0.780497293364384,0.498,0.277,0.00025340362786194,"1","Psmg4"
1.59344794178372e-08,2.68653800040484,0.219,0.089,0.000254919801726559,"0","Krtap17-1"
1.59821309070752e-08,0.92459676232622,0.376,0.123,0.000255682130251389,"5","Exosc2"
1.60894995774876e-08,0.713022493211497,0.54,0.275,0.000257399814240646,"2","Lrp11"
1.63319982157982e-08,0.652223066006627,0.785,0.587,0.00026127930745634,"2","Eid1"
1.64327590908744e-08,0.738356269893601,0.687,0.502,0.000262891279935808,"2","Ssbp4"
1.65646292071785e-08,1.34185284239494,0.233,0.092,0.000265000938056441,"1","Acot7"
1.65966308994944e-08,0.554255942883955,0.989,0.766,0.000265512901130111,"5","Fkbp3"
1.70213218094514e-08,1.54433134538245,0.277,0.135,0.000272307106307603,"0","Rassf3"
1.75062048642354e-08,0.579324993200002,0.89,0.777,0.000280064265418037,"2","Dpy30"
1.75598600548622e-08,0.650458485483928,0.767,0.538,0.000280922641157686,"1","Fam136a"
1.76022457254266e-08,1.71460519392017,0.223,0.095,0.000281600727115375,"0","Dennd2a"
1.76338287603839e-08,0.859838211283707,0.441,0.155,0.000282105992508622,"5","Rabepk"
1.76415792686551e-08,0.718986426904025,0.741,0.576,0.000282229985139944,"3","Fam216a"
1.77748105578994e-08,1.22313205468054,0.226,0.056,0.000284361419305275,"5","Nup155"
1.78325723626503e-08,0.936729254699379,0.5,0.282,0.00028528549265768,"3","Syt7"
1.78799498388755e-08,0.615120838665348,0.871,0.445,0.00028604343752233,"5","Laptm4b"
1.79391622801174e-08,1.49006697378279,0.247,0.07,0.000286990718157318,"5","Cryab"
1.79903188017413e-08,1.57483703838175,0.209,0.076,0.000287809120190257,"1","Fndc5"
1.80546795543598e-08,1.4542999572114,0.333,0.122,0.000288838763510648,"4","Tbc1d9"
1.80977674905012e-08,1.83284626335374,0.219,0.091,0.000289528084313038,"0","Cldn23"
1.81734632461648e-08,1.34480991681594,0.353,0.213,0.000290739065012144,"0","Vps37b"
1.82584300070918e-08,0.937786376431574,0.484,0.182,0.000292098363253454,"5","Pus1"
1.82957893466484e-08,0.397762477055748,1,0.998,0.000292696037967681,"4","Actg1"
1.84263865883224e-08,0.742757885046994,0.828,0.415,0.000294785332639982,"5","Med9"
1.84779574143086e-08,1.62708109821624,0.209,0.076,0.000295610362714109,"1","Acsl3"
1.84869885473694e-08,1.67209019606481,0.222,0.077,0.000295754842780816,"3","Phf1"
1.84906715084014e-08,0.817239248984649,0.526,0.309,0.000295813762791406,"1","Rbms1"
1.87477513456436e-08,0.706614396135996,0.691,0.526,0.000299926526027606,"3","Rab24"
1.87553560425992e-08,1.31066620480895,0.302,0.135,0.000300048185969502,"1","Timp2"
1.8883768227031e-08,0.983180915589535,0.419,0.15,0.000302102524096041,"5","Qk"
1.89796570140691e-08,0.592334746182084,0.778,0.618,0.000303636552911077,"3","Gdi1"
1.90650692470542e-08,0.435455253367743,0.688,0.279,0.000305002977814373,"5","Fjx1"
1.91483676691932e-08,1.01601583896783,0.355,0.115,0.000306335585971752,"5","Cpsf4"
1.92992148049337e-08,1.0564431531649,0.46,0.331,0.000308748838449329,"0","Rab22a"
1.93442225000526e-08,0.557987876505557,0.814,0.564,0.000309468871555841,"1","Rps27rt"
1.96162858936322e-08,1.43055425029818,0.321,0.18,0.000313821341726328,"0","Abtb1"
1.98102981494091e-08,0.526723714230474,0.978,0.787,0.000316925149794248,"5","Snrpg"
1.98706117888308e-08,0.45791176128492,0.989,0.871,0.000317890047397716,"5","Ndufb7"
1.99105608181561e-08,0.483619759265061,0.902,0.808,0.000318529151968862,"2","Nenf"
1.99947162180006e-08,2.02278694274228,0.55,0.118,0.000319875470055574,"6","Kcnmb2"
2.01331087750283e-08,0.902691632667356,0.301,0.088,0.000322089474182903,"5","Smad7"
2.0642807042688e-08,1.05903449966112,0.355,0.119,0.000330243627068923,"5","Cgnl1"
2.07022000819934e-08,1.00920315076672,0.395,0.2,0.00033119379691173,"1","Misp"
2.0738164290108e-08,0.311384976565394,0.996,0.992,0.000331769152313148,"0","Ngfrap1"
2.08166333769086e-08,0.522578829291089,0.821,0.676,0.000333024500763783,"3","Tomm7"
2.10115034941209e-08,1.82749022846562,0.85,0.365,0.000336142032898946,"6","Cd200"
2.14920099036012e-08,0.475340700405445,0.987,0.991,0.000343829174437812,"0","Arf5"
2.15572997778116e-08,0.468777145316507,1,0.949,0.000344873681845431,"5","Rps27l"
2.15690528352403e-08,1.18356060848157,0.393,0.2,0.000345061707258174,"2","Nav2"
2.20910393101814e-08,0.465928104902629,0.912,0.691,0.000353412446884283,"1","Hnrnpm"
2.21634451180797e-08,1.06722951081498,0.471,0.209,0.000354570794999038,"4","Inppl1"
2.241844841574e-08,1.53875186249903,0.228,0.089,0.000358650337755008,"1","Erbb3"
2.27444954287702e-08,0.877551859568337,0.441,0.161,0.000363866437869465,"5","Stxbp6"
2.29837389337167e-08,0.773008568250421,0.687,0.517,0.000367693855461599,"2","Cltc"
2.31394138915876e-08,1.13113456302993,0.307,0.137,0.000370184343437619,"1","Slc25a10"
2.35041554237737e-08,1.47511310597028,0.219,0.084,0.000376019478469532,"1","St5"
2.35562672596326e-08,1.71193486892127,0.221,0.077,0.000376853163619602,"2","Slc4a7"
2.35808755630633e-08,1.40403610103762,0.245,0.087,0.000377246847257886,"2","Ptprn2"
2.35975709026107e-08,1.82473193837465,0.215,0.075,0.000377513939299966,"2","Usp9x"
2.36626582352416e-08,0.610402050597276,0.849,0.415,0.000378555206447395,"5","Psip1"
2.38036021731737e-08,1.59703231838743,0.353,0.141,0.000380810027566432,"4","Acadsb"
2.39047932081312e-08,0.711428285580616,0.736,0.57,0.000382428881743683,"2","Isyna1"
2.43812136958623e-08,1.09925073830464,0.438,0.302,0.000390050656706405,"0","Deptor"
2.44089208894278e-08,0.893627754667853,0.522,0.385,0.000390493916389066,"0","Fndc3a"
2.46170017655134e-08,1.47508245262052,0.2,0.071,0.000393822794244683,"1","Fermt1"
2.46427722988469e-08,0.346376307543746,1,0.999,0.000394235071236953,"4","Eif3f"
2.47577277697875e-08,0.51918046277778,0.98,0.913,0.00039607412886106,"4","Epcam"
2.50479801863089e-08,0.363798787655463,1,0.647,0.00040071758702057,"2","Aplp1"
2.53576445706336e-08,0.928504115024795,0.409,0.143,0.000405671597840996,"5","Noc2l"
2.54002060367224e-08,1.01229447923784,0.386,0.194,0.000406352496175485,"1","Fam63a"
2.54299001705636e-08,0.78839284708246,0.656,0.482,0.000406827542928677,"2","Prkaca"
2.58420562147525e-08,0.529147423754808,0.989,0.755,0.00041342121532361,"5","Nhp2l1"
2.58450180034979e-08,0.451522122098121,0.79,0.734,0.00041346859801996,"0","Saraf"
2.584781385255e-08,0.712958351176842,0.301,0.126,0.000413513326013095,"2","Ppy"
2.61468554250511e-08,1.00923392121823,0.537,0.371,0.000418297393089968,"3","Erlec1"
2.63652730825448e-08,1.00026772436366,0.428,0.228,0.000421791638774551,"1","Ctnnd1"
2.63832738561388e-08,0.527224812533925,0.877,0.798,0.000422079615150509,"2","Rab1a"
2.64012555246181e-08,1.33984639971573,0.247,0.068,0.00042236728588284,"5","Ptpn13"
2.64525363749696e-08,0.552390709453376,0.865,0.728,0.000423187676926764,"1","Emc6"
2.65057866440166e-08,0.332615377455806,1,1,0.000424039574730977,"0","Actb"
2.6638349639126e-08,0.806349080654948,0.441,0.157,0.000426160317526739,"5","Agpat5"
2.67344569100437e-08,1.08595036432341,0.397,0.241,0.00042769784164688,"0","Cbfa2t3"
2.69891763482674e-08,0.446706729774271,1,0.874,0.000431772843219583,"5","Serbp1"
2.71594151322451e-08,1.14923148061871,0.686,0.469,0.000434496323285658,"4","Fuca1"
2.71942892923715e-08,1.37665386509489,0.269,0.078,0.00043505424009936,"5","Ajuba"
2.74219773410457e-08,0.975763511499695,0.765,0.56,0.000438696793502049,"4","Tcf3"
2.77351587599261e-08,0.861338070279648,0.62,0.423,0.000443707069841298,"2","Mtfr1l"
2.77714235583501e-08,1.08000777426568,0.366,0.124,0.000444287234086486,"5","Saal1"
2.78101792261403e-08,0.429987545701356,0.989,0.891,0.000444907247259792,"5","Phb2"
2.80933796107899e-08,1.17538195268582,0.344,0.115,0.000449437887013417,"5","Tjp2"
2.81739096629869e-08,1.07742551578953,0.312,0.096,0.000450726206788465,"5","Nle1"
2.81889430831501e-08,1.63271523585332,0.304,0.113,0.000450966711444235,"4","Nacc2"
2.84547502258314e-08,1.21010816854426,0.288,0.13,0.00045521909411285,"1","Rad50"
2.85513903629884e-08,0.98875964612859,0.452,0.172,0.000456765143027089,"5","Ubac2"
2.87638758762877e-08,0.444666266654809,0.914,0.825,0.000460164486268851,"2","Dctn3"
2.89833358670683e-08,0.456430536947295,0.969,0.897,0.000463675407201359,"2","Psmb5"
2.8999214362021e-08,0.399574876867848,1,0.92,0.000463929431363612,"5","Prmt1"
2.9239235519908e-08,0.63456361026356,0.847,0.73,0.000467769289847488,"2","Napa"
2.94629573057301e-08,1.55148019562697,0.258,0.102,0.00047134839097707,"2","Gpr137"
2.96738653634808e-08,1.17246338081398,0.598,0.366,0.000474722498084966,"4","Grn"
3.00815290318384e-08,1.57736122157997,1,0.705,0.000481244301451351,"6","Meis2"
3.02291282827011e-08,0.743138605736295,0.591,0.237,0.000483605594266652,"5","Abhd11"
3.06892108007019e-08,0.428477766403801,0.963,0.836,0.000490965994389629,"1","Rpl38"
3.07438095033508e-08,0.583232145200045,0.802,0.715,0.000491839464434606,"3","Ndufv3"
3.08335892279451e-08,1.35486335213619,0.247,0.068,0.000493275760468666,"5","Med14"
3.09842611670013e-08,1.91287441546989,0.255,0.086,0.000495686210149687,"4","Ccnjl"
3.11108334087914e-08,1.33172488583281,0.284,0.119,0.000497711112873844,"3","Ap3b2"
3.16142383436851e-08,0.584915226354705,0.774,0.374,0.000505764585022275,"5","Litaf"
3.17508346068031e-08,0.551807825854351,0.978,0.742,0.000507949852039637,"5","Arpp19"
3.18086708303107e-08,1.34875169625514,0.205,0.072,0.000508875115943311,"1","Frmd4a"
3.23735014810666e-08,0.636398787638362,0.902,0.733,0.000517911276694104,"4","Mapk3"
3.29642395087842e-08,0.609703954283398,0.847,0.734,0.000527361903661529,"2","Ufc1"
3.33364080325338e-08,0.580740653288209,0.978,0.769,0.000533315855704476,"5","Tsen34"
3.36882587296664e-08,0.910968485332051,0.344,0.111,0.000538944763157203,"5","Carm1"
3.40282576485528e-08,1.42872301722346,0.209,0.077,0.000544384065861548,"1","Phldb1"
3.42507952213669e-08,0.86120213307607,0.344,0.109,0.000547944221951428,"5","Bms1"
3.45319826674027e-08,1.25090750508708,0.237,0.062,0.000552442658713108,"5","Zfp422"
3.45818955685234e-08,1.77471429551317,0.255,0.082,0.000553241165305237,"4","Vldlr"
3.46786650781223e-08,0.959120225540521,0.242,0.096,0.000554789283919801,"1","Ano6"
3.50008140101385e-08,0.869675030024962,0.567,0.364,0.000559943022534195,"1","Tmem205"
3.5883086004529e-08,0.539884207765845,0.971,0.867,0.000574057609900456,"4","Ppdpf"
3.59461623982014e-08,1.09983364925806,0.463,0.293,0.000575066706046427,"3","Mbtps1"
3.61628878793959e-08,1.06238003941197,0.29,0.087,0.000578533880294576,"5","H2-Q4"
3.61993694797169e-08,0.94108363161768,0.673,0.556,0.000579117512936511,"3","Atraid"
3.62064411191823e-08,0.881155570115915,0.618,0.348,0.000579230645024678,"4","Zfp358"
3.62141777592221e-08,0.712069939942616,0.833,0.686,0.000579354415792035,"4","Vasp"
3.64382491793435e-08,1.22510328291242,0.363,0.187,0.000582939110371137,"1","4931406C07Rik"
3.67126150717205e-08,1.13769764350884,0.294,0.125,0.000587328415917385,"2","1700056E22Rik"
3.68871790188547e-08,0.740520683434225,0.643,0.623,0.000590121089943637,"0","March5"
3.74145809022554e-08,1.41500105111771,1,0.446,0.000598558465274281,"6","Isl1"
3.85043693796892e-08,0.731995547625124,0.62,0.374,0.000615992901336267,"2","Klhl7"
3.90802481667016e-08,0.877727681058555,0.333,0.105,0.000625205810170892,"5","Lmnb2"
3.93672219698787e-08,1.09975261118341,0.313,0.135,0.000629796817074119,"2","Zfhx2"
3.93829099759742e-08,0.726871141922295,0.688,0.315,0.000630047793795635,"5","Slc35a4"
3.94498641724824e-08,0.615818709968646,0.699,0.313,0.000631118927031373,"5","Plin3"
3.94812727281478e-08,0.750968200048612,0.591,0.373,0.000631621401104908,"1","Ntan1"
3.97424371299409e-08,0.698751718239514,0.951,0.853,0.000635799509204794,"4","Hn1"
3.99566618632063e-08,0.74326267349233,0.53,0.295,0.000639226676487574,"1","Cd2ap"
4.00792731948078e-08,1.26277150523643,0.327,0.151,0.000641188212570535,"3","Fam92b"
4.05680042314887e-08,0.357310374447776,0.967,0.887,0.000649006931695356,"1","Rps21"
4.10462540279627e-08,1.51696748173808,0.214,0.082,0.000656657971939347,"1","Nr4a1"
4.10772604126277e-08,1.50137767926757,0.226,0.06,0.000657154012081218,"5","Rassf9"
4.25477687977031e-08,1.26510244683829,0.331,0.157,0.000680679205225654,"2","Soat1"
4.28778326819801e-08,0.922609252835191,0.43,0.163,0.000685959567246318,"5","Igsf3"
4.30936018758904e-08,1.78816974143504,0.233,0.088,0.000689411442810495,"2","Zc3h3"
4.3494934701335e-08,0.787118893755352,0.419,0.15,0.000695831965351958,"5","Fgfrl1"
4.40013021708239e-08,1.39186720747117,0.204,0.05,0.000703932832128841,"5","Frem2"
4.41088187734424e-08,0.862960779601609,0.581,0.246,0.000705652882737531,"5","Rnaseh2b"
4.49326679371524e-08,0.954909826638531,0.28,0.081,0.000718832821658564,"5","Asrgl1"
4.53726778506655e-08,1.24254075212548,0.204,0.05,0.000725872100254946,"5","Prkci"
4.53876734440613e-08,0.676954181892223,0.741,0.563,0.000726111999758092,"3","Dap"
4.54765325540908e-08,0.461846230052662,0.92,0.875,0.000727533567800345,"3","Eif5"
4.58579153646321e-08,1.34167844375222,0.29,0.126,0.000733634930003384,"3","Bend7"
4.60560479413887e-08,0.845805573431703,0.785,0.42,0.000736804654966337,"5","Gstm1"
4.61109760662795e-08,0.517032643616167,0.946,0.528,0.000737683395108339,"5","Mia"
4.64537587007651e-08,1.17022388746363,0.438,0.303,0.000743167231694841,"0","Pbxip1"
4.65663037064246e-08,0.746241986234848,0.763,0.383,0.000744967726695381,"5","Nelfe"
4.67303646496638e-08,1.06507972069033,0.301,0.093,0.000747592373665321,"5","Eps15"
4.69262205472851e-08,0.823276197434421,0.599,0.408,0.000750725676315467,"3","Vamp2"
4.76648424462787e-08,2.70617005934295,0.235,0.076,0.000762542149455567,"4","Kctd14"
4.76967084782295e-08,1.03997343450036,0.355,0.117,0.000763051942234715,"5","Iars"
4.78741475533071e-08,0.40843084376889,0.888,0.878,0.000765890612557807,"0","Psmd8"
4.80371833780019e-08,1.05567605510778,0.647,0.392,0.000768498859681274,"4","Insm1"
4.82603132894801e-08,1.10835734875058,0.295,0.142,0.000772068492005102,"0","Tcp11"
4.83482473770649e-08,3.87071646319181,0.2,0.019,0.000773475261538285,"6","Klhl15"
4.87743606585363e-08,0.433759734932292,0.409,0.208,0.000780292221815264,"1","Anpep"
4.95044521626885e-08,0.882748574676516,0.344,0.112,0.00079197222569869,"5","Pxdn"
4.9778995075864e-08,1.16192515642327,0.237,0.094,0.000796364363223672,"1","Rhod"
5.01186126648033e-08,1.05792019549735,0.512,0.346,0.000801797565411524,"3","Capsl"
5.03429761651546e-08,0.960856043400355,0.419,0.151,0.000805386932690143,"5","Utrn"
5.09392922683215e-08,0.997654051377941,0.367,0.187,0.000814926797708607,"1","Nudt1"
5.10243655608104e-08,0.93563403008463,0.409,0.221,0.000816287800241845,"1","Atic"
5.17987923255154e-08,1.14143108586151,0.323,0.105,0.000828677079623595,"5","Tln2"
5.21530041908801e-08,1.21388903107102,0.38,0.201,0.0008343437610457,"2","Sec24c"
5.24812774592254e-08,1.70723269406004,0.232,0.103,0.000839595476792689,"0","Pgf"
5.26179958419548e-08,0.954516983451765,0.462,0.177,0.000841782697479593,"5","Nme6"
5.3470979242299e-08,0.477327395164496,1,0.812,0.000855428725918299,"5","Ier2"
5.36523727436872e-08,1.13611746429323,0.252,0.093,0.000858330659153508,"2","Rab37"
5.3882990751801e-08,1.06394360259782,0.29,0.087,0.000862020086047312,"5","Pfas"
5.43362168241963e-08,0.642367074639417,0.957,0.658,0.000869270796753492,"5","Phf5a"
5.4385997871931e-08,0.490825287877445,0.914,0.849,0.000870067193955152,"3","Atp6v0b"
5.45067427280146e-08,0.729557379378705,0.549,0.319,0.000871998870162777,"1","Ccdc90b"
5.51460198537447e-08,0.717637258773638,0.785,0.398,0.000882226025620207,"5","Timm50"
5.51815111938714e-08,0.275485103585284,1,1,0.000882793816079555,"5","Rpl24"
5.57292575457555e-08,1.37896394154645,0.233,0.094,0.000891556662216996,"1","Sox6"
5.58893749872566e-08,0.44699672488148,0.939,0.83,0.000894118221046131,"2","Chmp5"
5.59179959338139e-08,0.955232296561767,0.387,0.135,0.000894576098949154,"5","3110082I17Rik"
5.60891367938242e-08,0.663119867640655,0.539,0.253,0.0008973140104276,"4","Pax4"
5.60904248306633e-08,1.55782765694768,0.228,0.098,0.000897334616440951,"0","Vdr"
5.63472794784679e-08,0.928803639961961,0.376,0.132,0.000901443777096529,"5","Gadd45b"
5.68560060565371e-08,0.956490685172563,0.583,0.385,0.000909582384892481,"2","Orc6"
5.69444127874395e-08,0.695400331559703,0.613,0.262,0.000910996715773457,"5","Zdhhc6"
5.71078760921749e-08,0.907616845266241,0.644,0.512,0.000913611801722614,"2","Prdx3"
5.74225584276943e-08,0.858539011870219,0.419,0.152,0.000918646089726253,"5","Clic6"
5.75919361471213e-08,1.39468189178856,0.237,0.065,0.000921355794481646,"5","Nfya"
5.77752749814644e-08,0.549095291623782,0.847,0.759,0.000924288849153468,"2","Ndufb2"
5.8098490273522e-08,1.4168883073644,0.215,0.075,0.000929459647395805,"2","Usp51"
5.83003852166797e-08,1.20870871428071,0.247,0.069,0.000932689562696442,"5","Vac14"
5.86546856202887e-08,1.29379102108441,0.252,0.097,0.000938357660553378,"2","Khdrbs3"
5.88943719203065e-08,2.26661186297433,0.65,0.198,0.000942192161981064,"6","Jade1"
5.93445888078352e-08,0.839918847494312,0.452,0.169,0.000949394731747748,"5","Gstt2"
5.97333076436445e-08,2.88569431370265,0.4,0.076,0.000955613455683025,"6","Slc35g1"
6.01038257228016e-08,0.507146820864843,0.71,0.619,0.000961541003913381,"0","Atp6v0d1"
6.04418040797194e-08,0.956345659463884,0.37,0.176,0.000966947981667352,"3","Pnmal1"
6.05226243799485e-08,0.363013965255977,0.957,0.912,0.000968240944830417,"2","Morf4l2"
6.05643814483248e-08,0.788499275338399,0.398,0.139,0.0009689089744103,"5","Shmt2"
6.20679708468365e-08,0.555901014912222,0.968,0.754,0.00099296339760769,"5","Emg1"
6.31227390309005e-08,0.669935413102125,0.809,0.678,0.00100983757901635,"3","Tm4sf4"
6.32345787996696e-08,0.988167549511741,0.346,0.16,0.00101162679163711,"3","Sez6l2"
6.33671928415527e-08,1.09046629995278,0.237,0.063,0.00101374835107916,"5","Lsm11"
6.38016885730608e-08,0.642786292246893,0.613,0.258,0.00102069941379183,"5","Prss8"
6.39543227033294e-08,1.25527760240545,1,0.876,0.00102314125460786,"6","Ddost"
6.41947862311319e-08,1.73497860371511,0.219,0.094,0.00102698819012565,"0","St6galnac4"
6.4515235674634e-08,0.747264209174739,0.558,0.34,0.00103211474032279,"1","Gata6"
6.49138533401765e-08,0.896096194820267,0.518,0.401,0.00103849182573614,"0","Ccnl1"
6.50388604988247e-08,1.64216211936514,0.539,0.312,0.0010404916902602,"4","Gfra3"
6.5778979527269e-08,0.698528654739208,0.914,0.591,0.00105233211447725,"5","Fus"
6.64798273323187e-08,0.488746112197026,0.912,0.775,0.00106354427766244,"1","Snrpg"
6.71035902268696e-08,0.479893027820877,0.945,0.836,0.00107352323644946,"2","Ndufa13"
6.78184465702211e-08,1.19774389884911,0.215,0.055,0.0010849595082304,"5","Rhoj"
6.78928283277146e-08,1.09398745721531,0.466,0.279,0.00108614946758678,"2","Gm561"
6.80397471025552e-08,0.893328793549879,0.43,0.163,0.00108849987414668,"5","Ftsj3"
6.80853499065932e-08,0.287924087058469,1,0.999,0.00108922942780568,"4","Bsg"
7.12876012498494e-08,0.890618633823598,0.398,0.141,0.00114045904479509,"5","Rhog"
7.13320518552051e-08,1.20559527165802,0.276,0.108,0.00114117016557957,"2","Atp2a3"
7.1377263778886e-08,0.841850286426432,0.387,0.133,0.00114189346593462,"5","Fance"
7.20039959667807e-08,1.28759088429297,0.295,0.158,0.00115191992747656,"0","Clip3"
7.22421911224327e-08,0.691632005945318,0.624,0.262,0.00115573057357668,"5","Fxn"
7.26992574354989e-08,0.900073235527427,0.624,0.286,0.00116304272045311,"5","Tcerg1"
7.29831408286418e-08,0.649226929889305,0.839,0.463,0.00116758428697661,"5","Higd1a"
7.38688538156094e-08,1.63639226468349,0.209,0.081,0.00118175392334212,"1","Notch1"
7.39830450828778e-08,0.997066038999484,0.331,0.143,0.00118358075523588,"2","Usp18"
7.41451992963722e-08,1.09919310786431,0.274,0.116,0.00118617489834336,"1","Rcbtb2"
7.50448584913737e-08,0.61266978746041,0.815,0.731,0.001200567646145,"3","Arl3"
7.62160967476444e-08,1.02456700290617,0.302,0.139,0.00121930511576882,"1","Rell1"
7.69345711359609e-08,1.1753636077909,0.356,0.175,0.0012307992690331,"2","Sesn3"
7.69512595787521e-08,0.773022071013245,0.462,0.175,0.00123106625074088,"5","Pbdc1"
7.74753706149296e-08,0.939742077885228,0.491,0.287,0.00123945097909764,"2","Por"
7.81945956027871e-08,0.763639722952235,0.516,0.202,0.00125095714045339,"5","Hmgxb4"
7.82988842665282e-08,1.11116906712426,0.233,0.09,0.00125262555049592,"1","Lima1"
7.83925477274875e-08,1.31036615811776,1,0.46,0.00125412397854435,"6","Gch1"
7.86008590696463e-08,0.665106264702505,0.495,0.186,0.0012574565433962,"5","Pes1"
7.91223352700407e-08,0.562170147978754,0.84,0.692,0.00126579911965011,"2","Cuta"
7.97560345184168e-08,0.769363135231428,0.344,0.158,0.00127593704022563,"1","Mmgt2"
8.02236399625398e-08,0.692398396503889,0.882,0.755,0.00128341779212071,"4","Idh2"
8.17585272143681e-08,0.837181302532106,0.344,0.113,0.00130797291837546,"5","Zcchc8"
8.30914822678564e-08,0.480942418445521,0.651,0.402,0.00132929753332117,"1","Dek"
8.34664447179725e-08,0.46637457589663,0.784,0.455,0.00133529618259812,"4","Wfdc2"
8.38655658048225e-08,0.667074634572597,0.741,0.65,0.00134168132174555,"3","Hint2"
8.40609898491637e-08,0.733139663732648,0.452,0.172,0.00134480771560692,"5","Igf2"
8.53576068431145e-08,1.04027101269863,0.515,0.349,0.00136555099427615,"2","Dtd1"
8.56301445183397e-08,0.956311588648407,0.284,0.123,0.0013699110520044,"1","Rgs19"
8.57798831607361e-08,1.13431154745453,0.423,0.248,0.00137230657080546,"2","Gtf2f2"
8.61425327360025e-08,1.38596951385003,0.392,0.186,0.00137810823871057,"4","Hs6st1"
8.63781366447212e-08,0.917275622054382,0.344,0.162,0.00138187743004225,"1","Zfand1"
8.641473637366e-08,0.922320010987874,0.419,0.155,0.00138246295250581,"5","Gle1"
8.65844705492329e-08,0.606247095227971,0.957,0.643,0.00138517835984663,"5","Hspa9"
8.69097809697111e-08,1.18019396856561,0.339,0.195,0.00139038267595344,"0","Samd14"
8.70412684679545e-08,0.813271502836314,0.528,0.331,0.00139248621295034,"2","B230118H07Rik"
8.75612754392445e-08,0.745738246616308,0.839,0.515,0.00140080528447703,"5","Snrnp40"
8.91088244913623e-08,0.66942709241372,0.849,0.474,0.00142556297421281,"5","Mvb12a"
8.9188885307026e-08,0.732807380947236,0.882,0.604,0.0014268437871418,"5","Nudt21"
8.95161778035739e-08,0.862772597751024,0.419,0.152,0.00143207981250157,"5","Nufip1"
8.9632540779028e-08,1.04694204844375,0.216,0.075,0.00143394138738289,"3","Ppp1r14c"
9.00728593664334e-08,1.1921393479703,0.226,0.06,0.0014409856041442,"5","Rad9a"
9.0742342516142e-08,1.1836952772008,0.301,0.096,0.00145169599557324,"5","Mad1l1"
9.15954403135588e-08,1.73529546067903,0.245,0.081,0.00146534385413631,"4","Bcl11b"
9.18817422937404e-08,0.588539866023393,0.714,0.687,0.00146992411321526,"0","Rab6a"
9.29473364904885e-08,3.03342482816379,0.35,0.059,0.00148697148917484,"6","Loxl1"
9.32721361519875e-08,0.34393982280774,1,0.985,0.0014921676341595,"4","Eif3h"
9.51753175680847e-08,1.2105483158196,0.226,0.061,0.00152261473045422,"5","Taf5"
9.56691759407578e-08,1.01350563247034,0.34,0.166,0.00153051547670024,"1","Rbbp9"
9.68438197389844e-08,0.996972922928201,0.284,0.126,0.00154930742818427,"1","Rbbp8"
9.69345441447318e-08,0.396700136428134,0.884,0.869,0.00155075883722742,"0","Lamp1"
1.01017948188236e-07,0.566328339281029,0.791,0.555,0.0016160851351154,"1","Ndufa3"
1.0232024041085e-07,0.935800850698064,0.344,0.169,0.00163691920609278,"1","Sumf2"
1.02955502657796e-07,0.849791383299794,0.479,0.266,0.00164708213151942,"1","Enpp2"
1.029839728154e-07,1.49825340535385,0.214,0.086,0.00164753759710077,"1","Cdca7l"
1.03453181003138e-07,1.03521051158411,0.488,0.312,0.00165504398968819,"3","Ift57"
1.05553561650175e-07,0.412844519192668,1,0.945,0.0016886458792795,"5","Eef1d"
1.06029067195499e-07,0.799448518498593,0.774,0.432,0.0016962530169936,"5","Exosc7"
1.06090386510735e-07,0.672263469980794,0.753,0.632,0.00169723400339874,"3","Emc7"
1.06423105894555e-07,0.645767081738315,0.71,0.298,0.00170255684810109,"5","Med4"
1.07124984602026e-07,0.80543756240759,0.493,0.283,0.00171378550366321,"1","Agpat2"
1.0793635626247e-07,0.916971938295969,0.312,0.145,0.00172676582748699,"1","Ocln"
1.0839910120408e-07,0.725655053232723,0.516,0.204,0.00173416882106287,"5","Memo1"
1.09024989438654e-07,0.552802058956198,0.978,0.735,0.00174418178103959,"5","Tpm3"
1.09324090700958e-07,1.18817179817815,0.442,0.325,0.00174896680303392,"0","Zfp703"
1.10070510095826e-07,0.957270219147812,0.366,0.129,0.00176090802051302,"5","Add3"
1.10897579897279e-07,1.14692452497491,0.215,0.056,0.00177413948319667,"5","Ssfa2"
1.1183748070724e-07,0.380911328207747,0.951,0.864,0.00178917601635442,"2","Elof1"
1.12300342116066e-07,1.29813267577391,0.223,0.089,0.00179658087317282,"1","Kdelc2"
1.12532516200824e-07,0.352871881591558,1,0.973,0.00180029519418079,"5","Rpl15"
1.13050585551883e-07,0.450509012846854,0.857,0.882,0.00180858326765902,"0","Csnk1a1"
1.1342636004844e-07,0.421688901889482,0.99,0.946,0.00181459490805495,"4","Psma2"
1.14024379674077e-07,0.54806159410049,0.754,0.738,0.00182416202602589,"0","Srsf11"
1.14250485274574e-07,1.41820486759167,0.272,0.119,0.00182777926342263,"3","Galns"
1.14863302344937e-07,0.881807514595461,0.344,0.116,0.0018375831109143,"5","Mrpl15"
1.15709375887296e-07,0.991908203016263,0.258,0.078,0.00185111859544497,"5","Atp1a2"
1.16287388269703e-07,1.54134598118371,0.284,0.127,0.00186036563753871,"3","1700056E22Rik"
1.16804665401665e-07,0.909450706751232,0.491,0.387,0.00186864103709584,"0","Atg3"
1.17091776022259e-07,1.51041209863124,0.241,0.097,0.00187323423280409,"3","Tspyl4"
1.17832331281311e-07,1.0271733845783,0.398,0.147,0.00188508163583842,"5","Clcc1"
1.17986518896539e-07,0.865481102315491,0.725,0.464,0.00188754832930684,"4","Fgd2"
1.18222728868639e-07,0.368566749448576,0.963,0.944,0.00189132721644049,"2","Cox6c"
1.18662771977898e-07,0.803503805861109,0.376,0.14,0.00189836702610242,"5","Ier3"
1.19734870521104e-07,0.393642690967497,1,0.938,0.00191551845859662,"5","Atp5o"
1.19820781302941e-07,0.936695071588418,0.344,0.116,0.00191689285928445,"5","Nxt2"
1.23879468559006e-07,2.84254230658366,0.5,0.118,0.00198182373800697,"6","Ramp1"
1.24390217895988e-07,0.520346510019351,0.989,0.684,0.00198999470590001,"5","Gpx1"
1.25247758060489e-07,0.41726460999048,1,0.945,0.00200371363345171,"5","Tmsb10"
1.26590161616191e-07,0.378863122876178,1,0.923,0.00202518940553582,"5","Fkbp4"
1.26972933329437e-07,0.66570820344848,0.722,0.591,0.00203131298740433,"3","Commd6"
1.27376698640885e-07,1.47813144877466,0.235,0.093,0.00203777242485688,"3","Cpm"
1.27634197441073e-07,3.62022235437653,0.2,0.02,0.00204189189066229,"6","Filip1"
1.27667846649106e-07,0.978011419831937,0.387,0.142,0.0020424302106924,"5","Ckap5"
1.27700020191716e-07,1.06129158397398,0.355,0.125,0.00204294492302706,"5","Yars2"
1.28716299880472e-07,1.6299141898158,0.9,0.452,0.0020592033654878,"6","Bambi"
1.28914137269415e-07,0.755338489334891,0.507,0.297,0.0020623683680361,"1","Exosc3"
1.29208936777218e-07,1.00721020119202,0.363,0.187,0.00206708457056193,"1","Tmem141"
1.30188504470471e-07,1.2412881227508,0.294,0.13,0.0020827556945186,"2","Ube3c"
1.30815741091852e-07,1.18711412947109,0.364,0.186,0.00209279022598744,"3","Chpf"
1.31218446506537e-07,0.95406779070862,0.326,0.154,0.00209923270721157,"1","Scrn2"
1.31262869673508e-07,0.788805431852724,0.473,0.186,0.00209994338903678,"5","Nacc1"
1.31332426335517e-07,0.882463284788534,0.391,0.202,0.00210105615651561,"1","Smim12"
1.32359815344414e-07,0.757999067942347,0.441,0.165,0.00211749232587994,"5","Stag1"
1.34346043958703e-07,0.628080667552761,0.741,0.754,0.00214926801125134,"0","Mapk3"
1.34711711487255e-07,0.615467755401681,0.92,0.849,0.0021551179603731,"3","Hspa5"
1.35755945445858e-07,0.505757300236521,0.857,0.838,0.00217182361524284,"0","Map1lc3b"
1.36499405342889e-07,0.98818560743989,0.466,0.278,0.00218371748667553,"2","Gmppa"
1.36745437801163e-07,0.886739434861485,0.349,0.168,0.00218765351394301,"1","Hs6st1"
1.36889332711022e-07,1.40778907846681,0.302,0.143,0.00218995554471092,"3","0610009L18Rik"
1.37400460349409e-07,1.64613093544575,0.235,0.074,0.00219813256466985,"4","Sema4c"
1.37772527988195e-07,1.31123303019033,0.304,0.168,0.00220408490275514,"0","Serinc2"
1.39875908019417e-07,0.56476140993975,0.767,0.566,0.00223773477649463,"2","Trim35"
1.40025297678618e-07,1.3321662285096,0.2,0.076,0.00224012471226253,"1","Ugt8a"
1.41819747944619e-07,0.305434395849329,0.333,0.114,0.00226883232761801,"5","Mest"
1.42034175939043e-07,0.782958856367895,0.43,0.16,0.0022722627466728,"5","Ncbp1"
1.43563901625947e-07,0.485931034416318,0.853,0.725,0.0022967352982119,"2","Saraf"
1.43811943799548e-07,0.871222057099799,0.452,0.181,0.00230070347690517,"5","Fxyd2"
1.44110601899216e-07,1.49042007487923,0.21,0.076,0.00230548140918366,"3","B230217C12Rik"
1.44430609409396e-07,0.85691030680159,0.522,0.425,0.00231060088933152,"0","Fam134a"
1.44608564039321e-07,0.385629907350502,1,0.912,0.00231344780750105,"5","Epcam"
1.46388938886693e-07,1.9889911823706,0.284,0.109,0.00234193024430932,"4","Pkib"
1.4654024060943e-07,0.362348618250051,1,1,0.00234435076926966,"4","Rpl29"
1.4681041453916e-07,0.950120376942687,0.301,0.1,0.00234867301179748,"5","Atf3"
1.47140715072044e-07,1.09973641790746,0.242,0.098,0.00235395715972255,"1","Ints4"
1.47752213828295e-07,1.12386894160329,0.237,0.098,0.00236373991682507,"1","Spata13"
1.49534988523115e-07,0.960791216904187,0.323,0.107,0.0023922607463928,"5","Magi1"
1.50189941134098e-07,0.946730113981285,0.577,0.385,0.00240273867826331,"2","Bet1"
1.5065470806596e-07,0.615907550784081,0.674,0.605,0.00241017401963923,"0","Atp6v1d"
1.51185737012117e-07,0.31779382448378,1,0.965,0.00241866942071985,"5","Atp5g1"
1.51227027410092e-07,0.59480346694098,0.892,0.615,0.00241932998450665,"5","Tra2b"
1.5215646603896e-07,1.2672859276601,1,0.979,0.00243419914369129,"6","Ssr2"
1.55182513877727e-07,0.522856120615669,0.833,0.615,0.00248260985701588,"1","Mrps16"
1.55627186407547e-07,0.720379297453577,0.675,0.487,0.00248972372814793,"2","Dda1"
1.55853348802428e-07,1.24641395721434,0.205,0.077,0.00249334187414124,"1","Pbld2"
1.58537265281749e-07,1.06882837539556,0.301,0.097,0.00253627916997741,"5","Faap24"
1.59316133807985e-07,0.530653752805371,0.645,0.282,0.00254873950866015,"5","Mfge8"
1.60248237116012e-07,0.973338165547723,0.256,0.11,0.00256365129738196,"1","Nde1"
1.61507151029433e-07,0.685317421136225,0.563,0.335,0.00258379140216887,"1","Luzp1"
1.61533379823053e-07,0.489530266732508,1,0.784,0.0025842110104092,"5","Mrps14"
1.64504583517439e-07,0.811137767005537,0.54,0.437,0.00263174432711199,"0","Nipbl"
1.65383933848195e-07,0.807052886659979,0.552,0.35,0.00264581217370343,"2","Glrx"
1.67612575782938e-07,0.517400449853095,0.89,0.815,0.00268146598737544,"2","Pin1"
1.68228543907299e-07,1.39566779144817,0.28,0.093,0.00269132024542898,"5","Fam198a"
1.69744820783061e-07,1.22369597220789,0.49,0.252,0.00271557764288741,"4","Adam10"
1.72192100911939e-07,1.12466573765035,0.471,0.231,0.0027547292303892,"4","Cbfa2t2"
1.72815820696678e-07,3.19627159082433,0.25,0.031,0.00276470749950546,"6","Nefm"
1.73272162186453e-07,2.38410925116362,0.45,0.098,0.00277200805065887,"6","Kctd12"
1.74607225962372e-07,0.894349690447357,0.442,0.313,0.00279336640094603,"0","Tmem57"
1.80077791617704e-07,0.98915762203796,0.358,0.187,0.00288088451030003,"1","Akip1"
1.82661317215137e-07,1.02790272468356,0.247,0.071,0.00292221575280777,"5","Ptk2"
1.82845755001252e-07,0.911420172139082,0.376,0.137,0.00292516638851003,"5","Sin3a"
1.84392132067848e-07,0.750064770392092,0.623,0.457,0.00294990532882143,"3","Atp6v1b2"
1.84427952061879e-07,0.657625745514158,0.462,0.199,0.00295047837708595,"5","Id1"
1.84815203154273e-07,0.601188081829415,0.721,0.518,0.00295667362006206,"1","Ormdl2"
1.88184689895938e-07,1.45804208869737,0.352,0.198,0.00301057866895521,"3","Arxes2"
1.89080618830512e-07,0.777889350015369,0.43,0.16,0.00302491174005053,"5","Kpna4"
1.89399322596685e-07,0.71763521389832,0.507,0.292,0.00303001036290177,"1","Hn1l"
1.9100425013918e-07,1.46592484692599,0.247,0.103,0.00305568599372661,"3","Gatsl2"
1.96402811164877e-07,0.586629592767384,0.968,0.762,0.00314205217301571,"5","Nap1l1"
1.97618543551085e-07,0.43981777303617,0.914,0.882,0.00316150145973026,"3","Uqcr11"
1.98118135603983e-07,1.04294348623681,0.237,0.069,0.00316949393339252,"5","Fosb"
1.99769013434377e-07,0.841468675340559,0.495,0.207,0.00319590467692317,"5","Rif1"
2.00279219866103e-07,0.97679946493936,0.49,0.246,0.00320406695941792,"4","Mfng"
2.01351603238724e-07,0.872193150651038,0.326,0.158,0.00322122294861311,"1","Prim1"
2.0216509423992e-07,1.00886796302161,0.301,0.099,0.00323423717765024,"5","Shank2"
2.02671799339929e-07,0.777262098923842,0.505,0.202,0.00324234344584019,"5","Sptlc2"
2.04267242928258e-07,0.963145957278147,0.265,0.116,0.00326786735236626,"1","Zfp593"
2.05885621310423e-07,0.437175117514301,0.98,0.929,0.00329375816972415,"4","Cnpy2"
2.07166083412058e-07,0.717319461747636,0.516,0.207,0.00331424300242611,"5","Parp1"
2.07850857774868e-07,0.790838947643245,0.543,0.351,0.00332519802268234,"3","Desi1"
2.08474534042841e-07,1.13422925864366,0.312,0.106,0.00333517559561737,"5","Prr5"
2.11156395593183e-07,1.05971269844185,0.356,0.178,0.00337808001669973,"2","Cbarp"
2.12931017375686e-07,0.943758063350121,0.307,0.144,0.00340647041597623,"1","Sh3yl1"
2.13683787431033e-07,0.822096713337808,0.38,0.174,0.00341851323132167,"2","Pnmal1"
2.14483727677209e-07,0.724654171501623,0.54,0.325,0.00343131067537999,"1","Prr15l"
2.14540536168314e-07,0.655489851867937,0.778,0.636,0.00343221949762068,"3","Cisd1"
2.14936983053293e-07,1.09549634107307,0.648,0.477,0.00343856185488659,"3","Sepp1"
2.14961363052697e-07,0.565204526176945,0.753,0.61,0.00343895188611704,"3","Gstz1"
2.17063796012616e-07,0.796039356108803,0.577,0.37,0.00347258660860983,"1","Pyurf"
2.17646118349959e-07,1.926294669326,0.216,0.07,0.00348190260136264,"4","Shisa2"
2.19294955785516e-07,0.655237504129009,0.806,0.448,0.00350828070265669,"5","Ppa2"
2.21725747663674e-07,1.13726915741536,0.284,0.134,0.00354716851112346,"1","Meis1"
2.22920584495834e-07,1.38781905247034,0.204,0.054,0.00356628351076436,"5","Tti1"
2.23061589691643e-07,0.63135505680134,0.696,0.653,0.00356853931188691,"0","Chd4"
2.23828378097275e-07,0.673663084920002,0.833,0.582,0.00358080639280021,"4","Kdm1a"
2.24274440996695e-07,0.796205132728875,0.536,0.442,0.00358794250706513,"0","Ubl7"
2.25029622392042e-07,0.66461764802157,0.742,0.383,0.00360002389902789,"5","Nrtn"
2.25611317471492e-07,0.797351889129104,0.366,0.129,0.00360932985690894,"5","Phf10"
2.26740750140772e-07,0.524940165453781,0.914,0.698,0.00362739852075207,"5","Rer1"
2.27469310264026e-07,0.575477422366494,0.903,0.639,0.00363905402560388,"5","Hnrnpdl"
2.30251574395091e-07,0.700877579107268,0.796,0.755,0.00368356468717267,"3","Ctsb"
2.32073565713615e-07,1.03834201316796,0.333,0.157,0.00371271290428642,"3","Upp1"
2.32347608928097e-07,0.74120976344097,0.742,0.391,0.00371709704763169,"5","Ivns1abp"
2.32668156251848e-07,0.998879426422504,0.358,0.186,0.00372222516371706,"1","Mapkapk2"
2.36111508303156e-07,1.24599878620719,0.269,0.086,0.00377731190983389,"5","Prkd3"
2.36532797140622e-07,0.414651771555566,0.915,0.909,0.00378405168865567,"0","Rab2a"
2.36578394605144e-07,0.543557259845318,0.968,0.762,0.00378478115689309,"5","Mrps24"
2.37448795006229e-07,1.0752880539573,0.28,0.088,0.00379870582250966,"5","Wdr4"
2.38362868423871e-07,0.611387718820591,0.806,0.413,0.00381332916904508,"5","Acadl"
2.41121419463246e-07,1.74220420174472,0.221,0.087,0.00385746046857302,"2","Ier5"
2.420160852483e-07,1.13057396128726,0.333,0.12,0.0038717733318023,"5","Osgin1"
2.43862518365555e-07,0.827153447822974,0.725,0.486,0.00390131256881216,"4","Smarcc1"
2.44119163673355e-07,0.923329808823592,0.436,0.248,0.00390541838044634,"2","Mia3"
2.47155645442716e-07,0.455325597377195,0.895,0.776,0.00395399601579257,"3","Dpy30"
2.47221555385639e-07,1.0272924269625,0.33,0.168,0.00395505044305946,"1","Syne2"
2.52473158936043e-07,0.910659798984394,0.323,0.108,0.00403906559665882,"5","Spata13"
2.52639367709384e-07,0.861260848903992,0.323,0.107,0.00404172460461473,"5","Ctf1"
2.53330680058346e-07,1.56364182323585,0.241,0.113,0.00405278421957343,"0","Akap17b"
2.55435031544993e-07,0.77581621541864,0.688,0.374,0.0040864496346568,"5","Chtf8"
2.5649225766214e-07,0.576856381837907,0.925,0.628,0.00410336313807891,"5","1110008F13Rik"
2.57834868422133e-07,0.659281956658015,0.441,0.166,0.00412484222501728,"5","Erf"
2.58104806781692e-07,0.628782586848492,0.571,0.475,0.0041291606988935,"0","Ndufaf3"
2.60181046649238e-07,0.846099112455927,0.968,0.869,0.00416237638429451,"5","H1f0"
2.64150178361344e-07,0.968240049820367,0.344,0.122,0.00422587455342479,"5","Rnaseh1"
2.6589288925473e-07,1.4707759543867,0.239,0.099,0.00425375444229717,"2","Trove2"
2.65990925754406e-07,2.72310533032272,0.3,0.045,0.00425532283021899,"6","Hist2h3c2"
2.66596264209105e-07,0.383627218320469,0.92,0.903,0.00426500703481726,"0","Eif4g2"
2.70130365569915e-07,0.358701731372094,1,0.964,0.0043215455883875,"5","Rpl22"
2.70453040059893e-07,0.510925637324792,0.75,0.722,0.00432670773487817,"0","Oaz2"
2.7084894955663e-07,0.872090574173581,0.491,0.371,0.00433304149500696,"0","Phf23"
2.72702098062271e-07,0.682702085570214,0.903,0.571,0.00436268816480021,"5","Apex1"
2.75365533124196e-07,0.656613377139576,0.86,0.509,0.00440529779892089,"5","Ilf2"
2.76181137765553e-07,0.37202949925689,1,1,0.00441834584197332,"4","Actb"
2.78184979006837e-07,1.32337574255623,0.237,0.069,0.00445040329415138,"5","Cep57l1"
2.80433705295642e-07,1.26832890664323,0.309,0.153,0.00448637841731968,"3","Gmpr"
2.82636670465721e-07,0.859506423237872,0.4,0.213,0.00452162145411061,"1","Ak3"
2.83168641669223e-07,0.756456018268212,0.742,0.383,0.00453013192942424,"5","Myg1"
2.83221199860829e-07,0.887449095027842,0.366,0.133,0.00453097275537354,"5","Srebf1"
2.84778139361184e-07,0.872426865592463,0.558,0.392,0.00455588067350023,"2","Copa"
2.84967014907651e-07,0.494831671958857,0.847,0.752,0.0045589023044926,"2","Arpc5l"
2.85660104398649e-07,1.06121046108924,0.258,0.078,0.00456999035016958,"5","Cyb5r1"
2.8739786334322e-07,0.490818251676247,0.978,0.778,0.00459779101776483,"5","Atox1"
2.87743138901573e-07,0.783540403943768,0.504,0.397,0.00460331473614737,"0","Csnk1d"
2.8847582650052e-07,0.629442449031747,0.495,0.192,0.00461503627235533,"5","Setd8"
2.91557419508863e-07,0.26516009020356,1,1,0.0046643355973028,"5","Rps29"
2.92315851673009e-07,0.981491461459332,0.302,0.144,0.0046764689950648,"1","B4gat1"
2.92583486372096e-07,0.379742627644292,1,0.946,0.00468075061498079,"5","Cnbp"
2.93112256149133e-07,0.71539371546101,0.57,0.267,0.00468920987387382,"5","Zfhx3"
3.00187034682533e-07,0.359241230175502,1,0.973,0.00480239218085117,"4","Rpl15"
3.01052845541125e-07,0.826761421102272,0.568,0.382,0.00481624342296691,"3","Pja2"
3.01609683531874e-07,0.437382573015871,0.907,0.821,0.00482515171714292,"3","Chmp2a"
3.05753143448666e-07,0.932366064923329,0.29,0.094,0.00489143878889176,"5","Prcp"
3.09307841068012e-07,0.652288280324675,0.366,0.126,0.00494830684140605,"5","Spats2"
3.09393899590673e-07,0.738061016449416,0.43,0.166,0.00494968360565159,"5","Rab13"
3.10639973574436e-07,0.758815735031396,0.624,0.289,0.00496961829724382,"5","Tex30"
3.11396098401827e-07,0.87229798847459,0.366,0.131,0.00498171478223243,"5","Cxadr"
3.11807937259524e-07,0.374630504196009,1,0.964,0.00498830338027787,"4","Rpl22"
3.14303399068976e-07,0.345214539829342,0.982,0.96,0.00502822577830547,"2","Cox7a2"
3.17706678527008e-07,0.600351666080856,0.441,0.175,0.00508267144307507,"5","Efna4"
3.18618179448903e-07,1.26296934934015,0.2,0.077,0.00509725363482355,"1","Mkrn2os"
3.20277947845627e-07,0.680137872756297,0.462,0.187,0.00512380660963434,"5","Serpine2"
3.21001838200278e-07,0.708962652992877,0.57,0.242,0.00513538740752805,"5","Tfam"
3.21394439334454e-07,1.0866242439824,0.366,0.24,0.00514166824047259,"0","Smad1"
3.22623346324652e-07,1.03741954587302,0.424,0.298,0.00516132829450178,"0","Tpst1"
3.2374337448138e-07,0.920038026960201,0.269,0.082,0.00517924650495311,"5","Mex3c"
3.24462759132867e-07,0.561992094718146,0.804,0.696,0.00519075522060761,"2","Apoa1bp"
3.27489158638319e-07,0.621486134067293,0.796,0.386,0.00523917155989583,"5","Kars"
3.28407498400785e-07,1.19004230190852,0.325,0.164,0.00525386315941575,"2","Pop5"
3.2886555747312e-07,0.61438443354997,0.796,0.439,0.00526119118845498,"5","Oard1"
3.29893411644575e-07,0.762160773445433,0.441,0.172,0.00527763479948991,"5","2700049A03Rik"
3.30144315074971e-07,0.885199951849328,0.269,0.082,0.00528164875256939,"5","Unk"
3.30836906904312e-07,2.70574172181886,0.4,0.079,0.00529272883665518,"6","5730508B09Rik"
3.31406518078713e-07,0.715882560906443,0.473,0.186,0.00530184147622325,"5","Kat2a"
3.31909055379353e-07,0.545786990779082,0.814,0.622,0.00530988106795889,"1","Ost4"
3.3237049368692e-07,1.60900671219057,0.275,0.108,0.00531726315800335,"4","Prr5"
3.39947730198738e-07,1.10788061281761,0.228,0.096,0.00543848378771941,"1","Rgs2"
3.40758331291281e-07,1.17222411894133,0.27,0.126,0.00545145178399792,"1","Sept9"
3.41049362853724e-07,0.809015789084894,0.323,0.107,0.00545610770693388,"5","Ice1"
3.45580420866085e-07,1.12298864637541,0.265,0.119,0.00552859557301563,"1","B4galt4"
3.46038231204399e-07,0.765562637076803,0.502,0.293,0.00553591962280797,"1","Ndufaf2"
3.46392263025618e-07,0.352905154644905,0.741,0.649,0.00554158342388384,"0","Acly"
3.46653640087856e-07,1.06726182140153,0.366,0.233,0.00554576493412552,"0","Stat3"
3.47195047289608e-07,0.768739595541905,0.71,0.345,0.00555442636653915,"5","Rnf126"
3.49935441052792e-07,0.52327837975416,0.795,0.807,0.00559826718596256,"0","Ap2m1"
3.50168765925502e-07,0.465973886856908,0.786,0.751,0.00560199991727618,"0","Son"
3.55531856543571e-07,0.649339990642131,0.398,0.143,0.00568779864098405,"5","Mier1"
3.56852840617165e-07,1.4226506156963,0.209,0.077,0.0057089317441934,"2","Tmem50b"
3.63387378183483e-07,1.10384819524044,0.307,0.143,0.00581347127617935,"2","Dync2h1"
3.63743436705309e-07,1.19939392811155,0.307,0.145,0.00581916750041153,"2","Gpsm1"
3.65349201101554e-07,0.718617660077852,0.824,0.569,0.00584485651922266,"4","Paics"
3.69300294000633e-07,1.01041211969528,0.251,0.11,0.00590806610342213,"1","Cfi"
3.70335984002187e-07,0.779584782378988,0.405,0.223,0.00592463507206698,"1","Zfp395"
3.71726079922113e-07,0.611540952303891,0.922,0.782,0.00594687382659397,"4","Atox1"
3.78554358264723e-07,0.989944627685918,0.323,0.112,0.00605611262351904,"5","Gal3st1"
3.79741550214726e-07,0.90698048887541,0.496,0.392,0.00607510532033519,"0","Rnf114"
3.79781396362188e-07,0.751617434134301,0.591,0.279,0.00607574277900229,"5","Igf1r"
3.82272879656807e-07,0.943558275637549,0.473,0.352,0.0061156015287496,"0","Snx15"
3.85003084645607e-07,1.185291683276,0.253,0.104,0.00615927934816041,"3","Snap25"
3.86166529665561e-07,1.12049222188698,0.269,0.086,0.00617789214158964,"5","Spata24"
3.866120166361e-07,0.681141187746574,0.778,0.645,0.00618501904214433,"3","Fkbp2"
3.89830056832045e-07,0.904958138144866,0.452,0.184,0.00623650124919906,"5","Ubap2"
3.90617163078512e-07,0.42984734586101,0.932,0.88,0.00624909337493003,"3","Cox14"
3.93442447480524e-07,0.676502754646432,0.602,0.261,0.00629429227479342,"5","Rsrc1"
3.9546228512594e-07,0.669378101343266,0.849,0.553,0.00632660563744479,"5","Degs1"
3.95845464766075e-07,1.15496308282457,0.339,0.211,0.00633273574532767,"0","Sh2d3c"
3.9663417549166e-07,0.819281462377337,0.405,0.216,0.00634535353951557,"1","Ppil3"
3.98254821282877e-07,1.2053070973296,0.442,0.354,0.00637128063088346,"0","Foxp1"
3.99431790828854e-07,0.819192919543099,0.735,0.502,0.00639010978968001,"4","Grhpr"
3.99965680437602e-07,0.718520827165769,0.323,0.107,0.00639865095564076,"5","2810006K23Rik"
4.0246823008325e-07,0.693111096451449,0.691,0.562,0.00643868674487184,"3","Guk1"
4.14550281885879e-07,0.820236567937354,0.414,0.228,0.00663197540961029,"1","Borcs8"
4.19939110342765e-07,0.536041902158479,0.786,0.552,0.00671818588726356,"1","Trp53"
4.20192489788746e-07,0.361910760931167,0.933,0.846,0.00672223945164035,"2","Atp6v0b"
4.2119324138982e-07,1.06095700922074,0.479,0.315,0.00673824947575434,"2","Sec61a1"
4.21308241186699e-07,0.983232513761628,0.247,0.074,0.00674008924250482,"5","Zw10"
4.21780231281628e-07,1.79286888816684,0.25,0.128,0.00674764014004349,"0","H2-Q2"
4.24028843292387e-07,0.596149338313885,0.748,0.62,0.0067836134349916,"2","Jagn1"
4.2481636825873e-07,1.31248164647355,0.233,0.102,0.00679621225940316,"1","Tnfrsf1a"
4.25167760789222e-07,0.834352492255974,0.637,0.395,0.00680183383710597,"4","St3gal6"
4.25872750813043e-07,0.444411660992936,0.883,0.816,0.00681311226750705,"2","Pgls"
4.2622837102985e-07,1.32065489432522,0.265,0.116,0.00681880147973554,"3","Abcb9"
4.26844800429013e-07,0.606165943986902,0.728,0.679,0.00682866311726336,"0","Smarca4"
4.27219563254447e-07,0.943720645075404,0.344,0.125,0.00683465857294465,"5","Pbx3"
4.28679612253867e-07,0.731762719405265,0.667,0.301,0.00685801643683736,"5","BC003965"
4.28981646186289e-07,0.836331139746072,0.536,0.461,0.00686284837568825,"0","Lamtor3"
4.30322493943607e-07,0.825130085278394,0.456,0.267,0.00688429925810982,"1","Stt3b"
4.31349621986419e-07,0.70813337357845,0.806,0.438,0.00690073125253873,"5","Smc1a"
4.3170111645741e-07,0.644581340787997,0.746,0.697,0.00690635446108565,"0","Nt5dc2"
4.34817318551119e-07,0.745127168230298,0.419,0.225,0.0069562074621808,"1","Smyd2"
4.38376711701538e-07,0.801393892648825,0.372,0.19,0.0070131506338012,"1","Pop4"
4.39916996398288e-07,0.860421136840138,0.484,0.202,0.00703779210837981,"5","Adipor2"
4.43164047207398e-07,1.63397617908554,0.202,0.077,0.00708973842722395,"2","Ccdc167"
4.44916214448478e-07,0.651953169161448,0.645,0.295,0.00711776959874676,"5","Hmbs"
4.44933831786956e-07,0.904252178097025,0.454,0.277,0.00711805144092773,"2","Sec31a"
4.45264111510846e-07,0.688586415913772,0.559,0.244,0.00712333525595051,"5","Cnot1"
4.46091531629697e-07,0.345551633883587,1,0.929,0.00713657232301189,"5","Rps3"
4.47196148777212e-07,0.81997660251661,0.437,0.237,0.00715424398813784,"1","Ppt1"
4.50608987593507e-07,0.455927122158394,0.856,0.664,0.00720884258352093,"1","Mrpl52"
4.51862873366159e-07,0.92233969860535,0.264,0.109,0.00722890224811181,"2","Smim24"
4.54670949146392e-07,1.17146410866961,0.258,0.081,0.00727382584444398,"5","Hspg2"
4.57654446288402e-07,1.15890942918907,0.294,0.134,0.00732155583172186,"2","Maml3"
4.58075105078381e-07,1.14405524600791,0.233,0.101,0.00732828553104394,"1","Hells"
4.5920011497401e-07,0.651860993082492,0.72,0.353,0.00734628343935421,"5","Gata6"
4.59307632009671e-07,0.536778126173912,0.815,0.737,0.00734800349689072,"3","Napa"
4.63989209909262e-07,1.25728367254353,0.272,0.121,0.00742289938012838,"3","Kif1a"
4.69172732447596e-07,1.24352733891081,0.296,0.143,0.00750582537369664,"3","Inafm1"
4.69191466460147e-07,0.639243964029544,0.614,0.398,0.00750612508042944,"1","H2afj"
4.72522051881387e-07,1.20927365416806,1,0.435,0.00755940778599843,"6","1700086L19Rik"
4.7974187138693e-07,0.447097142394574,0.92,0.841,0.0076749104584481,"2","Sdhb"
4.79881215141786e-07,0.484994741204268,0.864,0.799,0.00767713967983829,"3","Fam104a"
4.81213672296543e-07,0.590935535153992,0.645,0.283,0.0076984563294001,"5","Srsf10"
4.84056425471979e-07,0.941220997490675,0.362,0.219,0.00774393469470072,"0","Cdc14b"
4.84108173791615e-07,1.01798885319907,0.438,0.273,0.00774476256431825,"3","Snrpn"
4.89213798474994e-07,0.821896974372937,0.527,0.417,0.00782644234800296,"0","Sfpq"
4.90155850553111e-07,0.255101577121139,1,1,0.00784151329714867,"3","mt-Nd4"
4.97022346050441e-07,0.772205867918625,0.656,0.325,0.00795136349211496,"5","Rbms1"
4.98127080486827e-07,0.534587054433467,0.957,0.704,0.00796903703362825,"5","Tmem14c"
5.00524697118012e-07,0.53804196508833,0.84,0.735,0.00800739410449396,"2","Ndufc1"
5.01729918038731e-07,1.01168116692861,0.42,0.317,0.00802667522878362,"0","Foxp4"
5.08542169689977e-07,1.06181463758728,0.335,0.193,0.00813565763070024,"0","Ttc28"
5.08847343164237e-07,0.611689890582459,0.642,0.394,0.00814053979594146,"1","Oxa1l"
5.12594383899085e-07,0.782996162410163,0.377,0.199,0.00820048495361757,"1","Cep164"
5.15637943726995e-07,1.11917496244544,0.294,0.14,0.00824917582374446,"2","Hip1r"
5.15858732589717e-07,1.0217672419492,0.333,0.119,0.00825270800397029,"5","Pdk1"
5.17130324058088e-07,1.37279626855351,0.9,0.438,0.0082730509242813,"6","Tubb2a"
5.17823060758033e-07,0.630812205716238,0.742,0.393,0.00828413332600702,"5","2810004N23Rik"
5.22062818607396e-07,0.428542360261126,0.879,0.868,0.00835196097208112,"0","Rbm39"
5.23696658652248e-07,0.68828747705725,0.577,0.371,0.00837809914511867,"2","Bpnt1"
5.29994114691846e-07,0.895602417611429,0.372,0.198,0.00847884584684015,"1","Parp1"
5.31525976289284e-07,1.29542762100565,0.264,0.116,0.00850335256867596,"2","Rpusd1"
5.32611321279444e-07,0.283765136128912,0.981,0.98,0.00852071591782855,"3","Atpif1"
5.33423126363398e-07,1.1723339095586,0.412,0.206,0.00853370317556164,"4","Apoc1"
5.33943473620071e-07,0.62099811242292,0.613,0.297,0.0085420276909739,"5","Sat1"
5.41401532175874e-07,0.754521264217031,0.462,0.193,0.00866134171174963,"5","Daam1"
5.43230391051188e-07,0.815857851972987,0.462,0.19,0.00869059979603691,"5","Stk24"
5.44182979102966e-07,0.648235565721201,0.701,0.656,0.00870583929968924,"0","Sept7"
5.46108217706817e-07,0.742548359417555,0.364,0.177,0.00873663926687366,"3","Papss2"
5.52729110636538e-07,1.01827931464104,0.265,0.111,0.00884256031196333,"3","Lrrc73"
5.53000198848295e-07,1.26760090914903,0.383,0.228,0.00884689718117503,"3","C1qtnf6"
5.54104645325181e-07,0.28669880118383,1,1,0.00886456611591224,"4","H3f3a"
5.55612933253295e-07,0.901644205195391,0.588,0.364,0.00888869570618622,"4","Ldb1"
5.58511583468096e-07,1.28931663173198,0.204,0.056,0.00893506831232259,"5","Mmgt1"
5.59147524902208e-07,0.995186019212581,0.398,0.157,0.00894524210338553,"5","Rnaseh2a"
5.61990741190015e-07,0.327147137842677,0.973,0.943,0.00899072787755786,"0","Tmsb10"
5.65543785564168e-07,0.74139226996969,0.586,0.412,0.00904756948145556,"3","Rnpepl1"
5.7245451417874e-07,0.523381658551598,0.67,0.623,0.00915812731783149,"0","Sgta"
5.73188813516486e-07,0.952968801057766,0.549,0.34,0.00916987463863674,"4","Snhg6"
5.74113562540972e-07,1.55136381293161,0.255,0.095,0.00918466877353047,"4","Urah"
5.76327453892653e-07,0.405110783214261,1,0.853,0.00922008660737467,"5","Rpl31"
5.81886411323495e-07,1.11736852611365,0.38,0.208,0.00930901880835327,"2","Dhps"
5.83461799208122e-07,0.567164592053901,0.98,0.897,0.00933422186373153,"4","Taldo1"
5.85923893519686e-07,0.479707051467618,0.79,0.774,0.00937361044852793,"0","Ubxn4"
5.87453863057718e-07,1.13998447288421,0.355,0.137,0.00939808690119737,"5","Fam81a"
5.89355616292238e-07,0.850299779195944,0.536,0.441,0.00942851114944322,"0","Fubp1"
5.91143823615138e-07,1.06048094262151,0.397,0.281,0.00945711889019497,"0","Ccndbp1"
5.91178472658756e-07,0.738657198123742,0.731,0.406,0.00945767320559478,"5","Mlec"
5.93846175059134e-07,0.799806467435668,0.495,0.217,0.00950035110859603,"5","Misp"
5.94884419541467e-07,1.08692387410903,0.312,0.184,0.00951696094382439,"0","Ttll7"
6.03934380690542e-07,0.642152442692543,0.647,0.427,0.0096617422222873,"1","Pnrc2"
6.04768559677155e-07,0.772769822707602,0.505,0.214,0.00967508741771512,"5","Rpp30"
6.07057766650285e-07,1.25193313222914,0.461,0.247,0.00971171015087127,"4","Igfbpl1"
6.09827730354403e-07,0.782628135559764,0.456,0.263,0.00975602403020975,"1","Rab9"
6.11076611492683e-07,0.721580905010815,0.654,0.514,0.00977600363065994,"3","Ubxn6"
6.12051246386168e-07,0.921164638747665,0.312,0.152,0.00979159583968592,"1","Plekhf2"
6.1435826562463e-07,0.624095172095445,0.814,0.536,0.00982850353346283,"4","Rph3al"
6.1882954689948e-07,0.996171753890217,0.589,0.453,0.00990003509129788,"2","Dnajc3"
6.21093625323463e-07,0.887680842848606,0.371,0.221,0.00993625581792475,"0","Baiap3"
6.22897106304781e-07,0.673169027136155,0.473,0.191,0.00996510790666388,"5","Oxct1"
6.2392936227949e-07,0.806316311533258,0.618,0.371,0.00998162193774728,"4","Ndrg1"
6.27080582301098e-07,0.77064932528788,0.505,0.217,0.010032035155653,"5","Gusb"
6.3044340330993e-07,0.987630722727423,0.226,0.065,0.0100858335661523,"5","Plpp3"
6.34929189389688e-07,0.435181261154651,0.902,0.745,0.0101575971718562,"1","Cfdp1"
6.3545053854449e-07,0.991305678535675,0.503,0.321,0.0101659377156348,"2","Cda"
6.37021055049373e-07,0.59054370506605,0.684,0.442,0.0101910628386799,"1","Gm10073"
6.39906024805006e-07,0.97802005437615,0.284,0.132,0.0102372165848305,"1","Tmem120a"
6.42165549609007e-07,0.538290439402575,0.548,0.229,0.0102733644626449,"5","Homer2"
6.48226531928967e-07,0.42639027049703,0.916,0.732,0.0103703280577996,"1","Eif3l"
6.50650366319927e-07,0.671337906848744,0.806,0.481,0.0104091045603862,"5","Smc6"
6.59873223791124e-07,0.917407510110865,0.353,0.186,0.0105566518342104,"1","Sgf29"
6.61898200093175e-07,0.597401429561162,0.785,0.405,0.0105890474050906,"5","Pgp"
6.62951065519675e-07,0.494925757143502,0.815,0.638,0.0106058911461838,"3","Eva1b"
6.66164251260184e-07,2.28651722506492,0.7,0.276,0.0106572956916604,"6","1500009L16Rik"
6.72445003360885e-07,0.471803479667211,0.72,0.379,0.0107577751637674,"5","Pdgfa"
6.74783282781571e-07,3.49833248578338,0.25,0.035,0.0107951829579396,"6","Parp10"
6.76755602265107e-07,1.06269580515712,0.34,0.181,0.0108267361250372,"1","Fndc3b"
6.7825749136801e-07,1.79165112909994,0.222,0.095,0.0108507633469054,"3","Gpx7"
6.78551073902919e-07,0.658671165239544,0.785,0.414,0.0108554600802989,"5","Med30"
6.85070798215902e-07,1.14511904068849,0.377,0.219,0.010959762629858,"3","Agfg1"
7.06841867504008e-07,0.732943120945041,0.548,0.243,0.0113080561963291,"5","Ctnnd1"
7.17028845612512e-07,3.09750912632863,0.25,0.035,0.011471027472109,"6","Rtp4"
7.18175137605685e-07,0.822177877659955,0.462,0.193,0.0114893658514157,"5","Prmt7"
7.20414127153822e-07,0.699544963663904,0.774,0.416,0.0115251852062068,"5","Srpk1"
7.26513037093535e-07,0.872186231862516,0.676,0.44,0.0116227555674224,"4","Ccar1"
7.27051493039752e-07,0.646612337885115,0.607,0.494,0.01163136978565,"0","Npdc1"
7.28797554373303e-07,0.852561188343136,0.29,0.097,0.0116593032748641,"5","Rreb1"
7.30075418393639e-07,0.483366549023272,1,0.711,0.0116797465434614,"5","Mrpl14"
7.30325971595375e-07,0.745030268084803,0.43,0.167,0.0116837548935828,"5","Scrn2"
7.32084155121427e-07,0.960253322021994,0.316,0.154,0.0117118823136326,"1","Plbd2"
7.32471347578924e-07,0.930359156298267,0.513,0.403,0.0117180766185676,"0","Tpst2"
7.33122267254558e-07,0.585921103093689,0.892,0.573,0.0117284900315384,"5","Trp53"
7.33408842135103e-07,0.631932501357348,0.591,0.26,0.0117330746564774,"5","Hddc2"
7.33651794659679e-07,1.13485101361858,0.441,0.238,0.0117369614109655,"4","Homer2"
7.45505201745678e-07,1.13132343687151,0.223,0.093,0.0119265922175274,"1","Perp"
7.47881650524836e-07,1.50384647586793,0.265,0.126,0.0119646106450963,"3","Slc22a17"
7.59640048725377e-07,0.626809237944201,0.677,0.318,0.0121527214995086,"5","Arrdc1"
7.61013840408241e-07,0.777802759802885,0.71,0.428,0.012174699418851,"5","0610007P14Rik"
7.66947453832492e-07,0.987588572861038,0.269,0.087,0.0122696253664122,"5","Map3k4"
7.73510944144598e-07,1.4437617695436,0.21,0.098,0.0123746280844253,"0","Trp53inp1"
7.76346818236427e-07,0.610513638828005,0.519,0.318,0.0124199963981464,"3","Ociad2"
7.76366347996129e-07,0.544712537775482,0.516,0.214,0.0124203088352421,"5","Tcf7l2"
7.78415162097816e-07,1.40100320131494,0.235,0.102,0.0124530857632409,"3","Abca1"
7.82371884173735e-07,0.966233333857862,0.237,0.071,0.0125163854030114,"5","Smyd5"
7.8713083203467e-07,1.32802157217887,0.204,0.058,0.0125925190508906,"5","Fbxo27"
7.88955235056826e-07,0.812042434428442,0.29,0.096,0.0126217058504391,"5","Taf2"
7.95416659055993e-07,0.923275365870757,0.54,0.377,0.0127250757115778,"2","Stt3a"
7.96437210405221e-07,0.648795042449131,0.605,0.38,0.0127414024920627,"1","Ccdc34"
8.00755074844024e-07,0.72605459785787,0.634,0.6,0.0128104796873547,"0","Txndc12"
8.02494292172468e-07,0.582472494455881,0.66,0.467,0.0128383036861752,"1","S100a1"
8.07501589412797e-07,1.06925700666898,0.215,0.061,0.0129184104274259,"5","Cox6b2"
8.09167623196307e-07,0.420435013739969,0.926,0.874,0.0129450636358945,"3","Atp6v0e"
8.15971101907237e-07,0.797120729384323,0.428,0.237,0.013053905688312,"1","Mfsd10"
8.21256115171738e-07,0.69023582330409,0.484,0.201,0.0131384553305175,"5","Xrcc6"
8.30471945621139e-07,0.708311439856096,0.495,0.205,0.013285890186047,"5","Msh2"
8.31388657479544e-07,0.368038027963913,0.914,0.832,0.0133005557423577,"3","Mien1"
8.34645088853956e-07,0.561239095257399,0.656,0.421,0.0133526521314856,"1","Ghitm"
8.53825731151864e-07,0.909192302489842,0.559,0.327,0.0136595040469675,"4","Zfp703"
8.55367370464134e-07,0.674449367601521,0.605,0.454,0.0136841671926852,"3","Stx7"
8.74025845687624e-07,0.807325553447562,0.436,0.239,0.0139826654793106,"2","Isg20"
8.8370790394647e-07,0.596056391210209,0.652,0.596,0.0141375590473356,"0","Cib1"
8.88035521200779e-07,1.4066165698077,0.265,0.124,0.0142067922681701,"3","Itpr1"
8.88510352538697e-07,0.56465573745803,0.978,0.679,0.0142143886199141,"5","Srsf1"
8.91067354372144e-07,0.31185151342355,0.986,0.92,0.0142552955352456,"1","H2afv"
8.96889821591693e-07,0.421958968230315,0.822,0.609,0.0143484433658239,"2","Gdi1"
9.00030111901594e-07,1.0751193462503,0.2,0.081,0.0143986817302017,"1","Lrrn1"
9.13000452114333e-07,0.687722318265379,0.699,0.525,0.0146061812329251,"2","Ssr1"
9.16902351990362e-07,0.566964270409184,0.723,0.646,0.0146686038271418,"0","Pnn"
9.1722434790706e-07,0.746369341133011,0.644,0.494,0.0146737551178171,"2","Tmem160"
9.22117683160121e-07,0.959887777553081,0.226,0.067,0.0147520386951956,"5","Crtap"
9.22496258404236e-07,0.87560867741021,0.333,0.12,0.014758095141951,"5","Tfrc"
9.27301334415117e-07,0.775368856688004,0.323,0.114,0.014834966747973,"5","Gmeb1"
9.27303027161311e-07,0.792299844930989,0.599,0.46,0.0148349938285267,"3","Pura"
9.30575733485804e-07,0.934110788438653,0.35,0.173,0.0148873505843059,"2","Adgrl1"
9.43040909405375e-07,0.807092708364224,0.423,0.24,0.0150867684686672,"1","Acat2"
9.45817335881989e-07,1.32221577849684,0.252,0.112,0.0151311857394401,"2","Fitm2"
9.49879930980983e-07,0.899873402788496,0.258,0.082,0.0151961791358338,"5","Fermt1"
9.53877114718921e-07,0.775382991334496,0.29,0.095,0.0152601260812733,"5","Sh3bp4"
9.55169555369248e-07,0.580886998012745,0.516,0.21,0.0152808025467972,"5","Blvra"
9.59027968590351e-07,0.780202630520597,0.301,0.102,0.0153425294415084,"5","Ascc2"
9.69929230173403e-07,0.46845215548803,0.814,0.636,0.0155169278243141,"1","Aprt"
9.70229454998321e-07,0.618111197920066,0.667,0.319,0.0155217308210631,"5","Aldh7a1"
9.76274807204239e-07,1.32450680441266,0.215,0.086,0.0156184443656534,"2","Fkbp14"
9.7804853473457e-07,0.37136466428261,0.958,0.881,0.0156468204586836,"1","Clic1"
9.78619516492155e-07,1.00968080940873,0.298,0.149,0.0156559550248415,"1","Grwd1"
9.82603029857886e-07,1.1657895737094,0.399,0.239,0.0157196832716665,"2","Gga2"
9.8400898326099e-07,0.705460323465443,0.667,0.336,0.0157421757142093,"5","Ruvbl2"
9.87232351293183e-07,1.24798048351341,0.226,0.069,0.0157937431559883,"5","Wrb"
9.91955515295154e-07,0.588050406438216,0.882,0.79,0.0158693043336919,"4","Eif5b"
9.93190285434943e-07,0.656449761299425,0.366,0.133,0.0158890581863882,"5","Lrp6"
9.95291664443915e-07,1.22471516346961,0.269,0.091,0.0159226760477738,"5","Msantd3"
1.00465889291998e-06,0.724122779062968,0.559,0.246,0.0160725329689338,"5","Frrs1"
1.0046647818084e-06,0.609130064943173,0.623,0.406,0.0160726271793708,"1","Fcf1"
1.00593943419938e-06,0.854750359243824,0.436,0.245,0.0160930190683218,"2","Cdkn2d"
1.0105952735283e-06,1.87859202581419,0.8,0.361,0.0161675031859057,"6","Mfap2"
1.01687561625719e-06,0.793074459041387,0.648,0.531,0.0162679761088826,"3","Rcn1"
1.01821416214503e-06,0.822397092539455,0.516,0.238,0.0162893901659963,"5","Rrp15"
1.02016380017964e-06,0.778156627766045,0.323,0.113,0.0163205804752738,"5","Gemin8"
1.02283701018156e-06,0.824150049667719,0.333,0.121,0.0163633464888845,"5","Slc2a1"
1.02412383594196e-06,1.1312275979972,0.327,0.173,0.0163839331273994,"3","Pacrg"
1.0259998563347e-06,0.865720848885691,0.725,0.569,0.0164139457016425,"4","Tpm4"
1.02991968002538e-06,0.835355312537848,0.381,0.212,0.0164766550410461,"1","Ctbp2"
1.03299054495835e-06,0.696711673116242,0.462,0.185,0.0165257827382437,"5","Mrps22"
1.03319453070088e-06,1.03757016229857,0.389,0.223,0.0165290461021527,"3","Sft2d3"
1.03760971858246e-06,1.12165959590006,0.35,0.191,0.0165996802778822,"2","Oxct1"
1.04484521766693e-06,0.72109155572513,0.516,0.226,0.0167154337922356,"5","Gins4"
1.06071450264542e-06,1.19970055582557,0.321,0.163,0.0169693106133215,"3","Ahi1"
1.0616709446758e-06,1.31634171284933,0.373,0.18,0.0169846117729235,"4","Efna4"
1.06746592721897e-06,2.56636200744049,0.35,0.066,0.017077319903649,"6","Fbln2"
1.07156538770382e-06,0.90386861347756,0.393,0.212,0.0171429030724858,"2","Map9"
1.07187804535275e-06,1.45190210676106,0.204,0.06,0.0171479049695533,"5","Mcam"
1.07320928987522e-06,0.552645401760474,0.843,0.653,0.0171692022194238,"4","Prpf40a"
1.08624738841822e-06,0.768983922154877,0.398,0.155,0.0173777857199147,"5","Sp3"
1.0882482891384e-06,0.869799349058527,0.391,0.22,0.0174097961296362,"1","Mthfd1"
1.08933018247384e-06,1.33646145743866,0.422,0.225,0.0174271042592165,"4","Tmem159"
1.09023768770729e-06,1.42809858644752,0.294,0.152,0.0174416225279412,"2","Smim1"
1.09572163231291e-06,0.786716243400169,0.753,0.405,0.017529354673742,"5","Cdv3"
1.09706453267995e-06,0.806628204221136,0.43,0.175,0.0175508383938139,"5","Rnps1"
1.09799255861052e-06,1.17628882817519,0.382,0.182,0.0175656849526511,"4","Zfp266"
1.10381330306117e-06,1.0638940443812,0.357,0.234,0.0176588052223727,"0","Ubald1"
1.11510960302169e-06,0.75165933565384,0.589,0.534,0.017839523429141,"0","Pcbp4"
1.11906765984944e-06,1.19037064131062,0.451,0.242,0.0179028444222714,"4","Bcl7a"
1.13125159672944e-06,1.6658023868126,0.75,0.271,0.0180977630444775,"6","Scg5"
1.13943418639833e-06,1.06614559429184,0.389,0.219,0.0182286681140005,"3","Necap1"
1.14075112950957e-06,1.18795131179766,0.373,0.172,0.0182497365698942,"4","Ccng2"
1.15010537491963e-06,0.859428987198547,0.228,0.096,0.0183993857879643,"1","Pon2"
1.15553737711326e-06,1.18912450084106,0.294,0.12,0.0184862869590579,"4","Fgfr3"
1.15729475280824e-06,1.89221603277335,0.65,0.2,0.0185144014554262,"6","Tspan5"
1.15791017039192e-06,0.511734390767134,0.763,0.569,0.0185242469059299,"1","Rab25"
1.1628028908413e-06,1.02377943328737,0.219,0.092,0.0186025206476791,"1","Nup188"
1.16592952758416e-06,1.40630539158897,0.259,0.12,0.0186525405822913,"3","Prox1os"
1.17520966250238e-06,0.735007674536235,0.495,0.217,0.0188010041807131,"5","Hebp1"
1.18193675167097e-06,0.888804042263228,0.312,0.112,0.0189086241532321,"5","Ppp2r5d"
1.18589559959936e-06,1.24734246506051,0.247,0.08,0.0189719578023906,"5","Sorl1"
1.19720962430694e-06,0.731557966219466,0.54,0.449,0.0191529595696624,"0","Akirin1"
1.20091854361288e-06,0.523845733999181,0.784,0.7,0.0192122948607189,"3","Apoa1bp"
1.20512605935421e-06,1.30329859247812,0.286,0.172,0.0192796066975486,"0","Cir1"
1.22027592139805e-06,0.353997318172141,0.687,0.45,0.0195219741905261,"2","Prrg2"
1.22501719392905e-06,1.04026105293272,0.302,0.152,0.019597825068477,"1","Tspan14"
1.23879134267189e-06,0.395958562312511,0.865,0.708,0.0198181839000649,"1","Lamtor2"
1.24098336493007e-06,0.422174835686788,0.779,0.607,0.0198532518721513,"2","Itm2c"
1.24427861232669e-06,0.532290935446105,0.688,0.471,0.0199059692400024,"1","Fam162a"
1.24924647057166e-06,0.691757282542558,0.495,0.208,0.0199854450362055,"5","Edem1"
1.25534353881409e-06,0.697978706703893,0.613,0.31,0.0200829859339478,"5","Phlda1"
1.25735316224924e-06,0.865160709432112,0.46,0.376,0.0201151358896633,"0","Atg101"
1.2647316403855e-06,0.674859443473807,0.681,0.515,0.0202331767828872,"2","2810428I15Rik"
1.27269980818617e-06,1.16613956735357,0.242,0.109,0.0203606515313623,"1","Wdr55"
1.28077915840405e-06,0.749301975547436,0.368,0.178,0.020489904976148,"2","Tspan5"
1.28489659593617e-06,0.702421538972511,0.462,0.203,0.0205557757417868,"5","Apoc1"
1.29664785395849e-06,1.99993660347152,0.364,0.23,0.020743772367628,"3","Anpep"
1.2976577571822e-06,0.447293407222439,0.895,0.864,0.0207599287994008,"3","Cope"
1.2988210880162e-06,1.20308273097926,0.223,0.098,0.0207785397660832,"1","Prr5"
1.30262255094955e-06,0.709012449568469,0.527,0.225,0.0208393555700909,"5","Dus1l"
1.32061629125805e-06,0.66631067336943,0.602,0.278,0.0211272194275463,"5","9130401M01Rik"
1.32923904633623e-06,1.09073980029456,0.444,0.284,0.021265166263287,"3","Dynlt1a"
1.33110468425451e-06,1.40163553781635,0.219,0.106,0.0212950127387036,"0","Klhl24"
1.33286417674879e-06,1.1057713837744,0.226,0.069,0.0213231610996271,"5","Tacc2"
1.34485615179882e-06,0.767441590165653,0.574,0.424,0.0215150087164775,"3","Atp6ap2"
1.34726199131449e-06,0.493828117974776,0.809,0.607,0.0215534973370493,"1","Tmem256"
1.35134281599767e-06,0.79760753487586,0.706,0.518,0.0216187823703308,"4","Polr2i"
1.35313281493278e-06,0.575300874295792,0.665,0.6,0.0216474187732946,"0","Abcf1"
1.36919262266324e-06,0.587873914710438,0.586,0.365,0.0219043435773666,"1","Eps8l2"
1.36984777191904e-06,0.961747178531712,0.451,0.362,0.0219148246551608,"0","Grsf1"
1.39066998824456e-06,0.256001739669817,0.988,0.994,0.0222479384719364,"3","Pnliprp1"
1.39989727853319e-06,0.78717191545835,0.344,0.126,0.022395556661974,"5","Nop2"
1.40174410290899e-06,0.70683479447908,0.473,0.202,0.022425102158338,"5","Raver1"
1.40520032379275e-06,0.516903169300119,0.79,0.689,0.0224803947800364,"3","Mrpl57"
1.40732031646988e-06,0.898101673442103,0.28,0.094,0.0225143104228852,"5","Ttll12"
1.4078574431372e-06,1.12811369085146,0.204,0.059,0.0225229033753089,"5","Ahcy"
1.41321758089614e-06,0.620153454453744,0.67,0.465,0.0226086548591765,"1","Mvb12a"
1.41811003817349e-06,0.912345267037421,0.269,0.089,0.0226869243906995,"5","Hnrnpu"
1.42036884077143e-06,0.708680030891609,0.591,0.278,0.0227230607146614,"5","Fdps"
1.42850469623541e-06,0.71506982093187,0.613,0.29,0.0228532181303742,"5","Ptrh2"
1.43036554235189e-06,0.92954842180274,0.301,0.106,0.0228829879465455,"5","Med17"
1.45184064202089e-06,0.585143156256134,0.67,0.458,0.0232265465910502,"1","Etfb"
1.45770198386398e-06,0.661380974222603,0.558,0.473,0.023320316337856,"0","Ift22"
1.46184880368317e-06,0.280481857273573,1,0.991,0.0233866571613234,"5","Rpl5"
1.47518901929763e-06,0.582617162348698,0.387,0.144,0.0236000739307235,"5","Hook1"
1.47706337998294e-06,0.671551693622652,0.634,0.284,0.0236300599529671,"5","Cyb5b"
1.48049193396555e-06,0.723833928572081,0.612,0.534,0.0236849099595809,"0","Traf4"
1.49680368712132e-06,0.608536948911033,0.753,0.36,0.0239458653865669,"5","Ruvbl1"
1.49892059816204e-06,1.7488778080018,0.225,0.082,0.0239797317293963,"4","Poc1a"
1.50768461128936e-06,1.0647656970216,0.288,0.145,0.0241199384114071,"1","Utrn"
1.50952430691643e-06,0.478529389213668,0.941,0.892,0.024149369862049,"4","Cox5a"
1.51055610212901e-06,0.520352621943657,0.785,0.395,0.0241658765218598,"5","Hrsp12"
1.5111018821956e-06,0.805540341713453,0.512,0.348,0.0241746079113652,"3","Tnrc6b"
1.51427871205105e-06,1.10325942387089,0.364,0.197,0.0242254308353928,"3","Hdac6"
1.51788455620007e-06,0.865593221333673,0.35,0.167,0.0242831171300887,"2","Gck"
1.53160826468888e-06,1.02259667045424,0.431,0.209,0.0245026690184926,"4","Agpat4"
1.54471467718288e-06,0.465971369121357,0.971,0.859,0.0247123454055717,"4","Eif3m"
1.54533370981475e-06,0.610170589149634,0.548,0.238,0.0247222486896164,"5","Ppan"
1.5478737518594e-06,0.702867765356958,0.546,0.35,0.0247628842822467,"2","Desi1"
1.55564792120288e-06,0.383093256445548,1,0.884,0.0248872554434037,"5","Srsf6"
1.56271109938427e-06,0.832774953564639,0.469,0.358,0.0250002521679496,"0","Desi1"
1.56372804305178e-06,0.582813001142744,0.505,0.217,0.0250165212327423,"5","Pkp4"
1.56620685615541e-06,0.726438369781318,0.398,0.159,0.0250561772847742,"5","Ocln"
1.57157384224773e-06,1.8203426355798,0.206,0.07,0.0251420383282792,"4","Dusp14"
1.57429451741485e-06,0.456542052225265,0.777,0.748,0.0251855636896027,"0","Csnk2b"
1.57659320057327e-06,0.628123952390392,0.591,0.266,0.0252223380227712,"5","Sf3a1"
1.58197371036358e-06,1.73783039343225,0.55,0.148,0.0253084154183965,"6","Rai2"
1.58206813907396e-06,1.48512715554837,0.9,0.603,0.0253099260889051,"6","Fxyd3"
1.58724980333311e-06,0.504225811657613,0.821,0.758,0.0253928223537232,"3","Sin3b"
1.59263035704099e-06,0.89016061826467,0.387,0.158,0.0254789004519417,"5","Mars"
1.59794888417347e-06,1.19927386473491,0.422,0.226,0.0255639862490072,"4","Tspan6"
1.60351519429077e-06,0.477803883710043,0.772,0.527,0.0256530360782638,"1","Tomm5"
1.60661978855536e-06,1.53876536013941,0.219,0.099,0.0257027033773087,"1","Ccnb2"
1.61024536525029e-06,0.886394476894788,0.284,0.137,0.0257607053532741,"1","Tfdp2"
1.61515789147792e-06,0.511953536324111,0.941,0.868,0.0258392959478638,"4","Bag1"
1.62560049963078e-06,1.19858150584956,0.258,0.113,0.0260063567930933,"2","Lrrc73"
1.6333450945742e-06,1.46592483248854,0.9,0.397,0.0261302548229981,"6","Abcc8"
1.64092733932499e-06,0.798638071701113,0.451,0.343,0.0262515555745212,"0","Ube2q1"
1.64557704101163e-06,0.610116930649569,0.571,0.481,0.026325941502104,"0","Atp6ap1"
1.64714245316204e-06,0.605121656576182,0.72,0.351,0.0263509849656863,"5","Thyn1"
1.64846291383167e-06,0.56428602025595,0.753,0.617,0.0263721096954791,"3","Atp6v0d1"
1.66014043292444e-06,0.888150132063165,0.438,0.273,0.0265589266459251,"3","Lysmd2"
1.68582205868326e-06,1.06324643337671,0.269,0.089,0.0269697812948148,"5","Phldb1"
1.69547542712961e-06,1.04555953864255,0.279,0.14,0.0271242158832195,"1","Rcn3"
1.69578270921488e-06,1.00064108968834,0.265,0.126,0.0271291317820197,"1","Cln3"
1.70730584347983e-06,1.21849008831738,0.412,0.211,0.0273134788839904,"4","Igf2r"
1.71432917567381e-06,1.29771160993793,0.252,0.114,0.0274258381524296,"2","Mdm1"
1.72368437950262e-06,0.680351054599569,0.548,0.244,0.0275755027032829,"5","Nudt9"
1.72621134657518e-06,1.21872055939414,0.272,0.154,0.0276159291225098,"0","Pdk2"
1.74735838076086e-06,0.376646526071659,0.955,0.895,0.0279542393754123,"0","Snrpe"
1.75814146056925e-06,0.861270740399301,0.301,0.106,0.0281267470861868,"5","Mknk2"
1.76741094955774e-06,1.07645939272709,0.28,0.097,0.0282750403710247,"5","Foxred1"
1.76865773339595e-06,0.478191945288317,0.732,0.687,0.0282949864188684,"0","Psmc1"
1.76915789119942e-06,0.605606550834448,0.828,0.512,0.0283029879434084,"5","Pdzk1ip1"
1.77598409640159e-06,1.13781211588286,0.366,0.256,0.0284121935742326,"0","Gabarapl1"
1.77958262159928e-06,0.748318293984195,0.333,0.121,0.0284697627803452,"5","Fancl"
1.79126446108799e-06,0.914611305477205,0.372,0.208,0.0286566488484857,"1","Gusb"
1.81236627410577e-06,0.87505826090532,0.473,0.381,0.0289942356531442,"0","Tmc4"
1.82275322921481e-06,1.22092519408647,0.276,0.131,0.0291604061609785,"2","Pank3"
1.82404057245015e-06,0.835157924892321,0.504,0.429,0.0291810010780575,"0","Ube2g1"
1.82616805767312e-06,0.573924517822621,0.57,0.251,0.0292150365866546,"5","1700020I14Rik"
1.83707574602471e-06,0.407155833388985,0.893,0.692,0.0293895377849033,"1","Sf3b5"
1.83922029831817e-06,0.824999574459653,0.479,0.299,0.0294238463324941,"2","Dcaf7"
1.83953369411263e-06,0.614867938358307,0.722,0.586,0.0294288600384138,"3","Fxyd3"
1.84237611096141e-06,0.456397896646596,0.819,0.61,0.0294743330231606,"1","1110008F13Rik"
1.84593636085579e-06,0.3667252813104,0.865,0.771,0.0295312899009709,"2","Gabarapl2"
1.85475674108359e-06,0.894880551547422,0.455,0.356,0.0296723983438553,"0","Csnk1g2"
1.8668564633457e-06,0.503643131152854,0.728,0.695,0.0298659697006045,"0","Rap1a"
1.86836100437577e-06,1.09682862498375,0.362,0.252,0.0298900393480036,"0","Slc31a2"
1.88983383953854e-06,0.386074099664414,0.98,0.93,0.0302335617649375,"4","Rps3"
1.89740384845815e-06,1.11525134374661,0.233,0.093,0.0303546667676334,"2","Riiad1"
1.9253575457872e-06,0.889569465670706,0.298,0.149,0.0308018700175036,"1","Rabepk"
1.9324544442678e-06,0.999480654296562,0.279,0.135,0.0309154061993962,"1","Pak1"
1.93432190374237e-06,0.906351193429742,0.226,0.069,0.0309452818160705,"5","Map4"
1.94047535398436e-06,0.788466156056641,0.326,0.164,0.0310437247130418,"1","Trim32"
1.94137171325462e-06,0.696035646719891,0.401,0.215,0.0310580646686474,"3","Cacna2d1"
1.94243087503303e-06,0.594821225812959,0.429,0.227,0.0310750091387784,"2","Apbb1"
1.94336685240795e-06,0.52245770853078,0.741,0.718,0.0310899829048223,"0","Vbp1"
1.946053482726e-06,0.75870767544479,0.598,0.543,0.0311329636166506,"0","Tax1bp1"
1.95544837265836e-06,0.571882156954358,0.753,0.611,0.0312832630657884,"3","Hprt"
1.97157098385673e-06,0.795502363980839,0.491,0.409,0.03154119259974,"0","Abhd16a"
1.97295996179005e-06,0.649379029481206,0.376,0.14,0.0315634134687173,"5","Mapk14"
1.97656557935318e-06,0.407828367583268,0.749,0.504,0.0316210961384922,"1","Hmgb2"
1.99543459116176e-06,0.980471624826013,0.256,0.12,0.0319229625894058,"1","Pcolce"
1.9990596711592e-06,0.611259962441172,0.849,0.489,0.031980956619205,"5","Dnajc19"
2.00278344738184e-06,0.396925691913658,0.914,0.83,0.0320405295912147,"2","Stub1"
2.00349157412242e-06,0.789858198719319,0.301,0.105,0.0320518582028105,"5","Epb41l4a"
2.01184061295454e-06,1.96730738926289,0.7,0.294,0.0321854261260467,"6","Auts2"
2.02646080292807e-06,0.565759330222679,0.624,0.299,0.0324193199252432,"5","Pamr1"
2.03295990685226e-06,3.06991895199495,0.2,0.024,0.0325232925898225,"6","Unc5b"
2.04108334635112e-06,1.20120367270107,0.9,0.517,0.0326532513749252,"6","Xbp1"
2.04719597659325e-06,0.594011284126054,0.903,0.568,0.0327510412335389,"5","Rbm17"
2.0544978778168e-06,0.567718241946749,0.871,0.574,0.0328678570493131,"5","Lage3"
2.05573212317882e-06,0.885344230682612,0.469,0.318,0.0328876025066148,"3","Tmem107"
2.05723954646106e-06,0.407559541577623,0.893,0.846,0.032911718264284,"0","Tpd52"
2.05872446217031e-06,0.667683112197084,0.796,0.475,0.0329354739458006,"5","Cisd2"
2.06610482655524e-06,0.894480384692961,0.344,0.132,0.0330535450152307,"5","Gm3550"
2.06961223662481e-06,0.89879428748654,0.647,0.455,0.0331096565615236,"4","Pnrc2"
2.07498035400298e-06,0.59888507600321,0.57,0.253,0.0331955357033396,"5","Tdp2"
2.10434662193629e-06,0.64473533374698,0.28,0.094,0.0336653372577367,"5","Nsmaf"
2.1074474248945e-06,0.79203944497403,0.419,0.174,0.0337149439034623,"5","Rela"
2.12344798339508e-06,1.16282558414505,0.325,0.173,0.0339709208383544,"2","Gosr2"
2.13350468693414e-06,0.829961029409219,0.667,0.448,0.0341318079815724,"4","Igbp1"
2.1348112746941e-06,1.08488892698576,0.337,0.181,0.0341527107725562,"2","Jade1"
2.15590030919438e-06,0.591996467536414,0.66,0.44,0.0344900931464917,"1","Sssca1"
2.16380149372555e-06,0.739499480567117,0.515,0.338,0.0346164962966214,"2","Gaa"
2.17590687983583e-06,1.0204984528352,0.38,0.222,0.0348101582636137,"2","Ak1"
2.18000038524585e-06,1.16116748360453,0.294,0.147,0.0348756461631631,"2","Rnf145"
2.18148309901318e-06,0.501692874730597,0.642,0.45,0.0348993666180128,"1","Cd9"
2.18793637061169e-06,0.652199799186505,0.488,0.285,0.0350026060570457,"1","Sh3gl1"
2.2116219359016e-06,0.536225460769772,0.784,0.685,0.0353815277305538,"3","Cfap20"
2.22366903914562e-06,1.0053552504311,0.38,0.216,0.0355742572882516,"2","2310061I04Rik"
2.23260916518988e-06,0.665577615122064,0.462,0.193,0.0357172814247077,"5","Fam133b"
2.23766809094467e-06,0.595154589861514,0.591,0.267,0.0357982141189329,"5","Nutf2-ps1"
2.24073675388328e-06,0.885231415159003,0.28,0.096,0.0358473065886246,"5","St5"
2.25485238337668e-06,0.586135688471711,0.665,0.636,0.0360731284292602,"0","Adrm1"
2.26302294596321e-06,0.753971734579416,0.335,0.178,0.0362038410895195,"1","Mcm5"
2.26718084843716e-06,0.42672560657792,0.892,0.641,0.0362703592132977,"4","Dbi"
2.2851696330998e-06,0.939327935451362,0.298,0.147,0.0365581437903305,"1","Ilvbl"
2.30015390941572e-06,1.24918805401725,0.204,0.061,0.0367978622428327,"5","Bcl9l"
2.30755795924485e-06,1.0049456760529,0.471,0.268,0.0369163122319991,"4","Gm11808"
2.31723298473314e-06,0.652242123220623,0.645,0.343,0.0370710932897608,"5","Fkbp9"
2.32933166147227e-06,0.728352847767107,0.452,0.192,0.0372646479202334,"5","Pelp1"
2.37981142965125e-06,1.08443485666276,0.233,0.107,0.0380722232515607,"1","Plagl2"
2.39639552408471e-06,0.683538768671837,0.765,0.585,0.0383375355943072,"4","Trp53"
2.4161467035629e-06,0.319788399567328,0.958,0.855,0.0386535149635993,"1","Eif3i"
2.42020935462067e-06,1.08268905504662,0.226,0.07,0.0387185092552215,"5","Sirpa"
2.42711151032443e-06,0.425414150145218,0.938,0.94,0.0388289299421703,"3","Cct7"
2.42754539869353e-06,0.323591504031793,0.988,0.977,0.0388358712882991,"3","Cox6a1"
2.43002039602e-06,1.03469889425784,0.258,0.086,0.0388754662955279,"5","Fads1"
2.44611178106252e-06,0.575953694506566,0.839,0.449,0.0391328962734382,"5","Grb7"
2.45358021180499e-06,0.55674354015746,0.901,0.857,0.0392523762284563,"3","Ergic3"
2.5021274613347e-06,1.04492681761935,0.226,0.07,0.0400290351264326,"5","Tmem64"
2.51713831783891e-06,1.17730267127362,0.323,0.13,0.0402691788087869,"5","Rhov"
2.52948042263485e-06,0.860064935846372,0.34,0.178,0.0404666278013123,"1","Gpr180"
2.54146602769583e-06,1.21594449583788,0.204,0.061,0.040658373511078,"5","Col4a2"
2.54336177492271e-06,0.882766923737075,0.549,0.325,0.0406887016752135,"4","Col18a1"
2.55026501612168e-06,0.854833953477346,0.568,0.444,0.0407991397279147,"3","Pigt"
2.55206034121481e-06,1.28274752792516,0.205,0.09,0.0408278613387546,"1","Timeless"
2.56058736927228e-06,0.365795734689776,0.935,0.813,0.040964276733618,"1","Ndufs6"
2.57858964582165e-06,1.13137570118498,0.242,0.111,0.0412522771538547,"1","Creb3l1"
2.61032007177631e-06,0.7580353801688,0.409,0.233,0.0417599005082774,"1","Ralb"
2.64862441310242e-06,1.164307562468,0.423,0.273,0.0423726933608125,"2","Ahcyl1"
2.67635485586181e-06,0.74063271939903,0.775,0.627,0.0428163249840772,"4","Adrm1"
2.69159074839269e-06,1.3006492642887,0.382,0.195,0.0430600687927862,"4","Nek6"
2.6955296783326e-06,0.519320425132337,0.767,0.63,0.043123083793965,"2","Tcf25"
2.6982460320798e-06,0.942302407360713,0.245,0.103,0.0431665400212127,"2","Rtn2"
2.69981856686714e-06,1.58472138620736,0.215,0.092,0.0431916974327405,"2","Gm15915"
2.70506707488555e-06,0.956385397218229,0.251,0.116,0.043275663064019,"1","Mapkap1"
2.74394428196511e-06,0.711702486477751,0.258,0.085,0.0438976206228779,"5","Setd6"
2.74829758807034e-06,0.898196745519855,0.326,0.171,0.0439672648139493,"1","Gpatch4"
2.75614581316743e-06,0.663166345636576,0.742,0.43,0.0440928207190526,"5","Uchl3"
2.77158588060632e-06,0.605833962607855,0.598,0.518,0.0443398309179399,"0","Slc25a17"
2.77826262295083e-06,1.03222517630773,0.215,0.065,0.0444466454419674,"5","Nup133"
2.79082157363378e-06,0.906237410096224,0.376,0.153,0.0446475635349932,"5","Noc4l"
2.79567881014483e-06,0.544129488403532,0.495,0.208,0.0447252696046971,"5","Wrnip1"
2.80050466267118e-06,1.34071630469943,0.27,0.13,0.0448024735934135,"2","Gns"
2.80904417067364e-06,0.787054414004843,0.564,0.415,0.0449390886424369,"2","Ddx41"
2.81844198635214e-06,0.464691270312409,0.935,0.782,0.0450894348976615,"5","Prdx6"
2.82234937517074e-06,1.13253537354789,0.284,0.142,0.0451519453039816,"3","Mov10"
2.848831271809e-06,0.69000946797103,0.465,0.281,0.0455756026864004,"1","Usp3"
2.86395913363194e-06,0.665541511455083,0.507,0.314,0.0458176182198438,"1","Zfyve21"
2.87155479119824e-06,0.618374385666334,0.398,0.155,0.0459391335495894,"5","Cenpt"
2.87910860532949e-06,0.609969014571887,0.654,0.501,0.0460599794680612,"3","Cox17"
2.89104394419407e-06,0.487120085997737,0.964,0.971,0.0462509210192167,"0","Ppib"
2.93434853821006e-06,0.699548198061818,0.337,0.161,0.0469437079142846,"2","Ocrl"
2.98108366781178e-06,0.972567329178283,0.26,0.124,0.0476913765176528,"1","1190007I07Rik"
2.98308483788526e-06,1.16379742916048,0.348,0.24,0.0477233912364884,"0","Klf10"
3.01413357925437e-06,1.11809425164182,0.265,0.129,0.0482201090009114,"3","Slc2a5"
3.03130720363826e-06,0.970302173692737,0.205,0.086,0.0484948526438048,"1","Dok1"
3.03421815706267e-06,0.406298886501851,0.926,0.757,0.0485414220766886,"1","Tceal8"
3.08247117470489e-06,0.596251465562017,0.57,0.251,0.0493133738529288,"5","Ppp1r8"
3.08932793694846e-06,0.441636193209431,0.989,0.773,0.0494230683353015,"5","Mpc2"
3.10201929524465e-06,0.72102026246188,0.608,0.363,0.049626104685324,"4","Rbp1"
3.11632316510374e-06,0.556315253552777,0.718,0.561,0.0498549379953297,"2","Sdhaf4"
3.17295599752268e-06,0.304741917101227,1,0.988,0.0507609500483678,"5","Aes"
3.19564929917766e-06,1.45545993656726,0.214,0.11,0.0511239974882443,"0","Setbp1"
3.21316523938777e-06,0.829997729821058,0.258,0.086,0.0514042174997255,"5","Fastkd2"
3.25722883294443e-06,0.952276614418167,0.598,0.396,0.052109146869445,"4","Nrtn"
3.26428990375267e-06,0.541867089512717,0.65,0.451,0.0522221098802352,"2","Atp6v1b2"
3.26493189369964e-06,0.934412921870238,0.288,0.144,0.0522323804354068,"1","Isoc2b"
3.28112804396111e-06,1.40221316402356,0.314,0.141,0.0524914864472898,"4","Snrk"
3.286172792264e-06,0.445897660346597,0.795,0.764,0.0525721923306395,"0","Capza2"
3.28761545542649e-06,0.270260005386213,1,0.985,0.052595272055913,"2","Hint1"
3.31319423315921e-06,1.08843034362327,1,0.723,0.0530044813420811,"6","Hmgn3"
3.31467311445593e-06,0.806035477645638,0.353,0.196,0.053028140485066,"1","Sptlc2"
3.3153113580016e-06,0.861367572725646,0.28,0.098,0.0530383511053096,"5","Fzd2"
3.32740269973824e-06,0.876951311184705,0.256,0.119,0.0532317883904124,"1","Col4a1"
3.35181169860137e-06,0.53581847464003,0.544,0.334,0.0536222835542248,"1","Arhgap5"
3.37353037886694e-06,0.858574403144252,0.237,0.076,0.0539697390011132,"5","Mettl2"
3.41422180442356e-06,0.527929725406792,0.637,0.418,0.0546207204271681,"1","Lzts2"
3.42429652076724e-06,1.97477385810183,0.216,0.08,0.0547818957392344,"4","B4galt1"
3.43235646682398e-06,0.747396669443072,0.344,0.131,0.05491083875625,"5","Rrp8"
3.4324827050331e-06,0.314108772280453,0.981,0.955,0.0549128583151196,"3","Dynlrb1"
3.44200386747557e-06,0.545264436706476,0.742,0.679,0.0550651778718741,"2","Ap1s1"
3.47107846456944e-06,0.576517154590413,0.616,0.552,0.0555303132761819,"0","Suds3"
3.49870546940089e-06,1.0773826061523,0.38,0.221,0.0559722900994755,"2","Yipf2"
3.51085561560242e-06,0.521726405751523,0.822,0.776,0.0561666681384076,"2","Tmed2"
3.5126698521506e-06,1.01632490888352,0.448,0.292,0.0561956922947054,"2","Cyb5b"
3.51908318938785e-06,1.02159640367427,0.223,0.098,0.0562982928638268,"1","Rdm1"
3.58625420992981e-06,0.917178849156651,0.215,0.065,0.0573728948504571,"5","Herc4"
3.66278837523051e-06,0.755739053368996,0.237,0.076,0.0585972884269377,"5","Ptpn12"
3.66339785043311e-06,1.13454133026738,0.393,0.238,0.0586070388112289,"2","F3"
3.68163170264792e-06,1.023868811865,0.35,0.194,0.0588987439789614,"2","Man1a2"
3.69193316012462e-06,1.20098868195823,0.314,0.133,0.0590635466956737,"4","1810041L15Rik"
3.6987924763937e-06,0.66775274554841,0.344,0.131,0.0591732820373464,"5","Syngr1"
3.70508809797493e-06,1.06484854295093,0.205,0.089,0.059273999391403,"1","Alg8"
3.73155342651026e-06,0.733277988621828,0.745,0.545,0.0596973917173111,"4","Wbp1"
3.73693080999058e-06,0.665063117195308,0.526,0.334,0.0597834190982293,"1","Mrps35"
3.74707757969053e-06,0.948625506689633,0.464,0.384,0.0599457471198891,"0","Irf2bpl"
3.78043090089967e-06,1.25395181371903,0.346,0.208,0.060479333552593,"3","2610002M06Rik"
3.78072845607941e-06,0.703288478215149,0.29,0.103,0.0604840938403583,"5","Sycn"
3.78756423653055e-06,0.612773750573732,0.814,0.617,0.0605934526560157,"4","Aplp2"
3.79848130305793e-06,0.871291512280995,0.407,0.245,0.0607681038863208,"3","Isg20"
3.81469660070173e-06,1.56300613874405,0.85,0.442,0.0610275162180263,"6","Rnase4"
3.83651158964715e-06,0.718724453267858,0.618,0.379,0.0613765124111751,"4","Rbfox2"
3.85273757974338e-06,0.727030577079395,0.414,0.234,0.0616360958007346,"1","Tada3"
3.87066056268821e-06,0.336259853412933,0.955,0.95,0.0619228276818859,"0","Psma2"
3.89238304063873e-06,0.649061967898046,0.712,0.609,0.0622703438841384,"2","Cetn2"
3.92869546345126e-06,0.782368660566748,0.376,0.151,0.0628512700242932,"5","Copz2"
3.93436113034064e-06,0.611299791991533,0.839,0.499,0.0629419093631895,"5","Eif3b"
3.9394510709592e-06,0.899346518213015,0.405,0.238,0.0630233382332053,"2","Dicer1"
3.96567365557908e-06,0.777294219504524,0.312,0.114,0.0634428471419541,"5","Abl1"
3.97259177444975e-06,0.726780602500189,0.312,0.113,0.063553523207647,"5","Coq3"
3.97294107744816e-06,1.14230204917472,0.373,0.186,0.0635591113570157,"4","Serpinf1"
3.97795347829814e-06,1.32884710057363,0.222,0.095,0.0636392997458137,"3","Riiad1"
3.99004909480022e-06,0.687933059938608,0.559,0.262,0.0638328054186139,"5","Prmt5"
4.02121083072169e-06,0.612364405758395,0.796,0.455,0.0643313308698855,"5","Ppm1g"
4.03359723421368e-06,0.770349836968285,0.366,0.144,0.0645294885529505,"5","Plekhb1"
4.03559441070281e-06,0.781669725276233,0.269,0.091,0.0645614393824235,"5","Tada2a"
4.06411951389439e-06,0.519674773034114,0.86,0.529,0.0650177839832825,"5","Mrps15"
4.07297793796301e-06,0.705844562294091,0.34,0.178,0.0651595010515323,"1","Rilpl2"
4.08407469600902e-06,1.16562091097874,1,0.499,0.0653370269867522,"6","Fam183b"
4.11015714069481e-06,0.885732994679849,0.258,0.087,0.0657542939368356,"5","Cars"
4.1261166682046e-06,0.419354339119331,0.828,0.754,0.0660096144579372,"2","Fam195b"
4.14349822502765e-06,1.07901488251091,0.204,0.061,0.0662876846039924,"5","Ddx51"
4.15401621530358e-06,0.547294088113438,0.753,0.411,0.0664559514124266,"5","Rpp21"
4.18520392626161e-06,0.607227072922899,0.344,0.129,0.0669548924123333,"5","Ubqln4"
4.22164249351659e-06,0.75599561687021,0.4,0.23,0.0675378366112784,"1","Ppan"
4.24098973047004e-06,0.974334164422913,0.344,0.142,0.0678473537080597,"5","Tgif2"
4.24901409333395e-06,1.10046432469889,0.219,0.099,0.0679757274651566,"1","Tln2"
4.27756113427294e-06,0.767081739861726,0.387,0.158,0.0684324230260984,"5","Sart3"
4.31012677259784e-06,0.814540628593107,0.409,0.168,0.0689534081080202,"5","Chac2"
4.33838881886244e-06,1.22184569126025,0.258,0.121,0.0694055443241614,"2","Arxes1"
4.36521708294928e-06,0.573563461699053,0.366,0.14,0.0698347428930226,"5","Erbb2ip"
4.365641874766e-06,1.1149135514335,0.247,0.085,0.0698415387125065,"5","Wnk2"
4.38010645856771e-06,0.285359342606776,0.982,0.958,0.0700729431241662,"2","Ndufa6"
4.40568896528476e-06,0.670499616068047,0.521,0.326,0.0704822120666256,"1","Nfe2l2"
4.40667268828736e-06,1.24511192263269,0.281,0.172,0.0704979496672213,"0","Fbxo44"
4.41204001484237e-06,0.671891512813117,0.456,0.274,0.0705838161574482,"1","Hat1"
4.41531025981823e-06,0.675156729330302,0.535,0.348,0.070636133536572,"1","Rps26-ps1"
4.43088217241896e-06,1.31553631471618,0.2,0.086,0.0708852529943586,"1","Blvrb"
4.44395167087038e-06,1.50926216843176,0.304,0.141,0.0710943388305843,"4","Wrap73"
4.44811218523088e-06,0.922272844177807,0.29,0.107,0.0711608987393236,"5","Asxl1"
4.45150519875364e-06,0.586317235691143,0.73,0.585,0.0712151801696608,"2","Cib1"
4.45979321846534e-06,0.460038245871547,0.946,0.746,0.0713477719090085,"5","Prelid1"
4.47304406256394e-06,0.745819386976312,0.516,0.242,0.071559758912898,"5","Smyd2"
4.50272168040163e-06,1.0793330405401,0.344,0.233,0.0720345414430653,"0","Arrdc4"
4.52655492868361e-06,1.01080633424192,0.488,0.348,0.0724158257490805,"3","P3h4"
4.56276588835527e-06,0.55893684152367,0.595,0.374,0.0729951286819076,"1","Slc35b2"
4.59424743533487e-06,0.600903021231412,0.804,0.636,0.0734987704704872,"4","Eci2"
4.60006569272167e-06,1.08973045481903,0.9,0.362,0.0735918509521613,"6","Dbpht2"
4.62540032138567e-06,0.862355314481655,0.312,0.117,0.073997154341528,"5","Tdp1"
4.63195338851114e-06,0.768389579372414,0.577,0.42,0.0741019903094012,"2","Tmem30a"
4.69609219835033e-06,0.720570496663216,0.583,0.462,0.0751280829892085,"2","Clptm1l"
4.7146274567957e-06,1.14342867664281,0.204,0.063,0.0754246100538177,"5","Tor1aip2"
4.72161904675337e-06,0.910736851978851,0.417,0.252,0.0755364615099604,"2","Tapbp"
4.75990841877462e-06,0.976683246522642,0.475,0.334,0.0761490148835563,"3","Pigs"
4.76850967214873e-06,0.894320717078774,0.307,0.16,0.0762866177350355,"1","Ifngr2"
4.76856451492755e-06,0.72183470117709,0.269,0.093,0.076287495109811,"5","Notch1"
4.76881345961997e-06,0.946153339139631,0.307,0.162,0.0762914777270003,"1","Cept1"
4.79179346313049e-06,0.761893492853736,0.367,0.204,0.0766591118231616,"1","Cd3eap"
4.79760616483344e-06,0.432243212515582,0.87,0.804,0.0767521034250054,"3","Atp6v1e1"
4.83783257967907e-06,0.608021313723737,0.478,0.34,0.0773956456097057,"0","Ece1"
4.84684232368673e-06,0.910490166450119,0.393,0.294,0.0775397834943403,"0","B9d2"
4.85664523649528e-06,0.972039882391655,0.258,0.09,0.0776966104934515,"5","Lgr4"
4.86329396343868e-06,0.66938411352189,0.602,0.307,0.077802976827092,"5","Clint1"
4.87872333732825e-06,0.256127287259223,0.994,0.972,0.0780498159505773,"2","Pkm"
4.91504848386791e-06,0.481257432469632,0.781,0.564,0.0786309456449188,"1","Kcnq1ot1"
4.93239726108336e-06,0.874716949301354,0.348,0.233,0.0789084913828116,"0","Ivd"
4.94040554833481e-06,0.263068695062294,0.995,0.967,0.0790366079622604,"1","Rps28"
4.96603392186487e-06,0.426986781146913,0.828,0.718,0.0794466106819941,"2","Ndufb3"
4.98283265056629e-06,0.562065622841777,0.674,0.646,0.0797153567437596,"0","Rab18"
4.98345567466327e-06,0.566306894443238,0.71,0.37,0.079725323883263,"5","E2f4"
5.01476856617291e-06,0.308845262214829,1,0.962,0.0802262675216342,"5","Hsp90aa1"
5.04246340544221e-06,0.546235702402407,0.828,0.532,0.0806693295602644,"5","Acp1"
5.0447800380145e-06,0.267365591670458,1,1,0.0807063910481559,"5","Rpl18a"
5.10074115217438e-06,1.34413365596367,1,0.795,0.0816016569524857,"6","Dlk1"
5.113380264969e-06,0.598367959446429,0.602,0.287,0.081803857478974,"5","Hnrnpa0"
5.12561126824639e-06,0.815954752455341,0.349,0.188,0.0819995290694057,"1","Hilpda"
5.18328280972972e-06,0.670787193096184,0.607,0.42,0.0829221583900561,"2","Wdr6"
5.20399071693444e-06,0.786295115885527,0.559,0.348,0.0832534434895171,"4","Mfap2"
5.2365976338987e-06,0.787107499785722,0.288,0.14,0.0837750889471114,"1","Zc3hc1"
5.24710769961224e-06,0.624081434415562,0.57,0.261,0.0839432289783967,"5","Adsl"
5.24955796086079e-06,0.661974745298102,0.485,0.283,0.083982428257851,"2","Pnmal2"
5.2649759700082e-06,0.612846329383642,0.563,0.359,0.0842290855681912,"1","Xrn2"
5.27827982304107e-06,1.00052275115216,0.405,0.248,0.084441920609011,"2","Tmem248"
5.28959855044978e-06,0.412050892352165,0.87,0.666,0.0846229976100956,"1","Adh5"
5.29031678950458e-06,0.97239720451973,0.35,0.192,0.0846344879984943,"2","Tmem263"
5.3772910251631e-06,0.593190616552104,0.685,0.6,0.0860259018205593,"3","Timm17b"
5.37773391793775e-06,0.583133489392961,0.613,0.321,0.0860329872191681,"5","Celf2"
5.47693144148424e-06,0.811852244340191,0.42,0.244,0.0876199492008648,"3","Ppp2r5b"
5.50045097585435e-06,0.409742119380205,0.808,0.817,0.0879962147117178,"0","Atp6v1e1"
5.5603805563267e-06,0.358092782904214,0.981,0.969,0.0889549681401146,"3","Edf1"
5.56097666924232e-06,0.426137790857632,0.81,0.68,0.0889645047545387,"2","Cfap20"
5.58405397655194e-06,0.66002206227506,0.456,0.264,0.089333695516878,"1","2310009B15Rik"
5.62215567571649e-06,0.460420418615708,0.81,0.74,0.0899432465001124,"2","Myeov2"
5.6267889572866e-06,1.28296208147403,0.245,0.112,0.090017369738671,"2","Pomc"
5.63718193929067e-06,3.03436069448495,0.25,0.041,0.0901836366647721,"6","Cntfr"
5.64908309703413e-06,0.587093448862427,0.526,0.317,0.090374031386352,"1","Timm44"
5.66295358463766e-06,0.466752059351377,0.681,0.498,0.0905959314470333,"2","Rnf130"
5.66861848905257e-06,0.516747641363457,0.72,0.349,0.090686558587863,"5","Ift27"
5.71239713481004e-06,2.0872439410677,0.6,0.203,0.091386929362691,"6","Fam46a"
5.75214359109804e-06,1.52016578091568,0.216,0.078,0.0920227931703864,"4","Atg4a"
5.78481350382827e-06,0.829965856167588,0.515,0.359,0.0925454464342447,"2","Rwdd4a"
5.79799054213487e-06,0.686354472418432,0.312,0.116,0.0927562526930737,"5","Pds5a"
5.82604244638185e-06,1.23401498353314,0.263,0.154,0.0932050270572168,"0","Msi1"
5.83795720507639e-06,0.570454061655241,0.474,0.275,0.0933956393668121,"1","Pmf1"
5.84883037990492e-06,0.459371924843191,0.798,0.69,0.093569588417719,"2","Nt5dc2"
5.87404228407713e-06,0.867483778030087,0.258,0.089,0.093972928460666,"5","Pde7a"
5.87439400603179e-06,1.35008476565241,0.237,0.13,0.0939785553084966,"0","Hdac5"
5.90634160344746e-06,0.950838843295549,0.313,0.159,0.0944896529719525,"2","Tspan33"
5.91671238661916e-06,1.39976184421634,0.314,0.146,0.0946555647611333,"4","Sel1l"
5.92547792594167e-06,0.573790910929471,0.632,0.449,0.0947957958592148,"2","Ddx6"
5.97072961247427e-06,0.651499603385645,0.344,0.131,0.0955197323403633,"5","9430038I01Rik"
6.01755642241205e-06,0.530211280815726,0.409,0.163,0.0962688676457479,"5","Cox18"
6.10442333766415e-06,1.09505401168838,0.402,0.214,0.0976585645559511,"4","Cdc73"
6.15131206941554e-06,1.34486014096777,0.363,0.182,0.0984086904865098,"4","Spsb4"
6.23173552343402e-06,0.341534293260303,0.819,0.605,0.0996953049038974,"1","Zfos1"
6.23284653590224e-06,0.628139736459963,0.558,0.391,0.099713078881364,"1","1110001J03Rik"
6.24736658383809e-06,0.870866766828945,0.442,0.264,0.0999453706082418,"1","Gamt"
6.27740323843695e-06,0.593124592039916,0.527,0.235,0.100425897008514,"5","Nudcd3"
6.27838489000891e-06,0.279879350184858,0.994,0.96,0.100441601470363,"3","Ndufb11"
6.28640940944229e-06,0.49665906765864,0.656,0.438,0.100569977732258,"1","Bzw2"
6.29803555315699e-06,0.569252586378424,0.629,0.605,0.100755972779406,"0","Ube2j2"
6.30790213408994e-06,1.1428303471433,0.228,0.109,0.100913818341171,"1","Lactb2"
6.33779770395178e-06,1.02269778172547,0.226,0.074,0.101392087667821,"5","Ctc1"
6.36049348051023e-06,0.591128865505781,0.553,0.347,0.101755174701203,"1","Leprot"
6.48302087875943e-06,0.914222170919509,0.298,0.153,0.103715368018393,"1","Etl4"
6.52837732928336e-06,0.506972570979096,0.882,0.579,0.104440980513875,"5","Stoml2"
6.54457764522133e-06,0.646309786355979,0.784,0.609,0.104700153168251,"4","Abracl"
6.5451782478763e-06,0.821759746214894,0.29,0.107,0.104709761609525,"5","Adpgk"
6.54726132260711e-06,0.659745223127183,0.552,0.38,0.104743086639069,"2","Chd7"
6.5604793023831e-06,0.727221348366022,0.5,0.417,0.104954547879525,"0","Tes"
6.56422352558371e-06,0.783687330257871,0.355,0.142,0.105014447962288,"5","Rcl1"
6.5643087351034e-06,0.687469407130861,0.775,0.634,0.105015811144184,"4","Smarce1"
6.57056342983306e-06,0.816688848345951,0.423,0.262,0.105115873750469,"1","Mettl1"
6.59647870432805e-06,0.673784743966569,0.591,0.393,0.10553046631184,"1","Gcsh"
6.60365996132583e-06,0.513402746998058,0.957,0.684,0.105645352061291,"5","Pafah1b3"
6.62386138664548e-06,0.687183262586657,0.5,0.389,0.105968534463554,"0","Klhl7"
6.63614015402733e-06,0.39136905348415,0.969,0.927,0.106164970184129,"3","Dad1"
6.65570020851536e-06,0.315586004672986,0.988,0.969,0.106477891935829,"2","Oaz1"
6.66994872374029e-06,0.513052549413137,0.785,0.457,0.106705839682397,"5","Asf1a"
6.70465675117902e-06,0.350426866267167,1,0.977,0.107261098705362,"4","Krt8"
6.72907303277707e-06,1.24681249697121,0.215,0.071,0.107651710378368,"5","Samhd1"
6.74339666395302e-06,0.821272484160894,0.505,0.237,0.10788085982992,"5","Sqle"
6.75735307885338e-06,0.357667807625117,0.969,0.935,0.108104134555496,"2","Ndufc2"
6.77447235490191e-06,1.06955932899219,0.237,0.08,0.108378008733721,"5","Slf1"
6.80041921749488e-06,0.856318747975269,0.62,0.523,0.108793106641483,"2","Lman1"
6.84182240491553e-06,0.54647107923919,0.86,0.536,0.109455474833839,"5","Ninj1"
6.85636039497132e-06,1.27454575806769,0.209,0.087,0.109688053598751,"2","Mtcl1"
6.86365650481559e-06,0.573404006260617,0.677,0.353,0.10980477676404,"5","Sf3a3"
6.87229218228881e-06,0.803204732539538,0.247,0.084,0.109942930332256,"5","Sars2"
6.91479985283921e-06,0.401487094217938,0.871,0.854,0.110622968045722,"0","Rsrp1"
6.92593805279018e-06,1.33594882529957,0.223,0.119,0.110801156968537,"0","Vps37d"
6.93686204213976e-06,0.407146766124141,0.898,0.728,0.110975918950152,"1","Prelid1"
7.00563629959642e-06,1.0018873990668,0.321,0.177,0.112076169520943,"3","AI413582"
7.03045297469285e-06,0.944780319907642,0.274,0.14,0.112473186689136,"1","Dab2ip"
7.04952086779872e-06,0.402269965703297,0.971,0.924,0.112778234843044,"4","Npc2"
7.07373369098659e-06,1.09165623649631,0.333,0.156,0.113165591588404,"4","Cryz"
7.09205647649149e-06,0.576904213265549,0.301,0.109,0.113458719510911,"5","Fdxr"
7.1020534383468e-06,0.837675651267685,0.312,0.165,0.113618650906672,"1","Rela"
7.14209939732195e-06,0.717943109372059,0.644,0.493,0.114259306158357,"2","Cltb"
7.16742558101587e-06,0.629497242110786,0.613,0.46,0.114664474445092,"2","Bola3"
7.19637685917008e-06,0.255142823939866,0.986,0.932,0.115127636993003,"1","Snrpb"
7.20614312182727e-06,0.720060223924673,0.301,0.113,0.115283877662993,"5","Ptgr1"
7.21585830704545e-06,0.653337745147321,0.522,0.448,0.115439301196113,"0","Brd2"
7.24281349860114e-06,0.56037168665834,0.871,0.602,0.115870530350621,"5","Abracl"
7.25019063641828e-06,0.535978560167095,0.645,0.313,0.11598854980142,"5","Sdsl"
7.2563010937966e-06,1.13681749922854,0.227,0.098,0.116086304898558,"2","Slc37a1"
7.27961125978e-06,0.880426992960318,0.412,0.211,0.116459220933961,"4","Zbed3"
7.2896900175811e-06,1.14151650596728,0.272,0.138,0.116620460901262,"3","Prr12"
7.32861400625876e-06,2.66832032488621,0.25,0.041,0.117243166872128,"6","Fam155a"
7.40223566105254e-06,1.13830337651419,0.278,0.146,0.118420966105518,"3","Tmco3"
7.45487934505646e-06,0.678740428411524,0.301,0.109,0.119263159762213,"5","Fgfr4"
7.49922418745936e-06,0.816601572007412,0.269,0.096,0.119972588550975,"5","Ptprk"
7.52861721122433e-06,0.74558384974915,0.245,0.104,0.120442818145167,"2","Vdr"
7.54288000726116e-06,0.642361285603728,0.516,0.238,0.120670994356164,"5","Nudt2"
7.58600346777045e-06,0.864781679262681,0.494,0.35,0.121360883477392,"3","Gnaq"
7.58702764358818e-06,1.381449817092,0.277,0.176,0.121377268242124,"0","Plpp6"
7.61184805889062e-06,0.644126617208879,0.636,0.537,0.121774345246132,"3","Ssr1"
7.63135804868389e-06,0.263672558814013,1,0.992,0.122086466062845,"4","Gnb2l1"
7.69771522866711e-06,1.25757091778372,0.295,0.192,0.123148048228216,"0","Baz1a"
7.6993137409295e-06,0.583217052397049,0.645,0.306,0.12317362122739,"5","Pno1"
7.72702163364749e-06,0.980069639962002,0.204,0.063,0.123616892095092,"5","Zfp944"
7.75688363062036e-06,1.16325906786367,0.333,0.162,0.124094624322665,"4","Nnt"
7.81504959025943e-06,0.369602607573352,0.862,0.868,0.12502516334497,"0","Atxn10"
7.8208400471648e-06,0.331790993690203,0.898,0.742,0.125117799074542,"1","Snrpd1"
7.85907531927214e-06,0.601498864325295,0.688,0.484,0.125729486957716,"1","Deb1"
7.8784321581771e-06,0.934217320924539,0.461,0.255,0.126039157666517,"4","Il11ra1"
7.89427117718887e-06,1.04420736806487,0.49,0.298,0.126292550292668,"4","Nmral1"
7.91073994026478e-06,0.59610697760322,0.549,0.356,0.126556017564356,"1","Acads"
7.94232297662996e-06,0.888007128451527,0.258,0.09,0.127061282980126,"5","Mansc1"
7.96121609670787e-06,0.567567981729537,0.688,0.673,0.127363535115133,"0","Ralbp1"
7.96954770860398e-06,0.383688986032375,0.989,0.789,0.127496824242247,"5","Snx3"
8.02587766930997e-06,0.623567490917823,0.447,0.27,0.128397990953621,"1","Larp7"
8.07821032499665e-06,0.488359043021227,0.696,0.695,0.129235208779296,"0","Trappc4"
8.0826504910513e-06,1.09869246299273,0.215,0.071,0.129306242555839,"5","Pinx1"
8.08666488127425e-06,0.422599698396197,0.826,0.844,0.129370464770625,"0","Dctn3"
8.10334145273229e-06,0.643125166206942,0.409,0.169,0.129637256560811,"5","Cactin"
8.1188132796386e-06,1.13206614725306,0.422,0.235,0.129884774847658,"4","Ppic"
8.1385024275172e-06,1.5990762029531,0.254,0.152,0.13019976183542,"0","Tmem184c"
8.14021606055155e-06,0.632158516218924,0.409,0.242,0.130227176536704,"1","Fabp3"
8.14996953548452e-06,0.683107672234885,0.516,0.239,0.130383212628681,"5","Ppp1cc"
8.15903873355012e-06,0.326116487909922,0.949,0.886,0.130528301659335,"1","Phb2"
8.1808345506968e-06,0.7546426148584,0.463,0.302,0.130876991142047,"3","Dcaf7"
8.22929806915998e-06,0.819434813060892,0.389,0.223,0.131652310510421,"3","Tekt2"
8.30251704712894e-06,0.628601612153036,0.636,0.534,0.132823667719969,"3","Stk25"
8.3114343628162e-06,0.610674227503754,0.301,0.109,0.132966326936334,"5","2410016O06Rik"
8.36743489460104e-06,0.782776322946521,0.29,0.107,0.133862223443827,"5","Ipo9"
8.39240651605855e-06,0.382625307380048,0.957,0.857,0.134261719443905,"5","Rbm8a"
8.4198365499425e-06,0.335222935355761,1,0.911,0.13470054512598,"5","D8Ertd738e"
8.42717033402475e-06,0.920980715075395,0.51,0.3,0.134817871003728,"4","Usp3"
8.52579216617045e-06,0.536670253062808,0.462,0.2,0.136395623074395,"5","Mum1"
8.56780158391625e-06,0.936802190949315,0.444,0.304,0.137067689739492,"3","Auh"
8.57941950158752e-06,1.46792115697074,0.259,0.137,0.137253553186397,"3","Syne1"
8.59037097968265e-06,0.992187362733424,0.258,0.091,0.137428754932963,"5","Rnf219"
8.59181306957966e-06,0.935081873301425,0.237,0.08,0.137451825487135,"5","Pter"
8.64499979566562e-06,0.608300268656458,0.409,0.17,0.138302706731059,"5","Gstm7"
8.65090100385765e-06,0.559593974931258,0.505,0.221,0.138397114259715,"5","Haus7"
8.66853378494167e-06,1.07559543064691,0.209,0.093,0.138679203491497,"1","Utp14a"
8.66947063516216e-06,0.443187229311364,0.809,0.643,0.138694191221324,"1","Rp9"
8.68221790819566e-06,0.752234985047777,0.258,0.09,0.138898122095314,"5","Rapgef6"
8.68461357302152e-06,1.23900153374772,0.245,0.116,0.138936447941198,"2","Gcat"
8.73254273849534e-06,0.503815988333099,0.609,0.394,0.139703218730448,"1","Slc44a3"
8.73302474786392e-06,0.7671265836531,0.545,0.485,0.139710929916327,"0","Eif2a"
8.74440617324568e-06,1.32945104497191,0.319,0.179,0.139893009959584,"2","Fkbp11"
8.79886390269033e-06,0.51444938868253,0.753,0.444,0.14076422471524,"5","Ddah2"
8.80663420571168e-06,0.658549258667121,0.344,0.186,0.140888534022975,"1","Ebag9"
8.82297352978318e-06,1.13253632147,0.233,0.105,0.141149930529471,"2","2700046G09Rik"
8.83305989922503e-06,0.670161850508833,0.409,0.169,0.141311292267802,"5","Smad2"
8.8418550264428e-06,0.910329531416237,0.344,0.185,0.141451996713032,"2","Fam46a"
8.84352485340013e-06,0.397444378211503,0.903,0.552,0.141478710604695,"5","Tpm4"
8.88341532228997e-06,0.864230782001487,0.35,0.199,0.142116878325995,"2","Arxes2"
8.89450766866466e-06,0.462446685078543,0.828,0.438,0.142294333683297,"5","Eprs"
8.89702537178449e-06,0.497924412840757,0.806,0.411,0.142334611897808,"5","Sephs2"
8.89771696311602e-06,0.810103654971086,0.618,0.426,0.14234567597593,"4","Ccdc8"
8.95561917142312e-06,0.65267763064588,0.344,0.135,0.143271995504427,"5","Fam178a"
9.02515196130234e-06,0.875979300572647,0.301,0.115,0.144384381076915,"5","Ggt1"
9.0484800397945e-06,1.61689958767072,0.6,0.199,0.144757583676632,"6","Cbarp"
9.06283088870525e-06,0.631595120080018,0.456,0.279,0.144987168557507,"1","Pih1d1"
9.08642377115596e-06,0.837627171787352,0.27,0.134,0.145364607490953,"1","Reep3"
9.09796544977327e-06,0.405206613998958,0.705,0.62,0.145549251265473,"0","Tuba4a"
9.10508137993306e-06,1.33192459957387,0.275,0.12,0.145663091916169,"4","Cd1d1"
9.10950271626721e-06,0.529098980567225,0.747,0.676,0.145733824454843,"3","Ahsa1"
9.13717360143633e-06,0.52199343526141,0.798,0.719,0.146176503275778,"2","Ssu72"
9.14476030166417e-06,0.303785709506575,0.99,0.971,0.146297875306023,"4","Rps28"
9.24396908384699e-06,0.541326091298249,0.741,0.635,0.147885017403384,"3","Ift20"
9.25853899784394e-06,0.758485029218193,0.512,0.361,0.148118106887507,"3","Tspyl1"
9.2646000338045e-06,1.09569993180691,0.223,0.106,0.148215071340804,"1","Gal3st1"
9.29957469810096e-06,0.66922171478991,0.498,0.314,0.148774596020219,"1","Med19"
9.31100750343541e-06,2.83666383633173,0.3,0.059,0.14895749803996,"6","1700019D03Rik"
9.43913228355592e-06,0.617362391501604,0.536,0.448,0.151007238272328,"0","Rnf11"
9.46785906156492e-06,0.703863391422676,0.353,0.198,0.151466809266916,"1","Endog"
9.49548459556117e-06,0.566587416646217,0.753,0.437,0.151908762559788,"5","Hspa4"
9.54611605230326e-06,0.596165270895156,0.705,0.693,0.152718764604748,"0","Fam32a"
9.54666549768422e-06,0.563644650165249,0.625,0.552,0.152727554631952,"0","Chd3"
9.55327697241026e-06,0.978014139647397,0.463,0.349,0.152833325004619,"3","Gaa"
9.55528557365402e-06,0.867885769885611,0.247,0.085,0.152865458607317,"5","Arhgap21"
9.61470296841695e-06,0.719116598888092,0.29,0.107,0.153816018088734,"5","Sox6"
9.64087671751064e-06,0.78885069908929,0.564,0.418,0.154234745726735,"2","Rwdd1"
9.68549957159781e-06,0.62551984241809,0.636,0.529,0.154948622146422,"3","Mrpl36"
9.68601420167455e-06,0.801024475849849,0.223,0.102,0.154956855198389,"1","Dab1"
9.7367471140164e-06,1.65991003212831,0.225,0.09,0.155768480330034,"4","Fgd4"
9.80664798545485e-06,0.729222880910728,0.663,0.542,0.156886754471307,"2","Kdelr2"
9.8559623875527e-06,0.663125150449,0.29,0.106,0.157675686276068,"5","Kif2a"
9.8955500941321e-06,1.16865377641517,0.373,0.187,0.158309010405925,"4","Osbpl2"
9.8959252505165e-06,0.647729992304475,0.645,0.333,0.158315012157763,"5","Mrpl33"
9.92921405101915e-06,0.608773737015611,0.484,0.213,0.158847566388204,"5","Rfxap"
9.93260312166772e-06,0.780477261212383,0.415,0.319,0.15890178474044,"0","Riok3"
9.97924520989583e-06,0.733105691886854,0.353,0.195,0.159647964867913,"1","Mecr"
1.00514967089141e-05,0.448807957781706,0.957,0.737,0.160803844349208,"5","Eny2"
1.00641910366523e-05,0.405704559502565,0.92,0.87,0.161006928204363,"2","Vapa"
1.01357483162082e-05,0.779784929712035,0.676,0.526,0.162151701562699,"4","Rnaset2a"
1.0143283177687e-05,0.528686262357011,0.71,0.683,0.162272244276636,"0","Rtn4"
1.01464344999804e-05,0.988333040509073,0.321,0.208,0.162322659130687,"0","Ypel5"
1.01969060316176e-05,0.838365148906458,0.46,0.372,0.163130102693819,"0","Btg1"
1.01972279555245e-05,0.693819310082574,0.589,0.458,0.163135252832481,"2","Lrrc59"
1.01977418908789e-05,0.725204655681543,0.505,0.239,0.16314347477028,"5","Thop1"
1.0197979213713e-05,1.6290747346786,0.255,0.109,0.163147271460981,"4","Agt"
1.02744279533959e-05,1.44787697575616,0.284,0.131,0.164370298398428,"4","Tsc22d3"
1.0296275211856e-05,0.417188298718719,0.846,0.793,0.164719810839273,"3","Polr2g"
1.03146435233707e-05,1.1817328227955,0.29,0.155,0.165013667086884,"3","Ankrd37"
1.03913397494996e-05,0.705100054878819,0.381,0.22,0.166240653312495,"1","Oat"
1.04224990797202e-05,2.87250735665041,0.5,0.162,0.166739140277364,"6","Resp18"
1.04368396042196e-05,0.849652598347008,0.215,0.07,0.166968559988306,"5","Agfg2"
1.04381267524913e-05,0.658178695597192,0.612,0.593,0.166989151786356,"0","Syf2"
1.04626756596771e-05,0.519624691146686,0.817,0.491,0.167381885203514,"5","Mrpl55"
1.04722000733324e-05,0.770954665865245,0.312,0.12,0.167534256773172,"5","Fam171a2"
1.04935865227818e-05,0.341910589056457,0.884,0.784,0.167876397191463,"1","Hspd1"
1.05642859450251e-05,0.461843572594573,0.968,0.649,0.169007446548511,"5","Rp9"
1.05950647626296e-05,0.309482491127454,0.897,0.862,0.169499846072548,"0","Cct3"
1.06082672259762e-05,0.71121768719808,0.534,0.371,0.169711059081167,"2","Idh3a"
1.06318368998477e-05,0.877081807045738,0.215,0.07,0.170088126723763,"5","Fbxl14"
1.06695968197893e-05,2.2567072092031,0.45,0.129,0.17069220992299,"6","Prr7"
1.0721226102243e-05,0.675335973446717,0.462,0.207,0.171518175183684,"5","Ccdc71"
1.07433318998675e-05,1.02203800106849,0.313,0.165,0.17187182373408,"2","Rmnd5b"
1.07605878681799e-05,1.05322464445887,0.35,0.201,0.172147884715142,"2","Nmt2"
1.07708801456338e-05,0.727630149014414,0.319,0.165,0.17231254056985,"2","Cpn1"
1.08113296984448e-05,0.872059434510443,0.265,0.134,0.172959652515719,"1","Rcl1"
1.09347389045867e-05,0.563453777951228,0.742,0.397,0.174933952995579,"5","Wdr18"
1.09503733949485e-05,0.285085993613785,0.911,0.882,0.175184073572386,"0","Prkar1a"
1.10920005271196e-05,0.603617030516339,0.438,0.242,0.177449824432859,"3","Ids"
1.11973072984906e-05,1.0240302647233,0.2,0.089,0.179134522161252,"1","Ppt2"
1.12595042167779e-05,0.490157665061392,0.806,0.492,0.180129548460013,"5","Samm50"
1.13205392585479e-05,0.57173330653003,0.57,0.264,0.181105987058249,"5","Ak6"
1.13519687499131e-05,0.644409642992262,0.441,0.192,0.18160879606111,"5","Dock7"
1.13882032068313e-05,0.565757991128763,0.814,0.755,0.182188474902887,"4","Zfand6"
1.14411446869216e-05,0.57380739497453,0.643,0.609,0.183035432701372,"0","Hdac2"
1.14566438020522e-05,0.564227910330883,0.548,0.255,0.183283387545231,"5","Lims1"
1.14608296556359e-05,1.14983532784875,0.389,0.247,0.183350352830864,"3","Ppp1r9a"
1.15007410328868e-05,0.504348690321589,0.822,0.681,0.183988855044123,"2","Txnl1"
1.15263232466066e-05,0.454531514128161,0.882,0.748,0.184398119299212,"4","Ctsb"
1.16863087396751e-05,2.81293998995949,0.5,0.148,0.186957567217323,"6","Ppy"
1.16869556407938e-05,0.632121483207731,0.595,0.468,0.186967916341419,"2","Itpa"
1.16878657561436e-05,2.46754478547271,0.3,0.06,0.186982476366785,"6","Hs3st6"
1.17001810797935e-05,0.925600398378921,0.247,0.087,0.187179496914537,"5","Atp5g2"
1.17026877245069e-05,0.850714337110234,0.279,0.145,0.187219598216662,"1","Ptdss2"
1.1705937467732e-05,0.567765488396405,0.667,0.333,0.187271587608777,"5","Mpst"
1.18862754646573e-05,0.557910107784738,0.665,0.469,0.190156634883587,"1","Zcchc11"
1.18863272205042e-05,0.59298905597663,0.419,0.183,0.190157462873626,"5","Mapk1ip1l"
1.19761272935635e-05,0.380226233322332,0.968,0.744,0.191594084442429,"5","Vdac1"
1.19948046921437e-05,0.49753615658489,0.677,0.319,0.191892885464916,"5","Ugp2"
1.20168644811362e-05,1.11998058008175,0.258,0.095,0.192245797969218,"5","Gab1"
1.20664126298374e-05,1.03417418348999,0.333,0.155,0.193038469252139,"4","A130010J15Rik"
1.20829560800924e-05,0.780569299127599,0.376,0.157,0.193303131369318,"5","Coro1c"
1.21067689660107e-05,0.280949676219336,0.963,0.966,0.19368408991824,"2","Arf1"
1.21875133635315e-05,0.615984756358565,0.624,0.335,0.194975838789778,"5","Umps"
1.21895075559708e-05,0.33614201131772,0.978,0.683,0.195007741880421,"5","Serpinh1"
1.22039479510925e-05,0.595316392345668,0.586,0.425,0.195238759321577,"3","Wdr6"
1.22600584075381e-05,0.755764694322944,0.298,0.156,0.196136414403794,"1","Msl3"
1.23490594648714e-05,0.666130009857503,0.546,0.385,0.197560253319012,"2","Alkbh6"
1.23585573559012e-05,0.639997026937726,0.423,0.254,0.197712200579708,"1","Ddt"
1.23733719754584e-05,1.28468323169451,0.239,0.115,0.197949204863384,"2","Dusp5"
1.25384862682492e-05,0.440590933841589,0.699,0.525,0.20059070331945,"2","Ap3s1"
1.25409193512703e-05,1.05197917793894,0.209,0.096,0.200629627781622,"1","Wwc2"
1.25458862486793e-05,0.694536773583446,0.686,0.433,0.200709088206371,"4","Cops2"
1.2576140029727e-05,0.506411051723275,0.705,0.677,0.201193088195572,"0","Dnajc8"
1.26012565625597e-05,0.819442313072759,0.417,0.251,0.201594902487829,"2","Tab2"
1.2664592913081e-05,1.42893771969452,0.221,0.103,0.202608157423471,"2","Fkbp5"
1.26809698274518e-05,0.568852229856456,0.742,0.411,0.202870155299575,"5","Ubtf"
1.27038126863965e-05,0.775914013704048,0.647,0.45,0.203235595356972,"4","Stxbp2"
1.27317349550349e-05,0.615659348927652,0.794,0.612,0.203682295810648,"4","Cdc26"
1.27321020425842e-05,0.872498202475421,0.415,0.33,0.203688168477262,"0","Clk1"
1.27913285512221e-05,0.550456653448544,0.628,0.437,0.204635674162452,"1","Nudt14"
1.29034693940152e-05,0.819932164323677,0.407,0.251,0.206429703365455,"3","Cdkn2d"
1.30245307040662e-05,0.343938538408586,0.888,0.844,0.208366442203651,"0","Cct4"
1.30322532875298e-05,0.545362147080118,0.651,0.435,0.208489988093902,"1","Ppa2"
1.30367806974601e-05,0.575009661752422,0.57,0.265,0.208562417597966,"5","Tmem123"
1.30956644232706e-05,1.02435166938841,0.313,0.173,0.209504439443483,"2","Rhbdd2"
1.31331815533536e-05,0.458678056832936,0.763,0.605,0.210104638490551,"1","Esd"
1.31462234366843e-05,0.978283366087198,0.204,0.065,0.210313282540076,"5","Tlcd1"
1.31534111303394e-05,0.794752079615052,0.534,0.382,0.21042827126317,"2","Ddrgk1"
1.31956759847668e-05,1.03848450973436,0.29,0.183,0.2111044244043,"0","Swt1"
1.31997468003894e-05,1.29880454360419,0.21,0.094,0.21116954931263,"3","Ccdc184"
1.32374938666327e-05,0.616265055835479,0.512,0.325,0.211773426878391,"1","Ckap4"
1.32379865007957e-05,0.42323942652926,0.925,0.661,0.21178130803973,"5","Fam96a"
1.33224064393293e-05,0.8957399502504,0.85,0.356,0.21313185821639,"6","Tmem27"
1.33596592947399e-05,0.839152184872601,0.398,0.175,0.21372782939725,"5","Pecr"
1.34234030739791e-05,0.554275865635296,0.619,0.433,0.214747602377518,"1","Bphl"
1.34689830467268e-05,0.438770952233282,0.462,0.196,0.215476790781535,"5","Pcyt2"
1.34818642490536e-05,0.537371002046434,0.796,0.456,0.215682864256359,"5","Sssca1"
1.34893063350714e-05,0.940988095896825,0.375,0.281,0.215801922748472,"0","Tmem63b"
1.35199121213297e-05,0.737276450558562,0.54,0.357,0.216291554117032,"1","Aig1"
1.35487293574167e-05,1.28372787414198,0.324,0.169,0.216752572259952,"4","Rbms2"
1.36206405010319e-05,1.17297667512488,0.272,0.166,0.217903006735509,"0","Rnf215"
1.36624877743137e-05,0.863624635253875,0.298,0.161,0.21857247941347,"1","Chac2"
1.36708643689681e-05,0.685542171308346,0.405,0.237,0.218706488174751,"1","Smim15"
1.36714392195198e-05,0.71886053332746,0.54,0.388,0.218715684633878,"2","Pam16"
1.37224297276321e-05,0.366370210388407,0.895,0.838,0.219531430782659,"3","Chmp5"
1.37866141887857e-05,1.09046638464668,0.312,0.208,0.220558253792193,"0","Arhgef2"
1.38269468537981e-05,0.672915593554192,0.618,0.392,0.221203495767062,"4","Tbpl1"
1.38571763244955e-05,0.587659252282292,0.462,0.203,0.22168710683928,"5","Mgat1"
1.38926165063357e-05,0.674328617803582,0.376,0.155,0.222254078868358,"5","Bcl2l13"
1.39089585790075e-05,0.904270917198702,0.387,0.232,0.222515519346962,"2","Creld1"
1.39750277461357e-05,0.68420155073081,0.43,0.194,0.223572493882679,"5","Isoc1"
1.41019136308217e-05,0.818540054847169,0.301,0.116,0.225602414265885,"5","Eefsec"
1.41098895034831e-05,0.540047503163434,0.67,0.649,0.225730012276723,"0","Eci2"
1.41494817974608e-05,0.766372510561103,0.387,0.166,0.226363409795777,"5","Msl3"
1.4170191735599e-05,1.04402052943433,0.294,0.157,0.226694727386112,"2","Herc2"
1.41950941826184e-05,0.671217027745314,0.528,0.364,0.227093116733529,"2","Impa1"
1.42084484997321e-05,0.569826026502125,0.572,0.382,0.227306759098714,"1","Ivns1abp"
1.42412934597412e-05,0.755094990041206,0.627,0.442,0.22783221276894,"4","Slc3a2"
1.42427645859796e-05,0.691109428553064,0.522,0.462,0.227855747846502,"0","4833439L19Rik"
1.42499409524275e-05,0.506425567355622,0.376,0.151,0.227970555356935,"5","1110037F02Rik"
1.42784303628001e-05,0.59422997645506,0.505,0.234,0.228426328944076,"5","Zc3h18"
1.43590177432422e-05,0.546250085244206,0.804,0.663,0.229715565856389,"2","Fos"
1.4523234867301e-05,0.799613180131773,0.307,0.161,0.232342711407082,"1","2810474O19Rik"
1.46312057109541e-05,0.845910240064138,0.371,0.277,0.234070028963844,"0","Bace1"
1.46832571812218e-05,0.275676301989181,1,0.99,0.234902748385187,"4","Npm1"
1.47328981043234e-05,0.645819706203914,0.366,0.15,0.235696903872965,"5","Xiap"
1.47338936920292e-05,0.503346566098453,0.839,0.46,0.235712831285083,"5","Cdh1"
1.48137053138475e-05,0.456126810033187,0.667,0.331,0.236989657610933,"5","Yif1b"
1.48468585513434e-05,0.504476670117437,0.634,0.309,0.237520043104391,"5","Ganab"
1.48736378657919e-05,0.760685337399394,0.344,0.139,0.237948458576939,"5","Supt3"
1.48829924701547e-05,0.530468430037288,0.484,0.214,0.238098113537536,"5","Sephs1"
1.4956667255484e-05,1.18856585205525,0.309,0.174,0.239276762753233,"3","Rhbdd2"
1.50541756347509e-05,0.580954756265134,0.892,0.797,0.240836701804745,"4","Nono"
1.50816932482734e-05,1.26939277082329,0.255,0.109,0.241276928585877,"4","Stap2"
1.51364879525001e-05,0.976294930625421,0.2,0.089,0.242153534264097,"1","Ccdc125"
1.51476596797943e-05,0.571207918739959,0.559,0.265,0.242332259557349,"5","Seh1l"
1.51787640190965e-05,1.27657116809329,0.219,0.115,0.242829866777506,"0","Phyhipl"
1.51924348233383e-05,1.18422577658847,0.265,0.108,0.243048572303767,"4","Dennd2a"
1.520983951728e-05,0.606457337775738,0.409,0.245,0.243327012597446,"1","Zkscan1"
1.52573231742789e-05,1.11075101514441,0.37,0.245,0.244086656142114,"3","Smpd1"
1.5332144038521e-05,0.651538777395415,0.398,0.166,0.245283640328259,"5","Cnot10"
1.53543543990098e-05,0.515521273097012,0.748,0.631,0.245638961675359,"2","Nisch"
1.54053866898276e-05,0.729238810416872,0.491,0.333,0.246455376263862,"2","Atp8b1"
1.54470145588034e-05,1.19419563780085,0.95,0.576,0.247121338911737,"6","Guk1"
1.54546966892325e-05,1.61460078602655,0.75,0.316,0.247244237634342,"6","Tshz1"
1.5654021704958e-05,0.587813671694483,0.548,0.261,0.250433039235918,"5","Ctdsp1"
1.57330351559008e-05,0.943535906730391,0.258,0.096,0.251697096424101,"5","Blvrb"
1.58322264421915e-05,0.571688286935939,0.419,0.179,0.25328395862218,"5","Slc39a10"
1.58786040458489e-05,0.887279483204169,0.237,0.084,0.254025907525491,"5","Vkorc1l1"
1.58848691114131e-05,0.736641865298562,0.487,0.421,0.254126136044387,"0","Bhlhb9"
1.59792905199057e-05,0.441956569329292,0.441,0.186,0.255636689737451,"5","Nop14"
1.59864655330395e-05,0.732869152648723,0.525,0.4,0.255751475597566,"3","Gm5617"
1.60606380301591e-05,0.526948427094506,0.688,0.365,0.256938087206485,"5","Srsf4"
1.60652114482895e-05,0.577490649653806,0.366,0.151,0.257011252749736,"5","Aldh5a1"
1.6199281342734e-05,1.17307860297282,0.205,0.097,0.259156102921059,"1","Sycn"
1.63663461944306e-05,0.296520371675576,0.94,0.851,0.2618288064185,"1","Eif3m"
1.64970056160254e-05,0.742704769742009,0.226,0.077,0.263919095845174,"5","Vcl"
1.66343429242402e-05,0.612007908060617,0.521,0.338,0.266116218101995,"1","Mrpl23"
1.68038816877963e-05,0.999919311754557,0.422,0.238,0.268828499241365,"4","Bcl2l1"
1.68550660501323e-05,0.595453663304183,0.312,0.123,0.269647346670017,"5","Hs2st1"
1.69692805703901e-05,0.90445269650411,0.258,0.095,0.271474550565101,"5","Smo"
1.71294710666089e-05,0.337095891268754,0.888,0.906,0.27403727812361,"0","Pfdn2"
1.71521807029698e-05,0.694759848865718,0.548,0.277,0.27440058688611,"5","Gpaa1"
1.71728848825921e-05,0.880379579827422,0.497,0.347,0.274731812351709,"2","Dpysl2"
1.7189638699439e-05,1.26877995132346,0.209,0.092,0.274999839913625,"2","Tacc1"
1.73167846125594e-05,0.560463667685618,0.609,0.42,0.277033920231726,"1","Prkra"
1.73723469829948e-05,1.03892068912269,0.233,0.115,0.277922807033951,"1","Fancl"
1.73992377415994e-05,1.2481992596201,0.247,0.126,0.278353005390107,"3","Plekha1"
1.74126336746519e-05,0.977833766342809,0.237,0.085,0.278567313527081,"5","Ankrd26"
1.74659393846356e-05,0.53196639321289,0.387,0.159,0.2794200982754,"5","Wdr5"
1.75373301079641e-05,1.09969979586864,0.204,0.067,0.28056220706721,"5","Rnf213"
1.76136270377301e-05,0.810122516159403,0.274,0.141,0.281782805349606,"1","Clcc1"
1.76935148035931e-05,2.34668063482532,0.5,0.163,0.283060849827883,"6","Spsb2"
1.77046015398718e-05,0.819681408674453,0.466,0.327,0.283238215434869,"2","Sec23b"
1.77816211030575e-05,0.85217340816904,0.411,0.314,0.284470374406714,"0","Chd6"
1.78274241850568e-05,0.686177127055442,0.613,0.341,0.285203132112538,"5","l7Rn6"
1.78638838672084e-05,0.759805304058935,0.531,0.401,0.2857864141076,"3","Rabac1"
1.79046759803794e-05,0.801694042107014,0.5,0.454,0.28643900633411,"0","Plscr3"
1.79888310139607e-05,0.702431178992135,0.504,0.432,0.287785318561344,"0","Atp6ap2"
1.80370718763797e-05,0.468384562811851,0.344,0.137,0.288557075878323,"5","Cdc42ep3"
1.80423793268172e-05,0.388073235312617,0.744,0.563,0.288641984470422,"1","Apex1"
1.81202517891524e-05,0.961810931097048,0.423,0.283,0.28988778812286,"2","Nt5c3"
1.81241236057113e-05,0.498184951874266,0.46,0.274,0.289949729444169,"1","Tspan15"
1.8124658822617e-05,1.22360896805474,0.202,0.088,0.289958291844227,"2","Madd"
1.81487090138244e-05,1.04837728942028,0.307,0.168,0.290343046803163,"2","Gale"
1.81690156612588e-05,0.498840323944294,0.451,0.268,0.290667912548819,"1","Rfc3"
1.82584892821566e-05,0.681816792750834,0.398,0.182,0.292099311535941,"5","Ndrg2"
1.8340447980294e-05,1.0323589274907,0.247,0.126,0.293410486788744,"1","Aco1"
1.84070095470148e-05,0.439494027658264,0.772,0.746,0.294475338733143,"0","Tmem50a"
1.853317819743e-05,0.876560317206743,0.406,0.323,0.296493784802486,"0","Wsb2"
1.85349009162137e-05,0.702926172410856,0.215,0.071,0.296521344857587,"5","Zbtb33"
1.86713100313093e-05,0.777780944729467,0.504,0.445,0.298703617880886,"0","Carhsp1"
1.87343629471565e-05,0.26212839204193,0.972,0.945,0.299712338428609,"1","Cnbp"
1.88998888504528e-05,0.737059367254684,0.537,0.39,0.302360421829544,"3","Klhl7"
1.90907301844011e-05,0.78603709053326,0.34,0.19,0.30541350149005,"1","Aifm1"
1.9105494474563e-05,0.875657005818676,0.333,0.187,0.305649700604059,"3","Fam46a"
1.91510428788321e-05,1.35600371636409,0.245,0.104,0.306378383975555,"4","Utp14a"
1.91579101914853e-05,0.980574522741974,0.422,0.228,0.306488247243382,"4","Tmem206"
1.92013265201899e-05,0.457029209931831,0.935,0.659,0.307182821669998,"5","Eif6"
1.92444375596931e-05,0.828548174450922,0.28,0.108,0.30787251207997,"5","Mcmbp"
1.92664547724678e-05,0.959149207315973,0.316,0.177,0.30822474344994,"1","Sorbs2"
1.92762479351793e-05,1.11482941061534,0.392,0.206,0.308381414466999,"4","Ccnh"
1.93966008266776e-05,0.553487106243309,0.767,0.645,0.310306820025189,"2","Plekhj1"
1.9459263947279e-05,0.372327664123167,0.376,0.15,0.31130930462857,"5","Rufy1"
1.94852691720563e-05,0.588745355278308,0.484,0.218,0.311725336214557,"5","Smim12"
1.9511322637969e-05,0.800757704608908,0.376,0.168,0.312142139562228,"5","Gas2"
1.95318868893866e-05,0.573246351586987,0.366,0.148,0.312471126456406,"5","Bcat2"
1.95990495165505e-05,0.883267089049667,0.46,0.316,0.313545594165774,"2","Nckap1"
1.96017576146653e-05,0.609590134030739,0.323,0.13,0.313588918319415,"5","Fyn"
1.96045342670717e-05,0.717440492057094,0.491,0.356,0.313633339204614,"0","Zdbf2"
1.96753509045043e-05,0.300595895289042,0.932,0.933,0.31476626377026,"3","Coa3"
1.96912394155908e-05,0.919601945357627,0.256,0.131,0.315020448170621,"1","Supt3"
1.97254868912491e-05,0.39449301641435,0.853,0.727,0.315568339286203,"2","Timm17a"
1.97436788247624e-05,2.69582833533844,0.25,0.045,0.315859373838548,"6","Dpp6"
1.98892629913263e-05,0.67806589488848,0.556,0.439,0.318188429335238,"3","Gclm"
1.99059915493094e-05,0.585835161240459,0.593,0.459,0.318456052805852,"3","Acyp1"
1.99530809953747e-05,0.660355219248841,0.465,0.293,0.319209389764004,"1","Mnat1"
1.99757678251555e-05,0.415269015014017,0.57,0.257,0.319572333666837,"5","Cggbp1"
2.00519584300274e-05,0.546977157254958,0.387,0.163,0.320791230963579,"5","4930453N24Rik"
2.02020958930635e-05,2.10097304907748,0.45,0.13,0.323193130097229,"6","Lrrc73"
2.02643250986261e-05,1.54185717211573,0.216,0.087,0.324188672927821,"4","Rnd3"
2.03917632221991e-05,0.53207531842076,0.634,0.601,0.326227428028741,"0","Akt1s1"
2.04940769192509e-05,0.86499242735119,0.247,0.089,0.327864242554176,"5","Vps16"
2.05595387882088e-05,0.418570671971259,0.746,0.714,0.328911501533765,"0","Tsg101"
2.07904954540319e-05,0.377339952497794,0.871,0.86,0.332606346273603,"0","Tceb1"
2.08581638273013e-05,0.846369549160748,0.346,0.203,0.333688904909166,"3","Pomgnt2"
2.09205242214207e-05,0.278474220546983,0.634,0.521,0.334686546494289,"0","Pdx1"
2.10535858391983e-05,0.708126584515799,0.474,0.317,0.336815266255494,"1","Anxa7"
2.11122309326291e-05,0.91076064836984,0.49,0.296,0.337753470460201,"4","Ggh"
2.11549671776487e-05,0.89043932336179,0.375,0.286,0.338437164908024,"0","Gatad2b"
2.13103196554914e-05,0.856116575533565,0.5,0.31,0.340922493848551,"4","Aldh2"
2.14445436435711e-05,0.845442601592753,0.28,0.108,0.343069809209851,"5","Ctsc"
2.14448716039739e-05,0.623919831630521,0.679,0.574,0.343075055920374,"3","Mrpl41"
2.14726166612217e-05,0.550674875643021,0.806,0.457,0.343518921346225,"5","Eef1e1"
2.1496557937452e-05,0.837607444617783,0.374,0.219,0.343901933883357,"2","Twsg1"
2.1497821607527e-05,0.709396632858702,0.411,0.24,0.343922150077218,"2","Mapk15"
2.15096026986094e-05,0.74347387664847,0.323,0.131,0.344110623972353,"5","Map4k3"
2.18073509264402e-05,0.893726515623819,0.442,0.299,0.34887400012119,"2","Dalrd3"
2.18738256947195e-05,1.00344693806196,0.278,0.144,0.349937463464123,"3","Triqk"
2.18889187293468e-05,0.27104621760523,0.972,0.904,0.350178921832091,"1","D8Ertd738e"
2.19148363076196e-05,0.558117672986098,0.595,0.441,0.350593551249298,"2","2310022B05Rik"
2.19180313411721e-05,0.855516333420536,0.469,0.33,0.350644665396071,"3","Sfxn2"
2.19350548700408e-05,0.662286001509002,0.504,0.441,0.350917007810912,"0","Ciapin1"
2.20314220843368e-05,0.518525099719973,0.544,0.359,0.35245869050522,"1","Nr2f6"
2.20540445373002e-05,0.758066846090387,0.485,0.326,0.352820604507728,"2","Lin7c"
2.22268928136777e-05,0.86023588754387,0.379,0.279,0.355585831233215,"0","Ago2"
2.23358671112082e-05,0.521426451694869,0.634,0.609,0.357329202045109,"0","Zmat2"
2.25618677987638e-05,1.01449004270146,0.85,0.372,0.360944761044623,"6","Runx1t1"
2.2634996016925e-05,1.012534753013,0.2,0.092,0.362114666278767,"1","Taf1d"
2.27591989343859e-05,0.397305345386832,0.462,0.198,0.364101664552305,"5","Pvrl2"
2.28019399530305e-05,0.352007265616004,0.92,0.905,0.364785435368582,"3","Rpl36al"
2.28212526279264e-05,0.51768424678677,0.665,0.482,0.365094399541567,"1","Samm50"
2.31717028168065e-05,0.621571578972913,0.676,0.511,0.370700901663271,"4","Zfand5"
2.32027310044801e-05,0.660463883940998,0.519,0.367,0.371197290609673,"3","B4galt3"
2.32816019432116e-05,0.865431659767715,0.233,0.111,0.372459067887499,"1","Rad51d"
2.32867637550802e-05,0.534355258185869,0.693,0.559,0.372541646553773,"2","Srp72"
2.32979219643946e-05,0.606252409154422,0.522,0.453,0.372720155586384,"0","Glyr1"
2.34277860250314e-05,0.841338545448017,0.568,0.46,0.374797720828452,"3","Rbpms"
2.34912186489886e-05,0.531482101885425,0.484,0.309,0.37581251594652,"1","Rsu1"
2.34913005315736e-05,0.609532366458233,0.648,0.524,0.375813825904115,"3","Dynlt1c"
2.35232023817953e-05,0.65346779582431,0.512,0.319,0.376324191703962,"1","Snhg6"
2.35286073970993e-05,0.533004510779864,0.548,0.26,0.376410661138794,"5","Uap1"
2.35579974070807e-05,1.11913405595715,0.223,0.111,0.376880842518477,"1","Ppm1h"
2.35772335297478e-05,0.502999498497595,0.914,0.606,0.377188582008905,"5","Dcakd"
2.375876238523e-05,0.461705222111447,0.503,0.298,0.38009268063891,"2","Vwa5b2"
2.38045443473374e-05,1.18595900686194,0.232,0.128,0.380825100468703,"0","1810041L15Rik"
2.40048787685438e-05,0.531806604519204,0.892,0.805,0.384030050539163,"4","Marcks"
2.40805136242127e-05,0.602224220634233,0.372,0.208,0.385240056960155,"1","Trap1"
2.41592768148333e-05,0.335639458136951,0.897,0.919,0.386500110483703,"0","Rab14"
2.42608695701307e-05,0.487002321535707,0.637,0.418,0.388125391382952,"1","Serf2"
2.43339886015453e-05,0.998865129678402,0.319,0.18,0.389295149647521,"2","Tlk1"
2.44086158649062e-05,0.757862828609686,0.429,0.271,0.39048903660677,"2","Cisd3"
2.4411288328456e-05,0.567488464374867,0.828,0.488,0.390531790678639,"5","Srrm1"
2.45249851965346e-05,0.774359253513239,0.454,0.304,0.392350713174161,"2","Nagk"
2.4575007427947e-05,0.586183846536304,0.663,0.494,0.393150968832296,"2","Mrpl55"
2.46121579064351e-05,0.497939948140026,0.43,0.19,0.393745302187149,"5","B2m"
2.46335594706623e-05,0.401558744878711,0.865,0.687,0.394087684411655,"1","Rnh1"
2.47195502558324e-05,1.0813844582171,0.29,0.189,0.395463364992806,"0","Trafd1"
2.47292864579614e-05,0.532378293750952,0.665,0.64,0.395619124754466,"0","Ei24"
2.47556941396089e-05,0.409901319629946,0.823,0.721,0.396041594845463,"1","Gm10036"
2.47759958972838e-05,0.461999260552139,0.914,0.653,0.396366382364747,"5","Ict1"
2.4809093114714e-05,0.893116844582523,0.46,0.328,0.396895871649194,"2","Uba5"
2.48886178139069e-05,0.895793558036242,0.258,0.096,0.398168107786883,"5","Etaa1"
2.50038419270668e-05,0.623213174096473,0.785,0.448,0.400011463149215,"5","Lrrc59"
2.50830754620901e-05,0.808977729612416,0.503,0.355,0.401279041242518,"2","Herpud1"
2.51516665922134e-05,0.60958843149052,0.605,0.421,0.40237636214223,"1","Lsm5"
2.51725713877038e-05,0.568289308788041,0.377,0.216,0.402710797060486,"1","Parva"
2.52169323873629e-05,0.565127318721951,0.796,0.446,0.403420484333031,"5","Nudt14"
2.53009177185713e-05,0.610528200011685,0.441,0.193,0.404764081661703,"5","Htatip2"
2.53444514508467e-05,0.955783754083394,0.352,0.223,0.405460534310645,"3","Mlycd"
2.53618429583545e-05,1.99148325363793,0.4,0.102,0.405738763647755,"6","Ap1s2"
2.53956654655774e-05,0.33967183416275,0.893,0.903,0.406279856118308,"0","Tcp1"
2.54180518519584e-05,1.50441828756162,0.65,0.236,0.40663799352763,"6","Necab2"
2.54527296556045e-05,0.599149273305113,0.323,0.128,0.407192769030361,"5","Exosc10"
2.56204031983742e-05,0.857267781470883,0.237,0.118,0.409875210367591,"1","Hebp2"
2.5721992759219e-05,0.961176851176731,0.237,0.118,0.411500440161985,"1","Lbp"
2.5792419732354e-05,0.491536733089481,0.828,0.516,0.412627130878199,"5","Cnn3"
2.60111758057748e-05,0.769808394027302,0.436,0.29,0.416126790540786,"2","Mrps6"
2.60565402183106e-05,0.86120948304094,0.204,0.068,0.416852530412533,"5","Aaed1"
2.62871873751027e-05,0.62703778863338,0.58,0.535,0.420542423626892,"0","Supt4a"
2.63153779413109e-05,0.914930094035095,0.226,0.081,0.420993416305092,"5","Kcne1l"
2.64737571441844e-05,0.831913281851208,0.417,0.27,0.423527166792662,"2","Nus1"
2.65197668719862e-05,2.21932379553694,0.45,0.141,0.424263230418036,"6","Tmem41a"
2.66907400278656e-05,0.635084207682724,1,1,0.426998458965795,"6","Malat1"
2.67449431789693e-05,0.531393032167111,0.558,0.486,0.42786560097715,"0","Frg1"
2.68531094274971e-05,0.308765840899873,0.951,0.936,0.429596044621099,"0","Pabpc1"
2.68610584906374e-05,0.987707714771738,0.302,0.175,0.429723213733217,"3","Lpgat1"
2.68819047870558e-05,0.648712319426252,0.405,0.24,0.430056712783319,"1","Mcm7"
2.72077681317355e-05,0.811433881721784,0.258,0.097,0.435269874571505,"5","Gm6563"
2.72952303997587e-05,0.858219762916939,0.226,0.079,0.43666909593534,"5","Csrp2bp"
2.73567420185632e-05,0.731514098922617,0.27,0.126,0.437653158812973,"2","Vat1l"
2.73590819062557e-05,1.0383272457603,0.377,0.244,0.437690592336279,"3","Dicer1"
2.74758681198476e-05,0.614103979577486,0.571,0.542,0.439558938181322,"0","Trappc3"
2.74908426954371e-05,0.65843663449618,0.414,0.246,0.439798501441603,"1","Lims1"
2.75288514255886e-05,2.49536658553833,0.35,0.089,0.440406565106567,"6","Galnt7"
2.76699492218931e-05,0.652321860580092,0.441,0.204,0.442663847651846,"5","Hmgcs1"
2.77396516952345e-05,0.282190892715758,0.684,0.446,0.443778947820361,"1","Higd1a"
2.78545731007144e-05,0.65709858227108,0.387,0.168,0.445617460465228,"5","Ttc32"
2.79482661824075e-05,0.578970422897937,0.667,0.325,0.447116362386155,"5","Pigf"
2.80394309487458e-05,0.770364323385548,0.531,0.415,0.448574816318036,"3","Arf3"
2.80675654247711e-05,0.575916732237453,0.387,0.165,0.449024911665488,"5","Osgep"
2.81342749637727e-05,0.87700983637854,0.387,0.24,0.450092130870436,"2","Cln6"
2.81354044036766e-05,1.01460948968219,0.422,0.253,0.450110199650018,"4","Nme4"
2.81830830846567e-05,0.650690058728226,0.372,0.204,0.450872963188337,"1","Snhg12"
2.81876360668067e-05,0.535405748903675,0.387,0.164,0.450945801796773,"5","Etl4"
2.81902765210551e-05,0.294237823741176,0.955,0.954,0.450988043783839,"0","Atp6v1f"
2.83131483092326e-05,0.631116699201269,0.564,0.415,0.452953746651103,"2","Ppp1r2"
2.8717566941311e-05,0.671825324539975,0.626,0.472,0.459423635927093,"2","Ndufaf3"
2.87640300034903e-05,0.987547219599623,0.353,0.256,0.460166951995838,"0","Scpep1"
2.89017780147764e-05,0.884455420565457,0.302,0.162,0.462370644680392,"3","Trp53inp2"
2.90288583738775e-05,0.907550704163546,0.397,0.305,0.464403676265292,"0","Trp53i13"
2.92370976089302e-05,0.613668933600183,0.437,0.27,0.467735087547666,"1","Rfc1"
2.92455161259017e-05,0.511622058890839,0.742,0.41,0.467869766982176,"5","Rexo2"
2.9401531250978e-05,1.16086812532168,0.275,0.125,0.470365696953146,"4","5330417C22Rik"
2.9473758763436e-05,0.766181746266833,0.424,0.339,0.471521192697449,"0","Agpat3"
2.97647475599562e-05,0.671358769814562,0.478,0.4,0.476176431464179,"0","Adgrg1"
2.98217853145746e-05,0.472315992547207,0.57,0.287,0.477088921462565,"5","Camk1"
2.98794864652883e-05,0.820852763207527,0.497,0.35,0.478012024471682,"2","Rnf181"
3.00574661042428e-05,0.662901674622757,0.57,0.283,0.480859342735677,"5","Meaf6"
3.02164220269908e-05,1.1363880417629,0.237,0.09,0.483402319587799,"5","Erich5"
3.0232415893119e-05,0.500122267311844,0.981,0.962,0.483658189458118,"3","Hsp90aa1"
3.02743196339788e-05,0.310194356727433,0.945,0.919,0.484328565504393,"2","Ndufa7"
3.03298731044071e-05,0.655116205578503,0.312,0.166,0.485217309924305,"1","Ubac2"
3.03700979287449e-05,0.391091638364777,0.889,0.81,0.485860826664061,"3","1810037I17Rik"
3.08284116213044e-05,0.325696612294073,0.945,0.92,0.493192929117627,"2","Mdh1"
3.08483571722779e-05,0.524151418758536,0.62,0.474,0.493512018042102,"2","Commd9"
3.11979572479642e-05,0.676730964935483,0.46,0.298,0.499104920052931,"2","Cxx1b"
3.12388357792702e-05,1.16148718612684,0.264,0.142,0.499758894796765,"2","Vegfa"
3.14610960966714e-05,0.417429013395098,0.957,0.705,0.503314615354549,"5","Nol7"
3.15190374359558e-05,1.49012990959511,0.219,0.127,0.504241560900421,"0","Gpank1"
3.15394684791473e-05,0.609290916298529,0.323,0.129,0.504568416729399,"5","Ikbkap"
3.15578997428698e-05,0.515422964920327,0.71,0.592,0.504863280086431,"3","Anapc13"
3.16787175193835e-05,1.26522729335696,0.85,0.521,0.506796122875096,"6","Pld3"
3.18014125745746e-05,0.422114787425397,0.778,0.632,0.508758998368045,"3","Rpn1"
3.18349063081827e-05,0.396127212842542,0.865,0.768,0.509294831118306,"2","Tonsl"
3.19703220680043e-05,0.454520954933046,0.816,0.712,0.511461212443932,"2","Psme2"
3.20693578741631e-05,0.988642034301886,0.215,0.076,0.513045587270861,"5","Sdpr"
3.21760005176216e-05,0.369426969540793,0.902,0.842,0.514751656280911,"2","Ap2s1"
3.21791825774215e-05,0.618692720530381,0.395,0.23,0.514802562873589,"1","Cpne3"
3.22172142338127e-05,0.671544056269032,0.577,0.449,0.515410993312535,"2","Copg1"
3.23196982427368e-05,0.424188147206966,0.735,0.499,0.517050532487303,"1","Rnaseh2c"
3.24087922495095e-05,0.321901253358573,0.932,0.908,0.518475858407653,"3","Ptov1"
3.24220239543806e-05,1.07615801646342,0.258,0.102,0.51868753922218,"5","Tmem167"
3.24561003560747e-05,0.767611337182972,0.479,0.335,0.519232693496483,"2","Srprb"
3.24697467808996e-05,1.02408118837961,0.278,0.149,0.519451009000832,"3","Dync2h1"
3.26270372667908e-05,1.25551392079287,0.373,0.211,0.521967342194119,"4","Hdac11"
3.26330466033469e-05,0.531391493418367,0.54,0.357,0.522063479560344,"1","Actn1"
3.28486244476929e-05,1.05925598473371,0.352,0.225,0.525512293914191,"3","H2-K1"
3.28621917301664e-05,1.12783146096914,0.302,0.179,0.525729343299202,"3","Pnck"
3.30074304434775e-05,1.16960097388571,0.259,0.159,0.528052872234753,"0","Ralgds"
3.32277156706833e-05,0.651574853979622,0.398,0.178,0.531576995299591,"5","Svil"
3.33466503651211e-05,0.501251349146453,0.502,0.323,0.533479712541207,"1","Mrpl33"
3.3451859108577e-05,0.519589987449967,0.804,0.529,0.535162842019015,"4","Mgst1"
3.34523420251706e-05,1.32747146388513,0.216,0.104,0.535170567718679,"3","Trove2"
3.35587976928452e-05,1.09530898872955,0.258,0.134,0.536873645490138,"2","Serpinb1a"
3.36459254035272e-05,0.593853748005702,0.742,0.406,0.538267514605628,"5","Arpc1b"
3.38959635165036e-05,0.701533963758363,0.675,0.553,0.542267624337025,"2","Ctnnbip1"
3.39206419948557e-05,0.569241764995785,0.5,0.448,0.542662430633701,"0","Cops2"
3.39677677394526e-05,0.981169274448577,0.219,0.109,0.543416348295762,"1","Gemin8"
3.41653886609144e-05,1.02780423120474,0.331,0.197,0.546577887797308,"2","1700096K18Rik"
3.42136981392525e-05,1.11663144891664,0.317,0.224,0.547350742831761,"0","Vipas39"
3.42214428932511e-05,0.501862187696596,0.628,0.432,0.547474643406232,"1","Timm22"
3.42276656490955e-05,0.81660821779135,0.226,0.081,0.54757419505423,"5","Nab1"
3.43172900024574e-05,0.498430147375674,0.516,0.255,0.549008005459313,"5","Supt16"
3.45167389214187e-05,0.775647183307047,0.432,0.286,0.552198789264856,"3","Kctd13"
3.45612032874868e-05,0.679830153634629,0.28,0.108,0.552910130193214,"5","Orc2"
3.4589861744329e-05,1.34053506647749,0.85,0.475,0.553368608185775,"6","Cmip"
3.46422773034097e-05,0.760843833530473,0.478,0.425,0.554207152299948,"0","Irf2bp1"
3.46571020956565e-05,0.639131571728926,0.731,0.433,0.554444319326312,"5","Prkra"
3.46842159601168e-05,0.774419151788809,0.519,0.398,0.554878086929948,"3","Edem2"
3.4737009955591e-05,1.71446636889316,0.55,0.181,0.555722685269544,"6","Ahi1"
3.48165916766447e-05,0.349628130520871,0.914,0.871,0.556995833642962,"2","H2afy"
3.49179733991588e-05,0.362764540954963,0.804,0.789,0.558617738439742,"0","Use1"
3.50624981317209e-05,0.490749700895218,0.495,0.222,0.560929845111271,"5","Raf1"
3.53485084940482e-05,1.93474706204489,0.4,0.107,0.565505438887784,"6","C1qa"
3.57661050230165e-05,0.464779679139327,0.398,0.17,0.572186148158218,"5","Ddx21"
3.58242172434799e-05,1.23168846576612,0.363,0.189,0.573115827461191,"4","Habp4"
3.58387316955991e-05,0.579977734317552,0.452,0.21,0.573348029666195,"5","Dsp"
3.59174728731763e-05,0.497695353889507,0.692,0.685,0.574607731025075,"0","Psmd6"
3.59411313034881e-05,0.472641356074044,0.623,0.431,0.574986218593202,"1","Ddah2"
3.59655316465475e-05,1.01770070592478,0.226,0.081,0.575376575281466,"5","Itm2a"
3.6015787938409e-05,0.332865516309242,0.747,0.529,0.576180575438667,"3","Rph3al"
3.60387756381249e-05,0.519665942445473,0.661,0.653,0.576548332658723,"0","Sars"
3.62709611034769e-05,0.416825865127678,0.796,0.709,0.580262835733424,"3","Atp2b1"
3.63811627585387e-05,0.490406059595932,0.674,0.644,0.582025841811102,"0","Nisch"
3.64205197472846e-05,1.08634855837628,0.402,0.227,0.582655474917059,"4","Cnot8"
3.65664087912239e-05,0.912528140722074,0.26,0.135,0.584989407842,"1","Adat2"
3.66870156531133e-05,1.04523984203633,0.252,0.126,0.586918876418507,"2","Itpr1"
3.6941672438793e-05,0.81105396495171,0.51,0.318,0.590992875675811,"4","Zkscan3"
3.71381769727259e-05,0.504157243271848,0.677,0.356,0.594136555209668,"5","Gm10282"
3.72026364221085e-05,1.24407133725359,0.209,0.099,0.595167777480891,"2","Glis3"
3.72679489453459e-05,1.01570523375603,0.219,0.109,0.596212647227644,"1","Lipt2"
3.73329065053142e-05,1.24849909963719,0.268,0.175,0.597251838272017,"0","Mxi1"
3.73571605725892e-05,0.800471654069082,0.457,0.335,0.597639854840282,"3","Chid1"
3.74129089516503e-05,0.723894947626211,0.387,0.227,0.598531717408502,"2","C1qtnf6"
3.75442390342981e-05,0.319031407767655,0.933,0.94,0.600632736070702,"0","Sepw1"
3.76373026421383e-05,0.883360668025915,0.461,0.267,0.602121567668929,"4","Mmd2"
3.76411667165699e-05,0.576347944813694,0.607,0.455,0.602183385131684,"2","Vti1b"
3.80190414197891e-05,0.880741347811733,0.471,0.283,0.608228624633785,"4","St6galnac2"
3.81642814491391e-05,0.740925197507982,0.258,0.097,0.610552174623327,"5","Prep"
3.82107722154817e-05,0.634252518655001,0.589,0.575,0.611295933903276,"0","Phax"
3.83221138314712e-05,0.746991511767197,0.242,0.12,0.613077177075877,"1","Cpped1"
3.83802916490429e-05,0.372656421394124,0.795,0.66,0.614007905801389,"1","Rtn4"
3.83838528073933e-05,0.773154084123363,0.377,0.235,0.614064877212677,"3","Bnip3"
3.84131312163611e-05,0.716479741176717,0.487,0.442,0.614533273199345,"0","Fip1l1"
3.84165239466642e-05,0.479609046276128,0.763,0.416,0.614587550098735,"5","Tmed1"
3.84346621060494e-05,0.408349147917719,0.773,0.738,0.614877724372578,"2","Gnai2"
3.86625454902209e-05,0.289325314377732,0.661,0.589,0.618523402752553,"0","Tmx1"
3.86885100268228e-05,0.51064016887166,0.527,0.243,0.618938783409111,"5","Thumpd3"
3.87052586884031e-05,0.658681603866938,0.442,0.271,0.619206728497072,"1","Necap2"
3.87310444207908e-05,1.18476916556203,0.284,0.129,0.619619248643811,"4","Agap3"
3.91250365577883e-05,0.323571440563198,0.419,0.175,0.625922334851497,"5","Rnft1"
3.9177194601298e-05,2.78148503743326,0.2,0.031,0.626756759231565,"6","Otop3"
3.92200636432435e-05,0.955555173378202,0.307,0.173,0.62744257816461,"2","Sumf1"
3.92326442592933e-05,0.388907030282697,0.99,0.998,0.627643842860174,"4","Clps"
3.93161470069829e-05,0.503486239685501,0.65,0.506,0.628979719817712,"2","Pts"
3.94513063370528e-05,1.70937654576576,0.6,0.241,0.631141998780171,"6","Pitpnc1"
3.95531130386187e-05,0.405873686113208,0.71,0.365,0.632770702391823,"5","Tmem55a"
3.97408976133613e-05,0.565148469611406,0.636,0.524,0.635774880018554,"3","Kif12"
3.97951889766283e-05,1.27097695836164,0.8,0.489,0.636643433248099,"6","0610040J01Rik"
4.0058076101846e-05,1.21175483914492,0.245,0.105,0.640849101477332,"4","Dennd1c"
4.00708444005456e-05,0.552472516544947,0.387,0.164,0.641053368719929,"5","Rbms2"
4.01143293923243e-05,0.552293804981297,0.441,0.199,0.641749041618404,"5","Wdr43"
4.02357835214781e-05,0.426881811270054,0.754,0.715,0.643692064776607,"0","Ppp2ca"
4.02898023786507e-05,2.54958133624642,0.3,0.068,0.644556258453653,"6","Glce"
4.02958287263432e-05,0.479778355461088,0.398,0.17,0.644652667964038,"5","Acp6"
4.05467445881636e-05,0.605302303041281,0.366,0.156,0.648666819921442,"5","Tgs1"
4.06939544081922e-05,0.453837673614222,0.409,0.175,0.651021882622259,"5","Nop9"
4.0915950646565e-05,0.63728698100392,0.731,0.447,0.654573378443747,"5","H2afy2"
4.15104296711488e-05,0.389597837627546,0.799,0.788,0.664083853879038,"0","Psmc4"
4.17939024086484e-05,1.19254941213304,0.276,0.146,0.668618850733558,"2","Hspa13"
4.18314632624329e-05,0.632838161898821,0.376,0.16,0.669219749272402,"5","Clpb"
4.21127699293844e-05,0.4639151090787,0.753,0.455,0.673720093330291,"5","Fh1"
4.22329746646261e-05,0.446512239833999,0.707,0.507,0.675643128684688,"1","Txndc5"
4.23952818592101e-05,2.38107687302665,0.25,0.046,0.678239719183642,"6","Gm14964"
4.24726475038769e-05,0.801733724684489,0.27,0.145,0.679477414767023,"1","Cbx4"
4.2958185986994e-05,0.763611687021452,0.488,0.359,0.687245059419929,"3","Dpm3"
4.30792672526688e-05,0.781213617443401,0.214,0.102,0.689182117508195,"1","Crot"
4.32891987687066e-05,0.632755949126649,0.781,0.748,0.692540601901767,"0","Cldn6"
4.35931980873277e-05,0.489232071848801,0.699,0.383,0.697403983001069,"5","U2af2"
4.37054431991727e-05,0.824277623238495,0.228,0.114,0.699199680300365,"1","Pdk1"
4.37683215685549e-05,0.344884023011318,0.946,0.683,0.700205608453742,"5","Nt5dc2"
4.42677082860954e-05,0.60193317155755,0.474,0.304,0.708194797160954,"1","Dag1"
4.44088755412219e-05,2.52430083298704,0.25,0.047,0.710453190908468,"6","2510009E07Rik"
4.46130065694292e-05,0.656111993867746,0.247,0.091,0.713718879097728,"5","Ap1s3"
4.46479277971813e-05,0.359752975376949,0.941,0.843,0.714277548899306,"4","Gm10076"
4.47231481134299e-05,0.59588413314248,0.312,0.125,0.715480923518652,"5","Ints12"
4.51379775684925e-05,0.480988154158758,0.632,0.498,0.722117365140743,"2","Sec22b"
4.52199813372401e-05,0.636816147583104,0.549,0.525,0.723429261433167,"0","Yy1"
4.53990990926657e-05,0.426361150803199,0.613,0.314,0.726294787284467,"5","Errfi1"
4.55567166512712e-05,1.11815105353011,0.276,0.151,0.728816352987036,"2","Pgm3"
4.61552465871295e-05,1.08783856892303,0.237,0.124,0.738391634900898,"1","Map4k3"
4.67402039342224e-05,1.17310327730513,0.85,0.531,0.74774978253969,"6","Mageh1"
4.68693567503038e-05,0.379905938938897,0.98,0.929,0.749815969291361,"4","H2afv"
4.70444124952209e-05,0.274239343305077,0.951,0.949,0.752616511098544,"3","Atp6v1g1"
4.72220564402838e-05,1.05517309145827,0.214,0.107,0.75545845893166,"1","Farp1"
4.73081189084116e-05,1.16024526287913,0.2,0.099,0.756835286296769,"1","Metrn"
4.75827239605104e-05,1.80476706970076,0.205,0.119,0.761228417920246,"0","Ndc1"
4.78100390612743e-05,0.703508692898576,0.28,0.112,0.764865004902266,"5","Clcn5"
4.78171150050342e-05,0.795588098024174,0.226,0.081,0.764978205850537,"5","Zbtb8a"
4.79619908709515e-05,0.86135330677782,0.237,0.089,0.767295929953482,"5","Sdad1"
4.81556549697627e-05,1.50953401307227,0.204,0.072,0.770394168206263,"5","Reg1"
4.82779325043382e-05,1.07414472249048,0.422,0.241,0.772350364204403,"4","Ivd"
4.86244685174451e-05,0.376197075056472,0.89,0.789,0.777894247342087,"2","Ywhab"
4.86739773886676e-05,0.551834656633717,0.562,0.495,0.778686290263905,"0","Smarcc1"
4.8685187998344e-05,0.422905226461455,0.645,0.327,0.778865637597507,"5","Hyal2"
4.87704149481532e-05,0.346476472047469,0.809,0.58,0.780229098340555,"1","Nudt21"
4.87953426064138e-05,2.28137487469031,0.3,0.067,0.780627891017408,"6","Mum1l1"
4.90771269190788e-05,0.588795817342819,0.355,0.151,0.785135876451423,"5","Snhg18"
4.92343063817673e-05,0.359431580282763,0.916,0.774,0.787650433495513,"1","Mrps14"
4.93067985128348e-05,0.933411468527724,0.237,0.088,0.788810162608332,"5","Obfc1"
4.95163387375595e-05,0.35330571264771,0.558,0.389,0.792162387123477,"1","Serpina1c"
4.95615085583299e-05,0.654222915720258,0.269,0.104,0.792885013916161,"5","Nup54"
4.96091101821226e-05,0.807252845948339,0.559,0.389,0.793646544693597,"4","Acer2"
4.97360691642547e-05,0.836776637348383,0.307,0.165,0.795677634489747,"2","Ahi1"
4.97579823679289e-05,0.489521473725145,0.849,0.56,0.796028201922127,"5","Rdx"
4.98890027274559e-05,0.442489614554517,0.914,0.608,0.798124265633839,"5","Aplp2"
5.00198864118183e-05,0.713567173257884,0.335,0.19,0.80021814281627,"1","Wdr12"
5.03538612835055e-05,0.65603391756794,0.568,0.472,0.80556107281352,"3","Golgb1"
5.03852266946527e-05,0.500490511255257,0.28,0.107,0.806062856661053,"5","Mgmt"
5.04063529424772e-05,1.96680337274036,0.6,0.243,0.806400834373751,"6","Tekt2"
5.10354487716114e-05,0.538997725709527,0.67,0.493,0.81646510944824,"1","Poldip2"
5.10819269631542e-05,0.534745395611188,0.741,0.662,0.817208667556541,"3","9530068E07Rik"
5.11597420144129e-05,0.844488953688609,0.226,0.082,0.818453552746578,"5","Gprin3"
5.1188355780944e-05,0.70311209794292,0.226,0.081,0.818911315783542,"5","Uba6"
5.12100018058505e-05,0.313764765116122,0.842,0.662,0.819257608889997,"1","Eif3c"
5.13159988683027e-05,0.682069162561314,0.456,0.301,0.820953349895107,"1","Aimp2"
5.14348574216013e-05,0.659593170299535,0.398,0.181,0.822854849030778,"5","Tom1l1"
5.1452026354298e-05,0.82050469137637,0.549,0.355,0.823129517616059,"4","Hmgn5"
5.16052650816324e-05,0.584669959837679,0.452,0.212,0.825581030775956,"5","Hcfc1"
5.16502089566352e-05,0.851190675641951,0.247,0.095,0.826300042888249,"5","Bud13"
5.18033092549868e-05,0.581403803163699,0.478,0.413,0.828749341461279,"0","Golga7"
5.19167826128169e-05,0.591826202427683,0.29,0.115,0.830564688239845,"5","Ctdspl2"
5.20484285896116e-05,0.484303920169754,0.871,0.559,0.832670760576606,"5","Fam136a"
5.21493532858657e-05,0.250360694851448,0.933,0.942,0.834285353867279,"0","Cct7"
5.23302425380828e-05,0.481065201998667,0.765,0.663,0.837179220124248,"3","Lamtor4"
5.30407162280834e-05,0.975919224722418,0.307,0.17,0.848545378216879,"2","Usp16"
5.33131074611744e-05,0.515904281074764,0.572,0.38,0.852903093163868,"1","Tmem165"
5.340244795955e-05,0.541667741858284,0.613,0.467,0.854332362456881,"2","Tshz2"
5.34616407721377e-05,0.446008718659512,0.586,0.421,0.85527932907266,"3","1110008P14Rik"
5.43300505095858e-05,0.857946233020622,0.228,0.115,0.869172148052353,"1","Nmi"
5.44576772171601e-05,0.986698467055033,0.252,0.129,0.871213920120127,"2","Slc22a17"
5.49996765664348e-05,0.552068931610761,0.656,0.351,0.879884825709825,"5","Chmp2b"
5.50677786613301e-05,0.546896320023307,0.609,0.412,0.880974323023959,"1","Polr2h"
5.51183035750967e-05,0.721274999000982,0.485,0.333,0.881782620594397,"2","Nrd1"
5.52225661754201e-05,0.653543464627243,0.301,0.122,0.883450613674371,"5","Ptges2"
5.52377598720265e-05,0.670366751978934,0.704,0.7,0.88369368243268,"3","Tmem9"
5.54184289996877e-05,0.419591569132817,0.71,0.689,0.886584027137004,"0","Ttc3"
5.57985353925295e-05,0.712565278509541,0.247,0.094,0.892664969209688,"5","Gatad1"
5.58652969279636e-05,1.28215430060422,0.254,0.16,0.893733020253561,"0","Trib1"
5.642656227104e-05,1.45484436358845,0.9,0.682,0.902712143212098,"6","Fos"
5.65168941018867e-05,0.672193018596607,0.344,0.15,0.904157271841983,"5","Sppl3"
5.65513823622365e-05,0.406135036198438,0.957,0.775,0.904709015031059,"5","Bcas2"
5.66110335492005e-05,0.56092827109505,0.548,0.28,0.905663314720109,"5","Upf3a"
5.66945938878412e-05,0.879410326059523,0.302,0.165,0.907000113017684,"3","Tmed8"
5.69978005458042e-05,1.90886370358857,0.45,0.143,0.911850813131776,"6","Dgkz"
5.7172384371551e-05,0.434630812409449,0.798,0.702,0.914643805176073,"2","Sod2"
5.72842010993073e-05,1.17357001027137,0.343,0.195,0.916432649186718,"4","Zscan21"
5.75522201927396e-05,0.773743507822283,0.503,0.375,0.920720418643448,"2","Chchd7"
5.76190355724198e-05,0.337725039696991,0.902,0.826,0.921789331087572,"2","Map2k2"
5.81015140692478e-05,0.727893089499605,0.472,0.316,0.929508022079826,"2","Nktr"
5.81441750614008e-05,0.989240438796009,0.258,0.103,0.93019051263229,"5","Rpp38"
5.82080147270647e-05,0.486551049957825,0.441,0.203,0.93121181960358,"5","Kifc3"
5.84897176301154e-05,1.16604498949688,0.284,0.138,0.935718502646585,"4","Ptch1"
5.85604252429019e-05,0.280114779258017,0.92,0.908,0.936849683035944,"2","Rab2a"
5.86078818032365e-05,0.623748032203927,0.29,0.116,0.937608893088177,"5","Anapc1"
5.90263158392837e-05,0.444567073201115,0.419,0.247,0.944303000796861,"1","Mex3a"
5.9100307024597e-05,0.519325570817589,0.538,0.26,0.945486711779503,"5","Get4"
5.91213116439889e-05,0.379878728253185,0.92,0.956,0.945822743680535,"0","Tmem176b"
5.9174614374338e-05,0.883052442873156,0.223,0.113,0.94667548076066,"1","Tjp2"
5.91938556124963e-05,0.273928309274674,0.982,0.955,0.946983302088715,"2","Dynlrb1"
5.97422418658267e-05,0.506502948885347,0.495,0.237,0.955756385369495,"5","Lamb1"
5.99528437454343e-05,0.713808427862795,0.355,0.155,0.959125594239458,"5","Fuca2"
6.02578641593445e-05,0.841464742720188,1,0.487,0.964005310821194,"6","Pcsk1n"
6.03034712641467e-05,0.771678253485035,0.429,0.351,0.964734933283818,"0","Rnf167"
6.05141554438721e-05,1.06033563123595,0.219,0.111,0.968105458791067,"1","Calml4"
6.07179965479416e-05,0.777891067078562,0.529,0.353,0.971366508773969,"4","Jup"
6.12737429583576e-05,0.527443285078167,0.356,0.186,0.980257339847806,"2","St18"
6.12808684430896e-05,1.16804087133185,0.95,0.661,0.980371333352547,"6","Fkbp2"
6.12822951106069e-05,0.847178642247214,0.358,0.219,0.980394157179489,"3","Ccdc88a"
6.15631275511566e-05,0.584733049094375,0.591,0.314,0.984886914563403,"5","Aldoc"
6.15741704623942e-05,0.3400455976793,0.978,0.772,0.985063579057382,"5","Tmem147"
6.16942905612522e-05,0.28881264132078,1,0.914,0.986985260398913,"5","Myl6"
6.17056061041806e-05,0.774023817341041,0.237,0.089,0.987166286454682,"5","Znrf3"
6.17065087011868e-05,0.309133234855825,1,0.861,0.987180726201586,"5","Cox7b"
6.18160990544239e-05,0.697432903870447,0.226,0.082,0.988933952672674,"5","Arhgap18"
6.18321137759767e-05,0.488244234851282,0.581,0.277,0.989190156188076,"5","Kcmf1"
6.24597382204775e-05,0.382374978946988,0.779,0.706,0.999230892051199,"2","Rnf5"
0.000308158447582714,3.5461639557176,0.2,0.04,1,"6","Rgs4"
6.5188000655924e-05,3.11588125572645,0.2,0.033,1,"6","Tmem158"
7.0071060954842e-05,2.92345123254146,0.2,0.033,1,"6","Gm10334"
0.000185573126805914,2.91305581568712,0.2,0.038,1,"6","Pawr"
0.000187765626591929,2.82929253956056,0.25,0.056,1,"6","Car11"
0.000488520085043107,2.81783734624388,0.2,0.041,1,"6","P3h3"
0.000144705233184184,2.70662740712917,0.2,0.035,1,"6","Pklr"
0.00129326364861264,2.69159864822497,0.25,0.071,1,"6","Dtnbos"
0.000448988428397645,2.63906013600667,0.2,0.041,1,"6","Iqce"
0.000727212548761998,2.59639392862951,0.2,0.043,1,"6","Sema4g"
0.000209379277361673,2.59282183496688,0.25,0.055,1,"6","Lmo7"
0.000302259623568996,2.56809266248452,0.2,0.039,1,"6","Gm14167"
0.000231294052251783,2.51721605040431,0.3,0.081,1,"6","Tet1"
0.000339116031186265,2.50689918468131,0.2,0.039,1,"6","Map3k12"
0.00065773265163717,2.48540262638348,0.2,0.042,1,"6","Rwdd2a"
0.000104137796591391,2.46579950248053,0.25,0.051,1,"6","Gabrb3"
0.000934473533247614,2.42668506593617,0.25,0.066,1,"6","Plac8"
0.00100389673064549,2.40949204263837,0.2,0.044,1,"6","Papd7"
0.000115852009709748,2.39746737693019,0.2,0.033,1,"6","Gng3"
0.00805437038430462,2.38419983497004,0.2,0.062,1,"6","Vwa5a"
0.0012852815914736,2.3371560409231,0.2,0.046,1,"6","Nfasc"
0.000864408908925634,2.32897895786799,0.25,0.066,1,"6","Pomk"
0.00011098619100061,2.3286168048578,0.25,0.05,1,"6","Iffo1"
9.95383207201459e-05,2.30262742444273,0.25,0.05,1,"6","Tspan8"
0.000406398268147787,2.28877400361935,0.25,0.058,1,"6","Zbtb37"
0.000539345830390476,2.27063783012656,0.2,0.04,1,"6","Hist2h3c1"
0.00130213750664055,2.25470067497547,0.3,0.097,1,"6","Setd6"
0.00400160789161658,2.23924092736059,0.2,0.051,1,"6","Dynlrb2"
0.000136992732446487,2.20656278531739,0.3,0.073,1,"6","Dusp8"
0.00188661712024999,2.20630962312026,0.2,0.047,1,"6","Gm9776"
0.00570604178792846,2.1848521807695,0.2,0.056,1,"6","Atrn"
0.000654884000416172,2.16412298823127,0.25,0.06,1,"6","Ern1"
0.00730883624772941,2.13789610730259,0.2,0.059,1,"6","1700086O06Rik"
0.00148644502901123,2.13706271239998,0.25,0.069,1,"6","Mok"
0.00688562431108339,2.10908660036778,0.2,0.058,1,"6","Gm20522"
0.0033884090903866,2.09933549025361,0.25,0.074,1,"6","Sowahc"
0.00922386081238177,2.09665155188461,0.25,0.088,1,"6","Ckmt1"
0.00459641216313156,2.08952221834947,0.2,0.054,1,"6","Usp29"
0.00135709174972144,2.08780815173012,0.25,0.068,1,"6","Ccdc136"
0.00184190023148937,2.08368863015061,0.2,0.046,1,"6","Stxbp5l"
0.00344870102287135,2.07239310838897,0.2,0.05,1,"6","Arsa"
0.00149122816932579,2.05319031889839,0.35,0.128,1,"6","Grcc10"
0.00690413471869508,2.03914685251545,0.2,0.057,1,"6","Tcea2"
0.00472961180143584,2.02616143107095,0.25,0.081,1,"6","Glb1l2"
0.00103414990815871,2.02399750413893,0.3,0.089,1,"6","Nat14"
0.000307979311499363,2.01783552567988,0.45,0.162,1,"6","Prkar2a"
0.00592242957666427,2.00242012108194,0.25,0.086,1,"6","Rabgap1l"
9.98752987538654e-05,1.99903357792168,0.45,0.153,1,"6","Tspan12"
0.00893433945565347,1.98706580779003,0.3,0.119,1,"6","Plcb4"
0.00107165657358283,1.98620903401721,0.3,0.091,1,"6","Fgf9"
0.00875680329983881,1.98295630155092,0.2,0.059,1,"6","Aqp11"
0.000229494020654054,1.96974729004588,0.25,0.052,1,"6","Gdap1"
0.000118046564058908,1.96517823612594,0.35,0.093,1,"6","Gm19412"
0.00126838961560364,1.96380639559554,0.3,0.094,1,"6","Kctd1"
0.000568222534452625,1.9533782511716,0.4,0.145,1,"6","Ogfod3"
0.000154274952804976,1.95104445550551,0.45,0.15,1,"6","Klhl32"
0.00652894369554799,1.93867445031476,0.2,0.055,1,"6","Klhl42"
0.00221886978936643,1.92776436042251,0.4,0.16,1,"6","Zfhx2"
0.000912179429732533,1.92662124247698,0.35,0.114,1,"6","1700007K13Rik"
0.00904404961173876,1.88270797629149,0.2,0.057,1,"6","Zdhhc14"
8.94981064112844e-05,1.85350977974242,0.45,0.141,1,"6","Itpr1"
0.00172864681949499,1.84536830753336,0.35,0.127,1,"6","Myrf"
0.00554358032680982,1.84054753947014,0.25,0.081,1,"6","Rom1"
0.00578133375120426,1.83808010474984,0.3,0.112,1,"6","Gnpda2"
0.00350280165120187,1.83179625345691,0.25,0.074,1,"6","Pip5k1b"
0.00599465988287497,1.82203277979698,0.2,0.053,1,"6","Gm12258"
0.00229982950493797,1.81889228293129,0.4,0.171,1,"6","Efnb1"
0.00339132915284528,1.80771925737102,0.25,0.073,1,"6","Slc25a25"
0.00124891320140355,1.80648715274014,0.4,0.154,1,"6","Pigv"
0.000164091343816489,1.80510132556045,0.5,0.185,1,"6","Cpn1"
0.00938572411469938,1.80076443835843,0.25,0.089,1,"6","Trappc10"
0.000224659993771311,1.79666014159982,0.4,0.122,1,"6","Ptprn"
8.6346782205242e-05,1.78356833082727,0.5,0.173,1,"6","Fam92b"
0.000997138290356011,1.77541459034026,0.35,0.119,1,"6","Fam69b"
0.000776877673135886,1.76496755921616,0.5,0.218,1,"6","C1qtnf4"
0.000186767493390033,1.72360801823536,0.4,0.12,1,"6","Ripply3"
0.00229405814648046,1.71558385135181,0.35,0.124,1,"6","Slc16a10"
0.000205579560651637,1.71401578608258,0.5,0.176,1,"6","Rab3b"
0.00160818459205277,1.70635402115066,0.3,0.09,1,"6","St8sia3"
0.00973530278254407,1.69850508463549,0.25,0.084,1,"6","Inpp4a"
0.000873595995204492,1.68811096235636,0.5,0.221,1,"6","Tmed6"
0.00683932906086883,1.68403778505266,0.35,0.149,1,"6","Prkacb"
0.00671765096766084,1.67980679063872,0.3,0.113,1,"6","Cpm"
0.000118725213257601,1.67698654658517,0.6,0.264,1,"6","Lgals3bp"
0.00328656241193587,1.67044927158612,0.3,0.098,1,"6","Lrp8"
0.00790278598139803,1.67018693862498,0.25,0.081,1,"6","Hnf4a"
0.00183595888341239,1.65782756423056,0.25,0.066,1,"6","Serpinf2"
0.00222436304787914,1.65103111515066,0.35,0.127,1,"6","Elmo3"
0.00833335707817983,1.64682133589245,0.35,0.151,1,"6","Kcnk16"
0.0016727055773296,1.6459419945916,0.4,0.163,1,"6","Nomo1"
0.00217860770263684,1.64561755778805,0.3,0.095,1,"6","Fgf12"
0.00821436560869583,1.63165463871289,0.3,0.118,1,"6","Lima1"
0.00152487490065025,1.61573614820922,0.45,0.181,1,"6","PISD"
0.009663465631469,1.59511193297752,0.3,0.12,1,"6","Hook2"
0.00635227193512074,1.59220153000757,0.35,0.14,1,"6","Galns"
0.00266892671450925,1.57783520714037,0.35,0.13,1,"6","Hspb8"
0.00369040036889961,1.57326619199272,0.4,0.164,1,"6","Inafm1"
7.88350931411546e-05,1.55520576521301,0.255,0.123,1,"4","Ces1d"
0.00174702536061017,1.55295372838216,0.45,0.19,1,"6","Nudt7"
0.005126798808518,1.53145144699955,0.3,0.102,1,"6","Cd164l2"
0.00105077514041264,1.52721365597383,0.5,0.218,1,"6","Ctso"
0.0027602356872377,1.52691619793425,0.4,0.172,1,"6","Orai3"
0.00139094601312886,1.5266472750478,0.5,0.222,1,"6","Smim6"
0.000620704577186335,1.50386190925958,0.245,0.13,1,"4","Myl9"
0.00419453251359785,1.50332805762438,0.35,0.14,1,"6","Car8"
0.000168330920465767,1.48908978058384,0.216,0.118,1,"3","Pgap1"
0.00161879064084999,1.48811783398797,0.4,0.153,1,"6","Zfp667"
0.00586163238346891,1.48363489709922,0.35,0.137,1,"6","Brms1l"
0.0051611621567466,1.48272795144861,0.4,0.173,1,"6","Gps1"
0.000171283135507989,1.47825061212868,0.225,0.104,1,"4","Dand5"
0.00204598011767183,1.4695022059667,0.4,0.152,1,"6","Ago1"
0.00240223005154014,1.46440024144131,0.4,0.161,1,"6","Spen"
0.00220807736236313,1.45649554406264,0.55,0.295,1,"6","Snrpn"
0.000720172990334269,1.45522238301993,0.55,0.26,1,"6","Phf3"
0.00143222314960738,1.44260599471436,0.4,0.144,1,"6","Slc22a17"
0.00288954496887695,1.44193410506096,0.45,0.196,1,"6","Hint3"
0.0043032051350372,1.44165720115805,0.4,0.172,1,"6","Srf"
0.000942129287353293,1.42782846868309,0.5,0.216,1,"6","Efna2"
0.000701454829484795,1.42479390870034,0.55,0.245,1,"6","Arfgef1"
0.00141694924648398,1.41426913358048,0.45,0.187,1,"6","Tprkb"
0.00405764006217709,1.40664088794279,0.35,0.127,1,"6","Fam219a"
0.00200737937109258,1.38722382056858,0.45,0.182,1,"6","Gng4"
0.0064862824493288,1.38553667718847,0.55,0.328,1,"6","Card19"
0.000967706298387067,1.3814535178923,0.6,0.325,1,"6","Nck1"
7.80469239414927e-05,1.37988203048799,0.215,0.109,1,"2","Crot"
0.000124301736219848,1.37269467102548,0.55,0.196,1,"6","Naga"
0.000204479111821687,1.36926080255084,0.204,0.106,1,"3","Khdrbs3"
0.00026959661486952,1.36580699782789,0.6,0.25,1,"6","Creld1"
0.000427265074984154,1.36345534280016,0.55,0.21,1,"6","Sct"
0.00769204637389418,1.3521453932271,0.4,0.179,1,"6","Slc7a4"
0.00360039142885368,1.35160296212701,0.55,0.324,1,"6","Golim4"
0.000193198142166268,1.34724402122234,0.206,0.088,1,"4","Cbx2"
0.00197178736944431,1.34608760300905,0.45,0.189,1,"6","Cept1"
0.00143320276020574,1.34290748516155,0.5,0.213,1,"6","Tmem263"
0.000354176534385038,1.32649941341584,0.7,0.37,1,"6","Dtd1"
0.00076256696952739,1.32135580959528,0.5,0.202,1,"6","Cxxc4"
0.000621066881562059,1.31778100069205,0.55,0.221,1,"6","Samd14"
0.00509747931127442,1.31133666178343,0.4,0.161,1,"6","Pard6a"
0.000551680120299609,1.31015162323183,0.7,0.373,1,"6","Zdhhc20"
0.00141995465821431,1.30877452097782,0.284,0.165,1,"4","Olfm1"
0.000840320214622392,1.30581195659698,0.55,0.229,1,"6","Cep19"
0.00361852631906473,1.30469731965168,0.6,0.387,1,"6","Impa1"
0.00156631174293865,1.30178760633929,0.225,0.127,1,"4","Afm"
0.00106617678365624,1.30022087637797,0.219,0.15,1,"0","Prdm16"
9.52053863845815e-05,1.28971911635996,0.245,0.108,1,"4","Slc17a5"
9.49706113525851e-05,1.28733990604345,0.284,0.141,1,"4","Cdc42ep3"
0.000642895081057874,1.28459898747879,0.215,0.121,1,"2","Ibtk"
0.00378186972547679,1.28371888417928,0.5,0.25,1,"6","Baiap3"
0.0032614040438451,1.28066986837651,0.6,0.394,1,"6","Erlec1"
0.000395372086949435,1.27896920674836,0.7,0.396,1,"6","Irf2bpl"
0.00416337152595168,1.27511333455815,0.6,0.348,1,"6","Slc6a6"
0.00219110054808967,1.27425871007349,0.55,0.282,1,"6","Bcam"
0.000109136051357842,1.27173741238959,0.219,0.131,1,"0","Tmem87b"
0.00288742376550422,1.27169180856809,0.6,0.311,1,"6","Gm26699"
0.000646079663301987,1.27104170269823,0.55,0.23,1,"6","Ghr"
0.000184331981794259,1.27032183707109,0.65,0.269,1,"6","Casz1"
0.00869795092441982,1.26561494646006,0.6,0.391,1,"6","Cd320"
0.00451011052077032,1.26009459835322,0.222,0.149,1,"3","Usp11"
0.000367139105659664,1.25943469201504,0.6,0.265,1,"6","Isg20"
0.000399367003678403,1.24791254432958,0.206,0.094,1,"4","Arhgap17"
0.000428714680487158,1.24617998961213,0.6,0.271,1,"6","Nbr1"
0.00113001734704463,1.24364828484149,0.6,0.272,1,"6","Mllt11"
0.000148005046237363,1.2423364001723,0.75,0.393,1,"6","Chp1"
0.000807920181625867,1.2388714295597,0.265,0.149,1,"4","Kdsr"
0.000169263264902487,1.23804903846243,0.75,0.382,1,"6","Akr1c13"
0.00360927152650811,1.23566944985603,0.5,0.231,1,"6","Ift46"
0.00303652850341411,1.23209890621499,0.4,0.149,1,"6","Slc7a14"
0.009595328786002,1.23203262373944,0.45,0.227,1,"6","Pcmtd2"
0.000232572151109892,1.23131353828025,0.75,0.543,1,"6","Surf4"
0.00144769189015542,1.22655282281338,0.225,0.119,1,"4","Esrp2"
0.00316123513812759,1.22393811735474,0.7,0.406,1,"6","Kdf1"
0.000495323881595046,1.22316886737227,0.235,0.14,1,"3","Vegfb"
0.000110866228468718,1.21239829236547,0.216,0.115,1,"3","Gm2a"
0.00264140612481444,1.20947133087172,0.65,0.367,1,"6","Ankrd54"
0.000118387289296683,1.20925401307654,0.255,0.121,1,"4","Gprc5c"
0.00173004768042717,1.20853610945361,0.5,0.202,1,"6","Camk2b"
0.000330693989815383,1.20847079304935,0.265,0.163,1,"3","Sgce"
0.00716902537053376,1.20756480789385,0.55,0.322,1,"6","Ss18"
0.000232948676832547,1.20563163865611,0.204,0.106,1,"3","4930481A15Rik"
7.7983264906167e-05,1.19738005420047,0.85,0.54,1,"6","Mrpl36"
0.000138218499483718,1.19353552005223,0.254,0.166,1,"0","Cald1"
0.000100396642331851,1.18907297268899,0.25,0.16,1,"0","Camk2g"
0.000240555614790409,1.18805406411336,0.253,0.147,1,"3","Gpc4"
0.000234697714511399,1.181472910754,0.9,0.754,1,"6","Meg3"
0.00877430274344876,1.18061940791036,0.6,0.367,1,"6","Fkbp9"
0.00631576505915614,1.1752588934337,0.65,0.488,1,"6","Tshz2"
0.000346015055220913,1.17266359307127,0.7,0.34,1,"6","Pak3"
0.000125664605757663,1.16990743902415,0.227,0.12,1,"2","Far1"
0.0059666889413664,1.16940407629475,0.7,0.446,1,"6","Wdr6"
0.00035481501462871,1.16610609569403,0.7,0.309,1,"6","Pnmal2"
0.000380694820717583,1.16561866061124,0.216,0.097,1,"4","Rab15"
0.000299961055555667,1.16417584643569,0.21,0.128,1,"0","Ppme1"
0.000149751938117252,1.16143589673774,0.255,0.121,1,"4","Tpcn1"
0.00460209707032342,1.15986508879352,0.5,0.235,1,"6","Sh2d3c"
0.000904709662967416,1.15970754884355,0.25,0.176,1,"0","Ccng2"
0.0003446662614274,1.15855767635386,0.209,0.112,1,"2","Braf"
0.00044274150750572,1.15615741344155,0.247,0.138,1,"3","Fhl2"
0.00109831516696593,1.15614152172995,0.223,0.154,1,"0","Golga1"
0.000511996504757552,1.14912699652555,0.216,0.101,1,"4","Rnaset2b"
0.00997311403123347,1.1485104483337,0.6,0.383,1,"6","Zdbf2"
0.00109392708592625,1.14585835183406,0.225,0.115,1,"4","Rbmx"
0.00116522220152438,1.13647695517325,0.219,0.152,1,"0","Mbip"
0.00014751589226849,1.13641498491089,0.227,0.118,1,"2","Tmem208"
0.00043554603991522,1.13307283330739,0.205,0.125,1,"0","Atg13"
0.00358955662388384,1.12605669660232,0.65,0.426,1,"6","Aip"
0.000176208498793919,1.1255744286342,0.277,0.185,1,"0","Slc29a1"
0.00101550192341801,1.12259128463966,0.209,0.12,1,"2","Srm"
0.00319987902670029,1.12228338839786,0.225,0.127,1,"4","Tjp2"
0.00579585659376545,1.12137521532139,0.206,0.116,1,"4","Rhod"
0.0056537300255113,1.12134381733922,0.6,0.326,1,"6","B630019K06Rik"
0.00290970439281897,1.11833399557464,0.201,0.136,1,"0","Cdkn1b"
0.00640669425878164,1.11668041393081,0.55,0.31,1,"6","Mrps6"
0.000105147282281827,1.11573401723128,0.245,0.134,1,"2","Rab4a"
0.00528207408479817,1.1155768593872,0.55,0.319,1,"6","Mapk8ip1"
0.00553690999672527,1.10926686013089,0.6,0.4,1,"6","Stt3a"
0.000814936266542137,1.10839803839791,0.246,0.174,1,"0","Tgfbr1"
0.000418238359568871,1.10654359092613,0.241,0.164,1,"0","Cog1"
0.00170014307135633,1.10572387730679,0.219,0.15,1,"0","Ppm1d"
0.000131075585513398,1.1043678156114,0.27,0.148,1,"2","Cyfip2"
8.76652708836248e-05,1.10103097274615,0.309,0.195,1,"3","Serpine2"
0.000154993581299739,1.09107999887913,0.307,0.189,1,"2","Rpia"
7.16454584366266e-05,1.09073099939827,0.228,0.114,1,"3","Pgf"
0.00129048386753474,1.09032084920632,0.206,0.099,1,"4","Tbc1d22b"
9.66607600883489e-05,1.08913761151676,0.392,0.231,1,"4","Mtfr1"
0.000404258151008488,1.08888885175519,0.284,0.151,1,"4","Cdc42ep4"
0.00492572238809014,1.08619786403719,0.65,0.408,1,"6","Pja2"
0.000173303194124232,1.08503091355206,0.239,0.127,1,"2","Nudt18"
0.00570304803836755,1.08478003539654,0.65,0.431,1,"6","P4hb"
0.000470553372672765,1.08454868242871,0.95,0.727,1,"6","Mid1ip1"
0.00706846608528424,1.08369992837883,0.5,0.259,1,"6","Ptgr2"
0.00123052627568901,1.08366146675862,0.219,0.15,1,"0","Zfp68"
0.00166981106580784,1.08010015084442,0.206,0.105,1,"4","Fzd2"
0.00421850795546572,1.07232411798557,0.21,0.15,1,"0","Eps8"
0.00279012112500402,1.07214293833948,0.235,0.125,1,"4","Rhou"
8.60439286676882e-05,1.07028433858134,0.309,0.185,1,"3","Sesn3"
0.000298686813020628,1.06837760490785,0.299,0.219,1,"0","Svip"
0.00774742056839378,1.06775933011616,0.65,0.448,1,"6","Ndn"
0.000489258092417424,1.06364535532164,0.221,0.124,1,"2","Fbxo16"
0.000211581284869502,1.05500169790658,0.29,0.186,1,"3","Abhd14b"
0.000110580709172383,1.05471632857296,0.353,0.202,1,"4","Xrcc5"
0.00112203615467296,1.05158411698987,0.232,0.159,1,"0","Coq10b"
0.000487126382681026,1.05135157676872,0.278,0.171,1,"3","Rcan2"
0.000449566004102503,1.05025788011872,0.357,0.302,1,"0","Armcx3"
8.97591709216795e-05,1.04973883280005,0.272,0.179,1,"0","Mtfp1"
9.96791269661944e-05,1.04693877727394,0.324,0.165,1,"4","Cog1"
0.000323044453504203,1.04642584535656,0.275,0.147,1,"4","Gstm2"
9.00629830183432e-05,1.04629351484043,0.353,0.269,1,"0","Rhobtb3"
0.000649922279006531,1.04436874911354,0.21,0.118,1,"3","P4ha1"
0.000290255043328522,1.04238141443929,0.319,0.211,1,"2","Slc25a1"
0.000879758665407818,1.04165497852032,0.25,0.174,1,"0","Sbk1"
0.000412813587174564,1.03883427844419,0.321,0.25,1,"0","Rnf220"
0.00229679921129564,1.03752656240027,0.205,0.139,1,"0","Rfwd3"
0.000333143692649964,1.03734340175747,0.27,0.161,1,"2","Psen2"
0.00904810985390794,1.03724590305097,0.232,0.181,1,"0","Mapre2"
0.000493813922620102,1.03574087056784,0.253,0.151,1,"3","Nomo1"
0.00192034563154823,1.03394898465362,0.222,0.14,1,"3","Bbs4"
0.000145312511501156,1.03233770887035,0.272,0.153,1,"3","Pde3b"
0.000754848797496372,1.03129101308084,0.255,0.132,1,"4","Sertad2"
0.000339742089831221,1.03081210714476,0.235,0.109,1,"4","St6galnac4"
0.00606645015347972,1.0294193384888,0.228,0.172,1,"0","Ubr7"
0.00154337947810083,1.0271560615154,0.333,0.205,1,"4","Msrb2"
0.000374710509440149,1.02581540821582,0.209,0.11,1,"2","Pknox1"
0.00865119569531479,1.02521279145861,0.255,0.165,1,"4","Rell1"
0.000202397520497961,1.02336681059777,0.232,0.143,1,"0","Acadsb"
0.00278751584752537,1.02328388958769,0.6,0.315,1,"6","Abhd14a"
0.000509307343043425,1.01565521182735,0.222,0.127,1,"3","Crtc1"
0.00123016577167254,1.01520998822474,0.7,0.432,1,"6","Ccdc28b"
0.000265299439729451,1.01337947781966,0.286,0.207,1,"0","Fam135a"
0.00276363874537321,1.01307957536715,0.223,0.156,1,"0","Rfx3"
0.000719361903977354,1.01268042415396,0.277,0.195,1,"0","Slc24a5"
0.00397468279509296,1.01171773339896,0.241,0.184,1,"0","Prpf6"
0.00381160123996765,1.01028987010542,0.232,0.172,1,"0","Eif2b3"
0.000136569424226954,1.00885338762302,0.233,0.121,1,"2","Nbea"
0.000319642486136203,1.00574079853996,0.319,0.207,1,"2","Igf2bp1"
0.000311273975314902,1.00353400094869,0.353,0.209,1,"4","Aamdc"
0.00254769790991281,1.00259008968832,0.204,0.118,1,"3","Stx1a"
0.00468178075116262,1.00227756096087,0.206,0.112,1,"4","Trim25"
0.00754270602928434,1.00198389450618,0.55,0.296,1,"6","Tcta"
0.00332442637469286,1.00158224344998,0.205,0.143,1,"0","Borcs6"
0.000317930142900806,0.999435638898422,0.441,0.291,1,"4","Ncor2"
0.000243669343026329,0.998578826909866,0.309,0.196,1,"3","Abhd8"
0.00023526955987361,0.995514584959763,0.9,0.771,1,"6","Tmed10"
9.92574264824168e-05,0.99325479389553,0.204,0.076,1,"5","Wwp1"
0.000954945905281272,0.990566931249291,0.233,0.135,1,"2","Bcor"
0.000171899083204054,0.989691009955362,0.363,0.217,1,"4","Col9a1"
0.000205678516829517,0.987654709091254,0.237,0.099,1,"5","Dok1"
0.00154056194408411,0.985080368818935,0.216,0.13,1,"3","Arxes1"
0.00154140224551746,0.984745361437944,0.85,0.691,1,"6","Hist3h2ba"
0.0028917389999468,0.982595686754746,0.202,0.121,1,"2","Wwp2"
0.00269228074626579,0.981743143421843,0.45,0.173,1,"6","Cer1"
0.000211717334909514,0.98117974117325,0.8,0.411,1,"6","Insm1"
0.000519510477105235,0.980866402845015,0.259,0.175,1,"0","Aacs"
0.000120644552417793,0.978083328804488,0.302,0.186,1,"3","Phactr4"
0.000209487283523349,0.978068430597419,0.288,0.168,1,"2","Spa17"
0.000184712677534171,0.978017608484046,0.29,0.175,1,"3","Fkrp"
0.00313466519372483,0.977899593147894,0.235,0.153,1,"3","Casd1"
0.000238130567381598,0.975177597012732,0.333,0.186,1,"4","Scarb2"
9.01087408086787e-05,0.974530711710701,1,0.707,1,"6","Zbtb20"
0.000504755408126596,0.972271084050534,0.246,0.164,1,"0","Rev3l"
0.00950337151238306,0.971744394172792,0.206,0.12,1,"4","Nubpl"
6.56320667849429e-05,0.971515800416466,0.537,0.444,1,"3","Gm1673"
0.00848205038467031,0.970375993770362,0.8,0.746,1,"6","Tmed3"
0.00209211802710951,0.968596458893452,0.204,0.116,1,"3","Ccdc189"
0.00112942997847091,0.968105911651257,0.389,0.305,1,"3","Zfp148"
0.00190662015336391,0.967406475666846,0.294,0.169,1,"4","Trib1"
0.00131333532005367,0.966505213783986,0.304,0.182,1,"4","Mcm4"
0.00119149672850358,0.966202624460733,0.227,0.131,1,"2","Cpd"
9.20564455288551e-05,0.96565756298469,0.259,0.135,1,"3","Kcnk16"
0.000197264495880513,0.963694102725665,0.95,0.821,1,"6","Nenf"
0.000443576060648447,0.963426705909482,0.264,0.152,1,"2","Ankrd13a"
0.000187220809845225,0.962852241651726,0.512,0.42,1,"3","Fam213a"
0.00343660275978899,0.962255079585741,0.235,0.151,1,"3","Nkiras1"
0.00560338961286482,0.962156178676263,0.221,0.142,1,"2","Shoc2"
0.000141303250681048,0.956113891269153,0.358,0.235,1,"3","Neu1"
0.000404056958902011,0.954861413130307,0.21,0.109,1,"3","Jam3"
0.00356850082691417,0.95457181832872,0.259,0.193,1,"0","Wbscr27"
0.00268965791218109,0.954283091810439,0.216,0.129,1,"3","Slc35g2"
0.000347143181389658,0.95247667436722,0.286,0.2,1,"0","Zfp36"
7.54523593182527e-05,0.951763709412785,0.269,0.111,1,"5","Rhod"
0.000697201371809303,0.950761343230937,0.275,0.144,1,"4","Ago1"
0.00072713073047027,0.950676455180793,0.29,0.22,1,"0","Ubxn2a"
0.00117947768729765,0.949732444384649,0.252,0.153,1,"2","Ecsit"
0.000137733164852486,0.949659814471143,0.33,0.246,1,"0","Fam110a"
0.000931990008821356,0.948926426183513,0.239,0.138,1,"2","Dach1"
0.000673521580130549,0.948429707925258,0.202,0.107,1,"2","Slc25a38"
0.00621739934774697,0.944400369808463,0.21,0.133,1,"3","Lyrm4"
7.83409830910058e-05,0.943867851912313,0.331,0.202,1,"2","Ctso"
6.85495379157511e-05,0.943600200923407,0.471,0.301,1,"4","Ctsh"
0.0088099623951331,0.941931364326405,0.206,0.114,1,"4","Srxn1"
0.000711778374141472,0.941866607177525,0.309,0.209,1,"3","Nmt2"
0.002307057166113,0.94133286406918,0.21,0.125,1,"3","Grik5"
0.000144335817650476,0.940882042441668,0.522,0.456,1,"0","Gch1"
0.000522598995219266,0.9385277485179,0.29,0.185,1,"3","Adgrl1"
0.00163659993398031,0.938102639312707,0.21,0.12,1,"3","Smim24"
0.00281999426562555,0.938048371035762,0.228,0.163,1,"0","Safb2"
0.000353561076926755,0.937609260814508,0.252,0.14,1,"2","Slc39a6"
0.000884599518842059,0.936238398777468,0.232,0.154,1,"0","Numbl"
0.00248463036837373,0.936233165157899,0.225,0.124,1,"4","Aif1l"
0.000257824891515295,0.935170435757595,0.27,0.153,1,"2","Pi4k2b"
0.000793192245184492,0.934310313021918,0.85,0.479,1,"6","Shisa5"
0.00288088974979708,0.934245341153295,0.259,0.199,1,"0","Fbxl15"
0.00613875267027994,0.933854155873059,0.314,0.203,1,"4","Map4k4"
9.26040495523802e-05,0.933840497166714,0.228,0.118,1,"1","Enpp5"
0.00044439305362599,0.933778845572233,0.264,0.154,1,"2","Aida"
0.00276245627491467,0.931892797485802,0.216,0.114,1,"4","Ctsc"
0.000848465043223723,0.931178483959838,0.29,0.22,1,"0","Tmod3"
0.00720801608337844,0.929772313953846,0.259,0.207,1,"0","Msrb2"
0.00931057677865104,0.929656807972807,0.259,0.213,1,"0","Acvr2b"
0.00176197670113204,0.929001773609021,0.314,0.194,1,"4","Fxyd2"
0.00632323265103551,0.927897318880745,0.21,0.15,1,"0","Sel1l"
0.000255430534986124,0.927688918527024,0.227,0.116,1,"2","Yod1"
0.000138599282435524,0.927028523698607,0.353,0.27,1,"0","Wipi2"
0.00286516267843729,0.926516945301445,0.205,0.138,1,"0","Tmem38a"
0.00108199939203821,0.925590502726532,0.247,0.157,1,"3","Pgm3"
0.0020764949325117,0.924624362518638,0.29,0.226,1,"0","Stx16"
0.00323885601185065,0.92447192312377,0.314,0.203,1,"4","Pdlim1"
0.00331900731889852,0.923988079010712,0.235,0.131,1,"4","Nxn"
0.00223092947491432,0.921526724146841,0.201,0.13,1,"0","Kif1a"
9.39209404180971e-05,0.921410028184132,0.209,0.106,1,"1","Chaf1b"
0.0039153317740862,0.919373391407768,0.265,0.155,1,"4","Mapk7"
0.0036723801357081,0.919002555143806,0.25,0.193,1,"0","Gtf2h1"
0.000456801387097644,0.918211131826105,0.95,0.613,1,"6","Eid1"
0.000225528386464885,0.917945871530645,0.366,0.297,1,"0","Eif1ad"
0.00010361840712478,0.91722138215296,0.676,0.572,1,"4","Ccnd3"
0.00245898345057914,0.916847613181565,0.227,0.137,1,"2","Tns3"
0.000822370660892936,0.916829625529364,0.353,0.211,1,"4","Fam222a"
0.00744500946871515,0.916756520492375,0.21,0.136,1,"3","Rc3h2"
0.0026243605513323,0.9161143769862,0.75,0.54,1,"6","Dynlt1c"
0.0064174912017886,0.916097526231284,0.209,0.134,1,"2","Lyrm4"
0.000352276919268696,0.915404322816908,0.281,0.197,1,"0","Dhx40"
0.000164813877765904,0.915014778661217,1,0.875,1,"6","Tsc22d1"
0.000608214029763123,0.912638467012995,0.25,0.166,1,"0","Trp53inp2"
0.000728440002550195,0.912301392135892,0.246,0.167,1,"0","Meis3"
0.00102518144956597,0.909207653969049,0.7,0.309,1,"6","Cnih2"
0.0036456656566382,0.908953417164508,0.221,0.14,1,"2","Aftph"
0.000104036490781379,0.908891577320412,0.29,0.126,1,"5","Cers4"
0.00431475180798632,0.908365996329602,0.222,0.142,1,"3","Pank3"
0.00345155541569269,0.907263278790073,0.235,0.129,1,"4","Slc25a20"
0.000132874576696084,0.906433455047817,0.325,0.196,1,"2","Gmds"
0.00030781356208593,0.905807433652326,0.284,0.176,1,"3","Chd9"
0.000171753087289178,0.904600180027608,0.356,0.235,1,"2","Oat"
0.00299282540898438,0.904528059295256,0.216,0.133,1,"3","Snx18"
0.000913206965438419,0.903877104865543,0.8,0.401,1,"6","Scgn"
0.000122834482309209,0.903147949153846,0.2,0.102,1,"1","Haus8"
0.00113496840158572,0.903107680765996,0.295,0.226,1,"0","Ccdc88a"
0.000885251391104345,0.902568539732505,0.308,0.241,1,"0","Zfp329"
0.00196806300391174,0.901254014113404,0.202,0.115,1,"2","Rfwd2"
7.75442051123898e-05,0.900824793978955,0.209,0.103,1,"1","Fto"
0.00281825247002511,0.900437780960803,0.216,0.132,1,"3","Nudt18"
0.000169801513629079,0.900342915213127,0.304,0.152,1,"4","Pcmtd1"
0.0074339305314715,0.899261614958076,0.235,0.162,1,"3","Scarb1"
0.0026864733640991,0.89923682311209,0.222,0.138,1,"3","Phf8"
0.00206929087276911,0.899190174926189,0.241,0.155,1,"3","Tm7sf3"
0.000733410541325037,0.898476336645536,0.373,0.233,1,"4","Il10rb"
0.00085327597894203,0.897095599396648,0.308,0.24,1,"0","Cmtm4"
0.00636566656413028,0.896670285712363,0.223,0.167,1,"0","Tbc1d10a"
0.0029773381915711,0.89317475689652,0.295,0.241,1,"0","Kin"
0.00119646273555073,0.892806074150557,0.295,0.232,1,"0","Aggf1"
0.00865100766669783,0.892598560808276,0.245,0.145,1,"4","Trp53bp2"
0.00252426568588308,0.89156479768371,0.371,0.327,1,"0","Tubb2b"
0.00755392023521381,0.891535175429858,0.7,0.471,1,"6","Dnajc3"
0.000207031624911749,0.891362241963245,0.265,0.144,1,"3","Zfhx2"
0.000239704881788503,0.890904557384923,0.382,0.22,1,"4","Trim47"
0.00793441623653218,0.889458665709033,0.255,0.158,1,"4","Ovol2"
0.00739870777520036,0.888400152787234,0.343,0.241,1,"4","Parva"
0.000113534660110277,0.888283637465005,0.433,0.358,1,"0","Cd200"
0.00425372535264674,0.888198775688387,0.245,0.14,1,"4","D630039A03Rik"
0.00197467583030556,0.887082403739479,0.304,0.187,1,"4","Mmgt2"
9.12980739306926e-05,0.885737992903428,0.282,0.152,1,"2","Prodh2"
8.37846752033643e-05,0.88283764775109,0.598,0.418,1,"4","Tmem70"
0.000219979944202591,0.882587515587968,0.259,0.142,1,"3","Mcf2l"
0.00411205464954147,0.881384581916178,0.215,0.13,1,"2","2510046G10Rik"
0.00837450651413363,0.88116949072198,0.294,0.193,1,"4","Thoc1"
0.000732765331792366,0.880573729223031,0.205,0.115,1,"1","Nqo2"
0.00013145802043813,0.879928052667785,0.348,0.25,1,"0","Ppp2r5b"
7.90745533152502e-05,0.878648255332829,0.288,0.161,1,"2","Mtmr7"
0.000191955251575798,0.877605993735999,0.344,0.264,1,"0","Rbm18"
0.0016740843899193,0.877303528951148,0.216,0.125,1,"3","Ftsj1"
0.00494171567344026,0.875933907023317,0.265,0.192,1,"3","Adi1"
0.000600050421194422,0.872972362184716,0.9,0.663,1,"6","Tusc3"
0.00549258512671555,0.872420921135045,0.221,0.138,1,"2","Skiv2l"
0.00381711437996028,0.872355339475426,0.214,0.146,1,"0","Mcf2l"
0.00182878892815341,0.871666227928072,0.321,0.229,1,"3","Taok3"
0.00235277911649296,0.871467757953141,0.286,0.221,1,"0","Tmem86a"
0.000237235879922293,0.871357184674966,0.233,0.13,1,"1","Src"
0.000274968229415452,0.869881502274001,0.33,0.253,1,"0","Kif1b"
0.00215498538232978,0.868657969813784,0.209,0.119,1,"2","March8"
0.000119363990651093,0.867187978028448,0.362,0.222,1,"2","Trappc2"
0.000177938471590752,0.866806629039221,0.461,0.304,1,"4","Ptrh2"
0.00154757466846149,0.865336409260843,0.362,0.318,1,"0","Sms"
0.00192650171901245,0.864817861302336,0.382,0.255,1,"4","Borcs8"
6.88426688114493e-05,0.864412675552876,0.237,0.09,1,"5","Vprbp"
0.00043854451312072,0.864315890157228,0.219,0.123,1,"1","Elovl6"
0.00219062607899517,0.863837208722398,0.294,0.17,1,"4","Lsm14b"
0.0010651012573884,0.863157984266803,0.275,0.144,1,"4","Rbfox3"
0.0030055685419649,0.862713943986414,0.239,0.15,1,"2","Sh3bp1"
0.000877733633713323,0.861734719681294,0.227,0.129,1,"2","Dusp23"
0.000348542879270236,0.86148265671723,0.471,0.3,1,"4","Rrs1"
0.00685741069729864,0.861131995108595,0.228,0.153,1,"3","Pard6a"
0.00909016949129204,0.860307810946803,0.75,0.485,1,"6","Pofut2"
0.000215187040356714,0.859176209775065,0.344,0.214,1,"2","Dusp18"
0.00187252446548954,0.858508314351878,0.278,0.187,1,"3","Baiap2l1"
0.0018998623694704,0.857716524667717,0.8,0.616,1,"6","Taf6l"
0.000847209866071613,0.857492254412775,0.277,0.196,1,"0","Map4k4"
0.00135900899934788,0.856399144335517,0.245,0.151,1,"2","Ifi35"
0.00572765141348947,0.855588329024955,0.295,0.24,1,"0","Btg3"
0.000184813392549867,0.855303299802668,0.307,0.18,1,"2","AI413582"
0.000405851876906432,0.854927782259039,0.353,0.201,1,"4","Stmn1"
0.000428195342190188,0.854781417798947,0.245,0.132,1,"2","1700023F06Rik"
8.38489694062175e-05,0.854530396010277,0.2,0.094,1,"1","Khdrbs1"
0.00326581094804431,0.853491820406236,0.265,0.18,1,"3","Zfp704"
0.00213451993893505,0.852680445813677,0.335,0.289,1,"0","Dcun1d1"
0.00398285669054649,0.85124904008486,0.237,0.174,1,"0","Slc25a44"
0.00151653826973286,0.850839903458471,0.239,0.143,1,"2","Med22"
0.00710466128257083,0.850636967967333,0.221,0.142,1,"2","Klc2"
9.69687064703747e-05,0.849960967084247,0.294,0.168,1,"2","Pdcl"
0.00440121306992095,0.849444815551975,0.202,0.123,1,"2","Atxn7l3"
0.000814201442158433,0.848467765197229,0.281,0.207,1,"0","Rps6kb2"
0.00136724949530185,0.847686792892527,0.202,0.11,1,"2","Jade3"
0.000168271722407541,0.846962035978626,0.42,0.322,1,"3","Denr"
0.00473040328323423,0.846856029763294,0.272,0.219,1,"0","Zfp513"
0.00120444878897277,0.846670904844672,0.353,0.299,1,"0","Kdm7a"
0.000190637402191848,0.845817098808991,0.352,0.226,1,"3","Fam98c"
0.000365972920816416,0.845711127595274,0.247,0.108,1,"5","Trim25"
0.0008724876870257,0.84538474179418,0.239,0.136,1,"2","Fem1a"
0.00567507987840883,0.845347729445252,0.254,0.199,1,"0","4833420G17Rik"
0.000336011783943109,0.84199263462431,0.407,0.307,1,"3","Mapk8ip1"
0.00279823462695558,0.84142381207061,0.241,0.172,1,"0","Tmed8"
0.000821541177890022,0.841192436482764,0.422,0.266,1,"4","Rorc"
0.000156787944305082,0.84109796629099,0.219,0.113,1,"1","Cd1d1"
8.10040304831613e-05,0.84074259163113,0.446,0.391,1,"0","Rbfox2"
0.000166088815657154,0.840680253721887,0.529,0.374,1,"4","Psmd10"
0.00051347686311186,0.840335635008851,0.29,0.184,1,"3","Nub1"
9.82611190039242e-05,0.840214283989708,0.233,0.12,1,"1","Pkd2"
0.000579697148736738,0.840048932579608,0.393,0.34,1,"0","Ehmt2"
0.00514339629520115,0.839344597403619,0.294,0.179,1,"4","Znrf1"
0.000210831051386563,0.837272102268273,0.95,0.862,1,"6","Ergic3"
0.00337536458363803,0.836854020561227,0.288,0.196,1,"2","Ap2b1"
0.0054744050909874,0.836169910052675,0.286,0.237,1,"0","Ccdc174"
0.000296388395217107,0.83613098505881,0.346,0.228,1,"3","Ptp4a3"
0.00783235707136556,0.836064215474625,0.8,0.588,1,"6","Dap"
0.000784735785801591,0.835828484516357,0.233,0.13,1,"2","Sec16a"
0.001295995587316,0.835620444272551,0.277,0.204,1,"0","Cnksr3"
0.000142161039953206,0.835530874785544,0.451,0.282,1,"4","Dcun1d1"
0.00281574777515178,0.834947325988868,0.202,0.116,1,"2","Amz2"
0.00776175259715679,0.833993953065652,0.382,0.265,1,"4","Slc31a2"
0.0073966771508811,0.833007347267116,0.6,0.348,1,"6","Sfxn2"
0.000206466552224126,0.831920229676178,0.49,0.332,1,"4","Med7"
0.00719052030999191,0.83183176791751,0.246,0.192,1,"0","Tmem106b"
0.00646064336676409,0.831307023799527,0.284,0.17,1,"4","Sh3glb1"
0.00789911005716989,0.830813237182512,0.353,0.251,1,"4","Lamb1"
0.00116928779571855,0.830776387142055,0.348,0.285,1,"0","Zfp326"
0.00576472777792006,0.830755043240856,0.75,0.398,1,"6","Mapre3"
8.1795952966112e-05,0.830664365808085,0.346,0.211,1,"3","Zfp516"
0.0012175864020708,0.830168468404435,0.315,0.203,1,"3","Cldn11"
0.0047595165963302,0.82908751505373,0.275,0.157,1,"4","Srrd"
0.00208248954506186,0.828725114883356,0.352,0.258,1,"3","Ank3"
0.000212702826699368,0.828638116254634,0.317,0.228,1,"0","Med27"
0.000165769684178446,0.827418332356483,0.325,0.197,1,"2","Ndufs5"
0.00077731063240126,0.827062394046229,0.9,0.633,1,"6","Egr1"
0.000838499546527829,0.827034058026299,0.205,0.115,1,"1","Mina"
0.00115534225720027,0.826963370034677,0.272,0.2,1,"0","Tmem33"
0.00203732384844548,0.82536408661596,0.8,0.484,1,"6","Slc25a39"
0.000843188062765346,0.82475238892522,0.304,0.23,1,"0","Gripap1"
0.00795812228011018,0.824539648911599,0.324,0.208,1,"4","Tmf1"
0.000130857197646486,0.823742138199812,0.371,0.293,1,"0","Suv420h2"
0.000589232591572509,0.823652091524232,0.471,0.33,1,"4","Sdsl"
0.00445949321276761,0.823560870986214,0.252,0.158,1,"2","Med13"
0.00173988862611134,0.823111976110903,0.252,0.156,1,"2","D15Ertd621e"
0.0082898476571864,0.822871111338391,0.204,0.129,1,"3","Ccdc92"
0.000103872316998765,0.822844019209552,0.294,0.165,1,"2","PISD"
0.000208746320655962,0.822455891899518,0.279,0.162,1,"1","Stxbp6"
0.000246353986363041,0.822342430458934,0.247,0.105,1,"5","Otud3"
0.000455948988195046,0.822333537998078,0.331,0.206,1,"2","Lrrc47"
0.00221920404465487,0.819829520388152,0.254,0.179,1,"0","Rab3d"
0.0016532293285602,0.819410407099749,0.259,0.168,1,"3","Ccdc181"
0.00366104854267789,0.819314770312835,0.294,0.203,1,"2","Cyhr1"
0.0039487010278461,0.818439589073517,0.265,0.154,1,"4","Sbsn"
0.000289525406181554,0.817143554524457,0.402,0.354,1,"0","Leprotl1"
7.82535950361226e-05,0.817003760691094,0.258,0.104,1,"5","Tbc1d1"
0.00015493309776921,0.81646025564796,0.284,0.165,1,"1","Dcbld1"
0.00321451217895693,0.816012348867772,0.302,0.223,1,"3","Psph"
0.00138934256397375,0.814371007074619,0.233,0.135,1,"2","Ppp2cb"
0.00152321141895406,0.812866427316428,0.286,0.216,1,"0","Pcmtd2"
0.00815864812462859,0.812760453224818,0.309,0.23,1,"3","2610035D17Rik"
0.000340204108561086,0.811528734210669,0.375,0.311,1,"0","Sart1"
0.00371145386932556,0.811298662506552,0.205,0.124,1,"1","Vcpkmt"
0.00205660461185399,0.810144937401403,0.235,0.144,1,"3","Pigv"
0.000155396328260858,0.809968027924445,0.397,0.334,1,"0","Sde2"
0.00993194433538172,0.809863864095662,0.6,0.321,1,"6","Tpst1"
0.00200144952441586,0.809523095531035,0.264,0.164,1,"2","Myo6"
0.000226705404536597,0.808468260609733,0.2,0.103,1,"1","Haus4"
0.00188688648709252,0.807622054403591,0.209,0.119,1,"2","Pgap1"
0.00106860502324513,0.806317339792124,0.321,0.257,1,"0","Lin37"
0.00321566668321387,0.805993636708525,0.227,0.141,1,"2","Vegfb"
0.00274493800517502,0.80570279280513,0.412,0.294,1,"4","Mrpl45"
0.000123369293899805,0.803467258752373,0.362,0.224,1,"2","Necap1"
0.0010521413804005,0.802939032805816,0.315,0.214,1,"3","Upf2"
0.00211596696315443,0.80291916827443,0.205,0.12,1,"1","Sirt5"
0.00560347332749204,0.8026169873693,0.7,0.401,1,"6","Gnptg"
0.000857946294582694,0.801845703885463,0.8,0.495,1,"6","Os9"
0.00867738748630981,0.801212584084109,0.247,0.166,1,"3","Reep6"
0.00117027615438427,0.799005351619182,0.441,0.311,1,"4","Pdha1"
0.00318171121196162,0.798847580867067,0.272,0.211,1,"0","Rad17"
0.000188154691457753,0.797736502929604,0.227,0.113,1,"2","Stx1a"
0.00756135493316626,0.797669326770698,0.29,0.242,1,"0","Pip5k1a"
0.00265987842112979,0.79690564167318,0.209,0.121,1,"2","Tmx4"
0.000147405650842774,0.794346086339233,0.475,0.349,1,"3","Mfap2"
0.000122747939367268,0.793991289381596,0.269,0.111,1,"5","C330018D20Rik"
0.00435147356076808,0.793484169807403,0.9,0.643,1,"6","Hist1h2bc"
0.00022968669177537,0.792403715151743,0.444,0.338,1,"3","Tgoln1"
0.000139491964848935,0.792041732608744,0.28,0.115,1,"5","Cyp51"
0.00201936766294501,0.792027201760602,0.252,0.152,1,"2","Inafm1"
0.00133728021168685,0.791925373139505,0.406,0.368,1,"0","Desi2"
6.25626154153223e-05,0.791853253520307,0.387,0.244,1,"2","Samd4b"
0.000119858790774372,0.79158600365666,0.34,0.211,1,"1","Atad3a"
0.000676969245529626,0.791290563192146,0.2,0.107,1,"1","Slc35b3"
0.000257610672912756,0.79107858371097,0.226,0.09,1,"5","Abhd6"
0.00542965787548539,0.790525872649974,0.65,0.38,1,"6","Rwdd4a"
0.00104648617710556,0.790192842858116,0.204,0.087,1,"5","Nutf2"
0.000128942373303509,0.789851865782974,0.301,0.135,1,"5","Dsg2"
0.00079016179421795,0.788775070698471,0.313,0.202,1,"2","Zfp523"
0.0015893949631404,0.787834196654814,0.353,0.303,1,"0","Usf1"
0.00280350168129497,0.78761410924839,0.295,0.228,1,"0","Dact2"
0.000170244805611656,0.786867508668411,0.215,0.082,1,"5","Hexb"
0.00136851552905618,0.786372159268885,0.442,0.409,1,"0","Prox1"
6.39483783679629e-05,0.786257701265822,0.247,0.094,1,"5","Cep78"
0.00224857954169073,0.786202461187165,0.34,0.25,1,"3","Cln6"
0.00960101835859547,0.786094208109922,0.225,0.129,1,"4","Narf"
0.00399079260867419,0.78607360196025,0.85,0.538,1,"6","Btbd1"
0.00478256724438156,0.785861306116967,0.65,0.331,1,"6","Pam"
0.000295549759647087,0.785515207673926,0.346,0.23,1,"3","Rgl2"
0.00992729510381048,0.784841997244861,0.232,0.179,1,"0","Znrf1"
0.000337403052450504,0.783876367763175,1,0.7,1,"6","Aplp1"
0.000400209075729216,0.783831514171237,0.368,0.248,1,"2","Irf2bp2"
0.000598456442667785,0.783504370838872,0.364,0.267,1,"3","Sil1"
0.00124895547939542,0.783286671886564,0.426,0.335,1,"3","Bscl2"
0.000526967977676183,0.782644701242348,0.237,0.135,1,"1","Fance"
0.00119608311646899,0.78255620156789,0.392,0.262,1,"4","Bin1"
0.0012456519540222,0.781652941077639,0.226,0.1,1,"5","Fbxo7"
0.000140924429693442,0.781596128150143,0.387,0.246,1,"2","Bet1l"
0.000519899760065768,0.781577446529324,0.251,0.148,1,"1","Pwp1"
0.00176268319528681,0.781458518442503,0.314,0.178,1,"4","Serinc3"
0.0023223893523412,0.781081316966325,0.25,0.172,1,"0","Basp1"
0.000267344594461896,0.779003906167035,1,0.912,1,"6","Ssr4"
0.00319956246141472,0.778674691628709,0.294,0.195,1,"2","Atg10"
0.00105072871356307,0.778436273659104,0.344,0.232,1,"2","Sft2d3"
0.000138711084232465,0.777850539886958,0.226,0.088,1,"5","Dus2"
0.00737702196380579,0.777753190612361,0.225,0.123,1,"4","Setbp1"
0.0039397457063915,0.777675533321647,0.312,0.262,1,"0","Amn1"
0.00152163186799609,0.776943765238788,0.226,0.102,1,"5","Rgmb"
0.000667990633129266,0.776940792928809,0.226,0.096,1,"5","C2cd3"
0.000104790143755064,0.774946699391081,0.293,0.168,1,"1","Usp10"
0.000170727875633644,0.774761249732373,0.235,0.12,1,"3","Rnf138rt1"
0.000201664714961423,0.773302634844642,0.215,0.084,1,"5","Snx8"
0.000461589466867155,0.773260670153774,0.384,0.307,1,"0","Cxx1b"
0.000242277059820847,0.772167413297328,0.429,0.36,1,"0","Kdm6b"
0.00463578705248457,0.772107369860894,0.295,0.237,1,"0","Pias2"
0.00442677598888309,0.771933126069732,0.202,0.116,1,"2","Slc25a14"
0.00257557873116719,0.77090118244127,0.357,0.323,1,"0","Clk3"
0.000264545667423845,0.770857110320936,0.204,0.081,1,"5","Ifi27"
0.000240976342731449,0.770539248579704,0.304,0.197,1,"0","Cldn11"
0.000114049255511059,0.77028918058053,0.37,0.244,1,"3","Ankrd12"
0.000154348371477512,0.769904011720487,0.302,0.177,1,"1","Cox11"
0.00878181437908197,0.769888215393107,0.75,0.538,1,"6","Diablo"
0.00814728653793077,0.769839982139422,0.254,0.2,1,"0","Alas1"
0.0019333691741939,0.769741844034277,0.392,0.266,1,"4","Mettl23"
0.000284063491149882,0.768665351501698,0.383,0.271,1,"3","Tceal1"
0.00189668886787026,0.76866046685253,0.357,0.31,1,"0","Tex30"
0.000170042011372758,0.76852768687525,0.395,0.261,1,"3","Rem2"
0.00518000921389686,0.768253568073015,0.317,0.266,1,"0","March7"
0.0095973029829575,0.768182516215047,0.268,0.213,1,"0","Fryl"
0.0043885430028047,0.767594364363905,0.326,0.277,1,"0","Ppil4"
0.00599816665500778,0.767431308819491,0.219,0.154,1,"0","Hspa4l"
0.00151919150498511,0.766595181867204,0.288,0.178,1,"2","Arfgap3"
0.000178437988692288,0.765961485232583,0.352,0.218,1,"3","Sh2d3c"
0.00287699848370529,0.765845086073016,0.366,0.327,1,"0","Zranb1"
0.000276889132704025,0.765209415318123,0.346,0.217,1,"3","Trip11"
0.000875288822622663,0.765030740863263,0.368,0.245,1,"2","Ccdc85b"
0.00421871004714968,0.764979673083581,0.34,0.258,1,"3","Spg7"
0.000700817620142502,0.764562923908663,0.362,0.244,1,"2","Krt10"
0.000126128954040495,0.764435488304459,0.325,0.19,1,"2","Fbxl15"
0.000376306314441681,0.76352799714099,0.377,0.243,1,"1","Nfkbia"
8.6934526801943e-05,0.760664570727188,0.226,0.084,1,"5","L3mbtl3"
0.000237215031386826,0.760160966067263,0.205,0.105,1,"1","Homer3"
0.00305463112364217,0.759910835600127,0.288,0.188,1,"2","Capn10"
0.000453265697532293,0.759612693216921,0.321,0.206,1,"3","Map7"
0.000287540288357042,0.759462876977038,0.265,0.149,1,"1","Myo18a"
0.000103826105257253,0.759079531926477,0.301,0.128,1,"5","Fam98b"
0.000231011586525676,0.758432403698299,0.422,0.244,1,"4","Ubald1"
0.00120492120174318,0.758409799292837,0.357,0.29,1,"0","Tmem109"
0.00845806388907423,0.758252025726934,0.275,0.171,1,"4","Pxmp4"
0.00226095158002906,0.757959105158993,0.284,0.157,1,"4","Mecp2"
0.00167626385396329,0.757938919538222,0.321,0.262,1,"0","Asxl2"
0.00025648298288678,0.757929628619269,0.274,0.16,1,"1","Ctps"
0.000963290234167508,0.757668271225451,0.33,0.262,1,"0","Nbr1"
0.00101931056510177,0.757163053345766,0.374,0.259,1,"2","Bcl7b"
0.000159976358260696,0.75686794694464,0.233,0.122,1,"1","Bspry"
0.00192978443570661,0.755468587405878,0.402,0.267,1,"4","Zkscan1"
0.00978515294635752,0.755066548217926,0.282,0.208,1,"2","Ptdss1"
0.000512252858820997,0.754841792054742,0.209,0.111,1,"1","Nacc2"
0.00302569810499296,0.754522574931042,0.252,0.161,1,"2","Coq10b"
0.00315444314588416,0.753291069090006,0.335,0.283,1,"0","Abcf3"
0.0027696308799119,0.752950599419924,0.333,0.242,1,"3","Creld1"
0.00114194715986561,0.75281446638969,0.344,0.229,1,"2","Med27"
0.00759588307721521,0.752688411562494,0.333,0.259,1,"3","F8a"
7.5481880922894e-05,0.752353206966417,0.395,0.264,1,"3","Spcs3"
0.000766575954633981,0.751983445710733,0.406,0.359,1,"0","Zfp91"
0.000416963210914963,0.751749645982186,0.377,0.241,1,"3","Pcsk1"
0.00043653043706582,0.751269452826261,0.312,0.143,1,"5","Lgals1"
0.000138695948775139,0.751245109326894,0.509,0.477,1,"0","Fam49b"
0.00140620289158089,0.750150019107929,0.228,0.134,1,"1","Hspb6"
0.00606091454817002,0.749726106752651,0.307,0.219,1,"2","Prosc"
0.000438544636451084,0.748715892934636,0.325,0.19,1,"2","Cadps"
0.000112653259979542,0.748244986241062,0.432,0.308,1,"3","Nagk"
0.00250762545671233,0.748231885626812,0.373,0.244,1,"4","Mcm2"
0.000151395356573431,0.747825768866611,0.258,0.105,1,"5","Nup188"
0.00397284533336487,0.74761206210585,0.384,0.358,1,"0","Bclaf1"
0.000723375930042414,0.745211238978154,0.204,0.085,1,"5","Zbtb1"
0.00316387259797416,0.744915199642049,0.233,0.137,1,"2","Tmem38a"
0.000194395243219193,0.744798902996504,0.463,0.348,1,"3","Sec11c"
0.000165102902629945,0.743953217726445,0.205,0.102,1,"1","Stap2"
0.00106667904019739,0.743782952432887,0.288,0.178,1,"2","R3hdm1"
0.00562478560476921,0.743606168609047,0.327,0.248,1,"3","Fbxo3"
0.00790902589199803,0.743082459334522,0.321,0.25,1,"3","Eml2"
0.00577011345574769,0.742928979956724,0.308,0.25,1,"0","Ttc39a"
0.0012367932155485,0.742863462875646,0.281,0.207,1,"0","Pla2g2d"
0.00379297435127831,0.742449527205015,0.333,0.208,1,"4","Sort1"
0.00893951123574091,0.74221247877076,0.252,0.175,1,"2","Zswim7"
0.00127500828256291,0.742013717880867,0.2,0.113,1,"1","Coq3"
0.00199678537746775,0.74180216219465,0.588,0.479,1,"4","Dbn1"
0.00767963729020524,0.741017794547089,0.324,0.221,1,"4","Ppp2r5e"
0.00134728486427878,0.740910807255792,0.412,0.269,1,"4","Zfp277"
0.00314343086502623,0.740175251107446,0.264,0.172,1,"2","Smim4"
0.00249682892590418,0.739679694625038,0.302,0.215,1,"3","Vmac"
0.000197820128961325,0.73921136735695,0.288,0.168,1,"1","Slc27a1"
0.00851539634645393,0.738668365191268,0.264,0.184,1,"2","Cndp2"
0.000673310415998467,0.738111543910567,0.26,0.156,1,"1","Tmtc4"
0.00106015486585133,0.737512759431165,0.223,0.131,1,"1","Add3"
0.00664146659055095,0.736848462307601,0.344,0.307,1,"0","Rnf146"
0.000833733199859947,0.736819897167774,0.204,0.085,1,"5","Trmt11"
0.000842451754422635,0.735628664665813,0.352,0.252,1,"3","B3gat3"
0.0060385238603238,0.735092201856656,0.25,0.196,1,"0","Leng8"
0.000399419412686843,0.734755531548001,0.397,0.321,1,"0","Mafg"
0.00106783258000889,0.734477780121531,0.65,0.255,1,"6","Pcsk1"
0.000708603291689627,0.73441997637135,0.539,0.407,1,"4","Ntan1"
0.00250205257148479,0.734062028610258,0.368,0.259,1,"2","Dnajb2"
0.00265750132912685,0.733976068098762,0.9,0.721,1,"6","Lsr"
0.000228349407722196,0.733946949417996,0.479,0.354,1,"2","Tubg1"
0.00131539092638003,0.73335541958767,0.356,0.24,1,"2","Ubr4"
0.00731632320299698,0.7319201846355,0.422,0.325,1,"4","Odc1"
0.000117261071307407,0.731649250957304,0.577,0.483,1,"2","Higd1a"
7.32322874225236e-05,0.731181027344361,0.258,0.1,1,"5","Pxn"
8.51731385105185e-05,0.731004593161763,0.27,0.148,1,"1","Furin"
0.000140588210341002,0.730278941739327,0.42,0.355,1,"0","Rbm22"
9.22602136850868e-05,0.730245874571118,0.288,0.16,1,"1","Lama5"
0.00344695281444954,0.72967843364439,0.259,0.168,1,"3","Rev3l"
9.28445709372358e-05,0.729601313835273,0.321,0.19,1,"1","Gnl3"
0.00408710332040003,0.729339197602024,0.352,0.271,1,"3","Cdk5"
0.000532883099659715,0.728975228052153,0.33,0.207,1,"1","Zfp618"
0.00371862932399042,0.728825176503235,0.253,0.169,1,"3","Ubr3"
0.00445371021176611,0.728396848429921,0.204,0.119,1,"3","Map3k15"
0.000218645999667465,0.726737543297718,0.442,0.388,1,"0","Chp1"
0.000712591775850611,0.726501376891823,0.226,0.097,1,"5","Sap30l"
0.00589572601921899,0.725891608944196,0.373,0.251,1,"4","Paip1"
0.000880519045924303,0.725879250336421,0.296,0.182,1,"3","Rimbp2"
0.00391045872866553,0.725409107235183,0.204,0.098,1,"5","Cckar"
0.00457086669227746,0.725175852622198,0.252,0.162,1,"2","Capn7"
0.000693225594875364,0.724643429073097,0.239,0.127,1,"2","Kif1a"
0.000872812912344442,0.724212584943459,0.371,0.315,1,"0","Mdm2"
0.000603228925762046,0.724180065144544,0.323,0.158,1,"5","Hnf1b"
0.00136822468262523,0.72337556639025,0.251,0.152,1,"1","Gc"
0.00638142615823294,0.722135841290515,0.314,0.202,1,"4","Tcf4"
0.000399343855046836,0.722100675639661,0.407,0.285,1,"3","Dnajb9"
0.0098431931078805,0.721475516566243,0.201,0.139,1,"0","Bend7"
6.36612026365403e-05,0.721156722950334,0.374,0.222,1,"2","Gripap1"
0.00186204009895652,0.72114943872552,0.353,0.307,1,"0","Fam207a"
0.00292245027048566,0.720706789016657,0.241,0.152,1,"3","Sdccag8"
0.000145712691176654,0.719525806839164,0.518,0.495,1,"0","Gyg"
0.00112017913420639,0.71942861387077,0.539,0.398,1,"4","Cnih4"
0.00615389231204008,0.719103042417779,0.221,0.137,1,"2","Nkx2-2"
0.000756030567727255,0.718153577311062,0.406,0.346,1,"0","Atp8b1"
0.00392585362084817,0.717964758482119,0.282,0.188,1,"2","Naga"
0.000397628614022738,0.717451721166286,0.509,0.42,1,"2","P4hb"
0.000120189210780159,0.716445096864318,0.481,0.35,1,"3","Dpysl2"
0.0068012648184871,0.716193489432563,0.299,0.249,1,"0","Atxn2l"
0.00115076762869188,0.716094276390624,0.2,0.113,1,"1","Bms1"
0.00223420589707104,0.715877880204486,0.242,0.152,1,"1","Mccc2"
0.00797591079489349,0.715423989194429,0.301,0.214,1,"2","Sec63"
0.00353023860404992,0.715388955710478,0.301,0.203,1,"2","Fam234a"
0.000559773622740742,0.714762596148013,1,0.653,1,"6","Tuba1a"
0.000180725694196773,0.712949066961934,0.323,0.147,1,"5","Reep3"
0.00151957705401029,0.712528178697243,0.397,0.352,1,"0","Bcl10"
0.000486239426945457,0.712285942333957,0.598,0.455,1,"4","Wapl"
0.00108600968772181,0.712237001734538,0.35,0.223,1,"2","Mrps33"
0.00374805389918511,0.712066441716383,0.209,0.13,1,"1","Exosc2"
0.000393805449396137,0.710797910424379,0.214,0.113,1,"1","Sc5d"
0.00318767546739652,0.710739113250717,0.431,0.306,1,"4","Ythdc1"
0.00715968880198561,0.710623630402738,0.312,0.261,1,"0","Kat5"
0.0020233361262356,0.710101465259641,0.337,0.227,1,"2","Hid1"
0.000692603980438338,0.710053250151346,0.366,0.302,1,"0","Ttc33"
0.00697395186002552,0.7096420064361,0.235,0.157,1,"3","Tmem184b"
0.000627355870592069,0.709521788079158,0.331,0.207,1,"2","Samd14"
6.95469465145405e-05,0.709266104519231,0.433,0.356,1,"0","Mtch1"
0.00655150615105481,0.708676910197878,0.277,0.224,1,"0","Dnajc1"
0.009468497664606,0.708640715752707,0.216,0.141,1,"3","Tmem38a"
0.000866102833489564,0.708221320263223,0.294,0.176,1,"2","Rab3d"
0.00390494832465363,0.707480007606067,0.412,0.284,1,"4","Atg4b"
0.000289841708600681,0.707250540231225,0.247,0.103,1,"5","Pmm1"
0.00214813459053312,0.706756589588099,0.382,0.242,1,"4","Tcn2"
0.000397110707690188,0.706380037903382,0.414,0.31,1,"3","Fam50a"
0.00615814509693882,0.706363140360116,0.221,0.136,1,"2","Cep83"
0.00251471309133886,0.706178121254274,0.407,0.329,1,"3","Alkbh5"
0.00543022779674297,0.705788034770952,0.204,0.122,1,"3","Prr7"
0.00744973928541987,0.70452737846966,0.272,0.195,1,"3","Fem1b"
0.00320184208867724,0.703935185927217,0.216,0.127,1,"3","Ankrd44"
0.00105741143933864,0.703752941575498,0.327,0.217,1,"3","Pla2g6"
0.00504267180942942,0.703648521257647,0.366,0.327,1,"0","Phf20l1"
0.00465515277065651,0.703103168621816,0.313,0.224,1,"2","Slc35c2"
0.00240892845433351,0.702841471387151,0.402,0.368,1,"0","Zfp358"
0.000454409224042552,0.702740252845177,0.422,0.258,1,"4","Ctr9"
0.00021015776708744,0.701448918923192,0.312,0.185,1,"1","Gtf2h4"
0.000124275943887793,0.701332952607809,0.746,0.791,1,"0","Pgrmc1"
0.000200427331764659,0.7011567214455,0.531,0.422,1,"3","Ppp1r2"
6.65003542754749e-05,0.700495205647736,0.237,0.088,1,"5","Clstn1"
0.000190773403518741,0.700239909221796,0.214,0.113,1,"1","Nrm"
0.00198701098978514,0.700173924919616,0.309,0.196,1,"3","St18"
0.00440497440819788,0.699970859584016,0.288,0.191,1,"2","Fem1b"
0.00163162975486765,0.699967849729328,0.444,0.362,1,"3","Pla2g16"
0.000163527597360568,0.699762827789701,0.258,0.106,1,"5","Wwc2"
0.00228506452117503,0.699501181433948,0.353,0.213,1,"4","Atat1"
0.000143148152449466,0.699457305728081,0.442,0.385,1,"0","Acd"
0.000234206366575237,0.697717853354457,0.442,0.319,1,"2","Ube2g2"
0.000827987194498924,0.69770379852026,0.274,0.169,1,"1","Ddx21"
0.000180481100891041,0.69745048530375,0.226,0.088,1,"5","B3glct"
0.00013808730263395,0.697185233890694,0.552,0.434,1,"2","Pcbd2"
0.000318454568444263,0.69714415521214,0.429,0.379,1,"0","Psmd10"
0.00021285549974472,0.697046528035084,0.52,0.344,1,"4","Hsd17b12"
0.00198051652946163,0.695999191549175,0.353,0.306,1,"0","Slu7"
0.000236957100384463,0.695514386482627,0.204,0.077,1,"5","Efna1"
0.000436945914757873,0.694794366473572,0.269,0.121,1,"5","Sc5d"
0.000140864642431648,0.694110995313597,0.539,0.343,1,"4","Vps37a"
0.000387552936252553,0.693859266076736,0.331,0.206,1,"2","Pomgnt2"
0.000123731557594462,0.693139829700187,0.302,0.173,1,"1","Tom1l1"
0.000133957581502931,0.693106318968239,0.29,0.124,1,"5","Shtn1"
0.00794989007639794,0.69265145404861,0.387,0.312,1,"2","BC005537"
0.00224186999981789,0.691313413162614,0.233,0.139,1,"1","Dync1li2"
0.00597902779757562,0.690783801043888,0.431,0.301,1,"4","Slc31a1"
0.00530118142424174,0.690402586103844,0.302,0.22,1,"3","Ypel5"
0.0015070964205304,0.69008817711876,0.228,0.132,1,"1","Ddx10"
0.00147820089558968,0.689850670379791,0.226,0.102,1,"5","Ccdc125"
6.27528803663501e-05,0.689618511997053,0.475,0.343,1,"3","Pold4"
0.00706536520495426,0.689560552187377,0.362,0.33,1,"0","Nrbp1"
0.00287636556775694,0.689475969438868,0.302,0.2,1,"3","Epb41l3"
6.26045737229135e-05,0.689271326497479,0.423,0.262,1,"2","Tceal1"
0.00113781217589081,0.688887805993529,0.356,0.239,1,"2","Bpgm"
0.00232502507198709,0.688713710738849,0.431,0.291,1,"4","Lyrm9"
0.003313365059764,0.688561059928993,0.321,0.23,1,"3","Fbxw9"
0.000601479202812883,0.688555304436172,0.353,0.282,1,"0","2410002F23Rik"
0.000210830427507576,0.688121661442623,0.481,0.36,1,"3","Zdhhc20"
0.000445243847825429,0.688076659537843,0.598,0.473,1,"4","Bzw2"
0.000115475373498188,0.687938605670406,0.442,0.305,1,"2","Mdm2"
0.000107900613151135,0.687623310796323,0.323,0.137,1,"5","1190007I07Rik"
0.000379532864412699,0.685450685032782,0.431,0.244,1,"4","Tmeff1"
0.00970916840129385,0.685109671041679,0.431,0.322,1,"4","Cpq"
0.000115866321425951,0.684993052331733,0.637,0.438,1,"4","Pigx"
0.000170742370113938,0.684317720850366,0.42,0.299,1,"3","Fam63b"
0.00395584626289614,0.68412736962752,0.302,0.212,1,"3","Mysm1"
0.00259269554726817,0.683848066403759,0.312,0.25,1,"0","Qtrt1"
0.000459979820831237,0.683479385774255,0.46,0.42,1,"0","Mphosph8"
0.000451879747684432,0.683143203308173,0.2,0.102,1,"1","Fam69b"
7.71225084023576e-05,0.682626938270211,0.372,0.226,1,"1","Snx24"
0.00239012710071658,0.682584813287078,0.275,0.152,1,"4","Mycl"
0.00067984194694504,0.682424034908482,0.406,0.348,1,"0","Safb"
0.000188591053049181,0.682280225797814,0.284,0.161,1,"1","Praf2"
0.00230156382521597,0.68219245451815,0.325,0.217,1,"2","Pla2g6"
0.000544369315743602,0.682147122330728,0.228,0.124,1,"1","Tsc22d3"
0.00428385662427266,0.681904327624758,0.227,0.138,1,"2","RP23-60P18.10"
0.00208199056058634,0.681240204469328,0.209,0.122,1,"1","Tfap4"
0.00665534923521465,0.680522684825411,0.324,0.204,1,"4","Dhx40"
0.00362144626341488,0.6803509769262,0.335,0.289,1,"0","Mlx"
0.00617913002195667,0.679547841790694,0.252,0.164,1,"2","Znrf2"
0.00337205195342926,0.678923974174242,0.432,0.35,1,"3","B230118H07Rik"
0.00366836525388387,0.678306822806232,0.389,0.31,1,"3","Mpped2"
0.000213426332676732,0.677689889106054,0.237,0.095,1,"5","Pycard"
0.00396691645875243,0.677196716458598,0.471,0.338,1,"4","Hipk2"
0.00278356091378647,0.676964460530328,0.37,0.277,1,"3","Lypla2"
0.00115518873978802,0.676844843253448,0.529,0.371,1,"4","N4bp2l2"
0.000894055722125704,0.676806997343887,0.448,0.331,1,"2","Bscl2"
0.000114872899868898,0.676309405712345,0.258,0.103,1,"5","Fntb"
0.00794399410473864,0.676190026825238,0.314,0.196,1,"4","Stk38"
0.00133635761576651,0.675947132011576,0.411,0.36,1,"0","Prr15l"
7.81576776624604e-05,0.674869644117022,0.472,0.315,1,"2","Eif4g3"
0.000874041571976721,0.674257776915564,0.451,0.292,1,"4","Igf1r"
0.000139421284210898,0.673695149391039,0.571,0.425,1,"2","Hist1h1c"
0.000194213453200569,0.673229343592536,0.344,0.16,1,"5","Rock2"
0.00854690018787037,0.672974609612699,0.304,0.252,1,"0","Bcl7a"
0.00375337936079822,0.672960590320606,0.205,0.122,1,"1","Slc9a3r2"
0.000200583850603704,0.672934897821475,0.226,0.087,1,"5","Aldh16a1"
0.00611465692798756,0.671538161449554,0.294,0.199,1,"2","Rnf14"
0.000372682138713317,0.671481022507517,0.29,0.134,1,"5","Col4a1"
0.0053677929188505,0.671272314898126,0.29,0.206,1,"3","Ndel1"
8.01622821152162e-05,0.670950751748117,0.627,0.418,1,"4","Mxd4"
0.000320149910757988,0.670821345604819,0.28,0.123,1,"5","Stox2"
0.000200094404058613,0.670792174691117,0.423,0.277,1,"2","Tcta"
0.000360839153465162,0.670100237948179,0.521,0.396,1,"2","Phyh"
0.00475667247352517,0.669701179421136,0.539,0.43,1,"4","Slc44a3"
0.00536519931188444,0.6691342384923,0.346,0.266,1,"3","Mia3"
0.00180583033101893,0.668983038208639,0.282,0.179,1,"2","Ate1"
0.00948537694858351,0.668276961883748,0.95,0.827,1,"6","Ier2"
0.000191084629069187,0.668080791102017,0.312,0.182,1,"1","Zfp768"
0.00109567588868433,0.667699857275551,0.321,0.204,1,"1","Gramd3"
0.00235124291632642,0.66738402991708,0.29,0.19,1,"3","Slc29a1"
7.02801432664304e-05,0.666510988007403,0.58,0.554,1,"0","Rock1"
0.000741782085274656,0.666399533647418,0.37,0.253,1,"3","Gfpt1"
0.00566223139761614,0.666381682114362,0.8,0.514,1,"6","Npdc1"
0.00944283800605224,0.666121676640482,0.299,0.252,1,"0","Nudcd3"
0.00515614200594198,0.665255819327598,0.227,0.142,1,"2","Mfsd11"
0.00923365726583035,0.665126182860622,0.259,0.179,1,"3","Fam221a"
0.00767048663020618,0.664284593738545,0.245,0.158,1,"2","Pde3b"
0.00221475573769414,0.663975353232144,0.466,0.371,1,"2","Preb"
7.33498514631625e-05,0.663237056926214,0.647,0.498,1,"4","Nudcd2"
0.00110910293016478,0.661743228514293,0.401,0.295,1,"3","Baz2a"
7.99772637476691e-05,0.660384839853938,0.589,0.579,1,"0","Cldnd1"
0.00125324605528556,0.659964014260809,0.373,0.216,1,"4","Tbc1d16"
0.000112983742307816,0.659959288843282,0.29,0.119,1,"5","Clasrp"
0.00229098482579009,0.659865151429451,0.333,0.24,1,"3","Hsf1"
0.000299094817403051,0.659425370708065,0.457,0.332,1,"3","Rere"
0.000548911981394105,0.659406464393976,0.326,0.205,1,"1","Zbed3"
0.00598937161185796,0.65936290772061,0.37,0.286,1,"3","Tmem55b"
0.00723747636528225,0.65889031945906,0.214,0.139,1,"1","Ide"
0.000321193937641443,0.658813553945278,0.577,0.473,1,"2","Golga4"
0.00128152373099601,0.658769077712092,0.364,0.253,1,"3","Fbxo9"
0.000191869130066432,0.656530740038827,0.29,0.126,1,"5","Ntpcr"
0.00267525983616749,0.656231334512256,0.358,0.261,1,"3","Dnajb2"
0.00341787081075282,0.655572710761076,0.27,0.168,1,"2","Trp53inp2"
0.00049114136351744,0.655467440289008,0.512,0.415,1,"3","Aip"
0.00527807446080144,0.655260790691116,0.294,0.174,1,"4","Crbn"
0.00827162351484816,0.654322934673354,0.393,0.367,1,"0","Pink1"
0.0024365973683591,0.65400129261555,0.304,0.233,1,"0","Btrc"
0.000234936940776915,0.653636527292039,0.284,0.161,1,"1","Man2b1"
0.00154563653248353,0.65329478064972,0.356,0.244,1,"2","Atg4d"
0.00205829737325522,0.652830809437513,0.247,0.156,1,"1","Smim1"
0.00019896760591255,0.652693042397551,0.362,0.224,1,"2","Fam98c"
0.000248437560564417,0.652127600132343,0.503,0.381,1,"2","Yrdc"
0.00143404280310628,0.651965978721518,0.479,0.366,1,"2","Cdk5rap3"
0.00311936901286996,0.650783935897168,0.237,0.149,1,"1","Stk39"
0.00923137826904944,0.65032029993213,0.215,0.134,1,"2","Mast3"
0.000115944856226553,0.650001314003772,0.293,0.161,1,"1","Sesn1"
0.00581865158012078,0.649971935842695,0.344,0.246,1,"2","Sqle"
0.0031170158676448,0.649399205875461,0.357,0.317,1,"0","Aasdhppt"
0.000660950550865435,0.64909479115045,0.237,0.132,1,"1","Glb1"
0.000956275722623105,0.648788566182439,0.279,0.175,1,"1","Mpp6"
0.00624784651244924,0.648611003127232,0.37,0.297,1,"3","2300009A05Rik"
0.00153084906612125,0.647587726756398,0.215,0.096,1,"5","Nup214"
0.00558705874777515,0.647534034719878,0.233,0.149,1,"1","Tradd"
0.00349190257484595,0.647452596770422,0.426,0.354,1,"3","Mpv17"
0.00912978741977664,0.647203260042867,0.29,0.213,1,"3","Tceb3"
8.50103650411208e-05,0.647157691545908,0.398,0.177,1,"5","Taf6"
0.00183546067149453,0.64651808579225,0.2,0.113,1,"1","Gm2a"
6.82315630943901e-05,0.645853550034479,0.515,0.371,1,"2","Stard3nl"
0.000134049536725545,0.645649542999601,0.502,0.349,1,"1","Impad1"
7.51598253313857e-05,0.64515261447525,0.644,0.55,1,"2","Eif4g1"
0.000697864200276035,0.64506826702126,0.288,0.177,1,"1","Vwa9"
0.000340268277307535,0.645034106958347,0.215,0.085,1,"5","Ccdc51"
0.00837954611786502,0.644934470426958,0.294,0.207,1,"2","R3hdm2"
6.49999409108253e-05,0.64481989773238,0.452,0.216,1,"5","Mrpl16"
0.000315725286039694,0.644740464511072,0.446,0.393,1,"0","Tmem183a"
0.00490078664216872,0.644215893976371,0.344,0.24,1,"2","Bmp1"
0.00319288254619538,0.64419956059751,0.223,0.134,1,"1","Cyp20a1"
0.00116689261967503,0.644093904063059,0.247,0.112,1,"5","Rmi1"
0.00331024765040929,0.644013487369416,0.245,0.151,1,"2","Cers6"
0.00454490814964599,0.643858080129665,0.384,0.351,1,"0","Galk2"
0.000124966090573058,0.64382543990064,0.307,0.164,1,"2","Pclo"
0.00408329732330986,0.643610764915199,0.52,0.401,1,"4","Eps8l2"
0.000453637561607653,0.643296888342467,0.539,0.369,1,"4","Ifitm3"
0.00196106020918972,0.643045264944585,0.314,0.178,1,"4","Mfap4"
0.00825529836551198,0.643036596204408,0.265,0.187,1,"3","Eml4"
0.000342047076771797,0.642578300672755,0.531,0.411,1,"3","Prmt2"
0.00719549492342827,0.642269629389235,0.239,0.151,1,"2","Pard6a"
0.00454832744382465,0.641267415260583,0.237,0.152,1,"1","Xiap"
0.00199348224724971,0.64096690661309,0.288,0.186,1,"1","Fam168b"
0.00517757614867063,0.640873279104101,0.348,0.305,1,"0","Actr1a"
0.000220021315856682,0.640495401918071,0.323,0.146,1,"5","Cln5"
0.00128927944805036,0.639878906800168,0.5,0.425,1,"3","Ccdc28b"
0.000287516582681652,0.639693527286123,0.543,0.432,1,"3","Rnase4"
0.000490595063683812,0.639398112790259,0.284,0.168,1,"1","Gstm7"
0.00103261228268087,0.63918412070053,0.402,0.243,1,"4","Jarid2"
0.00213154740914434,0.63884339541865,0.549,0.403,1,"4","Adgrg1"
0.0079031268088264,0.63851233198609,0.377,0.308,1,"3","Fars2"
0.00893503764625798,0.638353215159976,0.307,0.213,1,"2","Ndrg3"
0.000910215216000228,0.63800384713244,0.363,0.237,1,"1","Nudt2"
0.00100913175335307,0.637869675095295,0.491,0.485,1,"0","Ogfr"
0.00749402381128781,0.637550605432622,0.299,0.246,1,"0","Smndc1"
0.00100358110799539,0.637177229114237,0.237,0.136,1,"1","Ubxn8"
0.00136849681605395,0.637049774593077,0.472,0.366,1,"2","Ift27"
0.00932233201264876,0.636160500470051,0.321,0.246,1,"3","Scyl1"
0.00201171453440516,0.636016547238243,0.353,0.299,1,"0","Sdccag3"
0.00116765808512456,0.635994123465745,0.381,0.262,1,"1","Ctdsp1"
0.000276681133469944,0.635882921617832,0.464,0.411,1,"0","Pqbp1"
0.000224258019923734,0.635436530352164,0.247,0.134,1,"1","Nek1"
7.14084000028086e-05,0.635246519522959,0.47,0.304,1,"1","Lxn"
0.0038045636720214,0.635020873382238,0.549,0.392,1,"4","Chd7"
0.000281086749726598,0.633964025094619,0.488,0.359,1,"3","Snx15"
0.0086638344461418,0.633782526010924,0.503,0.43,1,"2","Nans"
0.000953689869320554,0.633699799035597,0.312,0.225,1,"0","Cib2"
0.00522677012502956,0.633687083788036,0.331,0.244,1,"2","Fbxo21"
8.7516783260434e-05,0.63365186404695,0.617,0.531,1,"3","Cltc"
0.00877662239137576,0.63342916216052,0.282,0.192,1,"2","Kbtbd2"
0.000900886764660094,0.633067712939187,0.608,0.454,1,"4","Lmna"
0.00794149700844389,0.632994286052202,0.327,0.245,1,"3","Zfp830"
0.000611657474848851,0.632270917394094,0.506,0.424,1,"3","Fam204a"
0.000291489146503141,0.632015202191477,0.204,0.078,1,"5","Gtf2ird1"
0.0072687468247802,0.63191360319006,0.282,0.185,1,"2","Gramd1a"
0.000222686729070343,0.631634135216874,0.247,0.102,1,"5","Ammecr1"
0.0010089040251336,0.63150327111734,0.274,0.165,1,"1","Thap3"
0.000956635984176754,0.631381130158547,0.274,0.164,1,"1","Epb41l4aos"
0.000144164883712892,0.63110452805016,0.323,0.141,1,"5","Tubgcp2"
9.40283853369065e-05,0.630956103671545,0.312,0.13,1,"5","Klhdc4"
0.000920554673919268,0.630856805482918,0.618,0.475,1,"4","Nit2"
0.00189748218138181,0.630434377817061,0.319,0.212,1,"2","Polr3d"
0.000140050392372203,0.630403309511516,0.215,0.08,1,"5","Elk4"
0.00890316710493711,0.63036439065236,0.27,0.184,1,"2","Dot1l"
0.00225055320045291,0.630170999155027,0.401,0.306,1,"3","Kmt2a"
0.000171030046619166,0.629692105655983,0.528,0.384,1,"2","Ubfd1"
0.00956129582361592,0.629536857024713,0.313,0.218,1,"2","Bcar1"
0.00683110499144627,0.629439096317126,0.233,0.149,1,"1","Mif4gd"
0.000152555449056736,0.629316817893183,0.518,0.474,1,"0","Atp6v1b2"
0.00580569953167988,0.629169226223179,0.254,0.189,1,"0","Capn10"
0.000305640061550683,0.62864414748092,0.38,0.24,1,"2","Stat3"
0.000275070435912221,0.628582485423844,0.237,0.096,1,"5","Zfp213"
0.00246249627356414,0.628512441316722,0.442,0.338,1,"2","Nfyb"
0.00507063292156113,0.628319490334046,0.288,0.199,1,"2","2610528J11Rik"
0.000214547775371955,0.6282285305511,0.417,0.277,1,"2","Snrpn"
7.04451654948515e-05,0.62816925214226,0.312,0.129,1,"5","Tyw1"
0.00108444694537408,0.628005225005298,0.525,0.438,1,"3","Eri3"
0.000410797934128206,0.627888294169197,0.414,0.279,1,"1","Rsl24d1"
0.000171192487636195,0.627859473312014,0.598,0.425,1,"4","Csnk1e"
0.0093316734065657,0.627525642441334,0.221,0.141,1,"2","Ncoa7"
0.00247391579269436,0.627251149203559,0.25,0.164,1,"0","Etv1"
0.00247991203463188,0.626765915831432,0.393,0.299,1,"2","G6pc3"
0.000984040786484606,0.626732447303072,0.5,0.507,1,"0","Gpbp1"
0.000359688290403467,0.626572717112358,0.54,0.525,1,"0","Zfand5"
0.00661449851774951,0.626387159394766,0.9,0.75,1,"6","Ufc1"
0.000154187747362391,0.62631959490906,0.391,0.236,1,"1","Glo1"
0.00221800671715505,0.62604170424609,0.401,0.332,1,"3","Aga"
0.000752550117206139,0.625952633220366,0.293,0.182,1,"1","Dtnbp1"
0.00520898033654701,0.625940898499438,0.288,0.196,1,"2","Impdh1"
0.00108430546926739,0.624489650581818,0.42,0.383,1,"0","Psmd12"
0.00203200247527815,0.624046052578035,0.215,0.096,1,"5","Zc3h4"
0.000134800725528593,0.623795878896908,0.258,0.103,1,"5","Pitrm1"
0.00425421195255628,0.623583564048579,0.51,0.387,1,"4","Srrt"
0.00096807509393572,0.623464373855475,0.531,0.518,1,"0","Ctxn1"
0.00299379245337828,0.62326425909722,0.424,0.4,1,"0","Mkrn1"
0.00453006324481025,0.623216570082621,0.245,0.151,1,"2","Casd1"
0.000891394688603528,0.623144541409777,0.605,0.541,1,"3","Vimp"
0.00370573411629959,0.622611113202855,0.393,0.303,1,"2","Cpox"
0.000259378504296634,0.622348153647006,0.215,0.084,1,"5","Dbr1"
0.000105460780957042,0.621822518513156,0.409,0.249,1,"1","Zfp277"
0.00590971606026167,0.621490793077442,0.344,0.249,1,"2","S100a13"
0.00605850992741413,0.620826228425916,0.402,0.27,1,"4","Ccdc50"
9.50830823152461e-05,0.62006065727381,0.612,0.577,1,"0","Tpm4"
0.00887057013347508,0.619773886512032,0.294,0.21,1,"2","Mboat7"
0.00941111648033282,0.61896508884153,0.38,0.297,1,"2","Smpd2"
0.00358913550694888,0.618746308005051,0.301,0.196,1,"2","Pkdcc"
0.000546709597733571,0.618416936039205,0.321,0.192,1,"3","Ttll7"
0.000387998578339421,0.618092080935565,0.258,0.109,1,"5","Ccdc61"
0.000878393417595377,0.618059915953849,0.29,0.137,1,"5","B4galt4"
0.00126173142000595,0.617992871093939,0.415,0.375,1,"0","Rpf2"
0.000729708320835901,0.617625582816385,0.344,0.221,1,"1","Raf1"
0.00339244750796461,0.617533075260691,0.433,0.409,1,"0","Creb3"
0.00188928423652612,0.617421646508526,0.471,0.293,1,"4","Kdm7a"
0.00401668218880877,0.617412770938502,0.429,0.342,1,"2","Plxnb2"
0.00011962587949608,0.617244691313659,0.366,0.167,1,"5","Nedd8"
0.00368378593815005,0.617181281198915,0.219,0.131,1,"1","Sppl2b"
0.00481060979895463,0.617015153552145,0.401,0.315,1,"3","Golim4"
8.91876714883486e-05,0.616599296568393,0.446,0.35,1,"0","Dpysl2"
0.000653975036914337,0.616430761563319,0.204,0.082,1,"5","Pigm"
0.000756100320175389,0.616378044985808,0.34,0.217,1,"1","Gm7808"
0.00161814850312017,0.616219268943954,0.237,0.108,1,"5","Gxylt1"
0.0048728745856107,0.61617301266347,0.215,0.126,1,"2","Abcb9"
0.00275051733832346,0.616020313804934,0.317,0.25,1,"0","Ccdc85b"
0.00557095139012044,0.615811617006837,0.539,0.397,1,"4","Pdgfa"
0.000291680427263089,0.615442060027462,0.288,0.161,1,"2","Galnt12"
0.00249948423098549,0.615296802954811,0.432,0.35,1,"3","Rsf1"
0.000959967206541873,0.615274522199783,0.472,0.353,1,"2","Unc119"
0.00851180053809069,0.614747711993873,0.51,0.392,1,"4","Txnrd1"
0.00315311857938272,0.614198735691895,0.457,0.383,1,"3","Cd320"
0.00186383661672787,0.613522776308308,0.429,0.315,1,"2","Dync1h1"
0.00243368207065464,0.612755264447907,0.454,0.365,1,"2","Dpm3"
9.30149011674459e-05,0.612449224676545,0.442,0.279,1,"2","1500011B03Rik"
7.39180534565348e-05,0.612381622043466,0.446,0.36,1,"0","Tmem199"
0.000491561440873201,0.61234848229624,0.716,0.585,1,"4","Snrpb2"
0.00549852513043072,0.612240897853772,0.373,0.243,1,"4","Ciao1"
0.00227141588792939,0.611980012372049,0.446,0.421,1,"0","Gtpbp4"
0.00349742101545038,0.611920448507253,0.27,0.171,1,"1","Pttg1"
0.00519166678456859,0.611901793654262,0.431,0.306,1,"4","Nemf"
0.000270546204934415,0.611687548276725,0.237,0.096,1,"5","1700017B05Rik"
0.000766149141739319,0.611040688328052,0.405,0.281,1,"2","Zfp330"
0.000995544570736941,0.610984526290154,0.519,0.427,1,"3","Fam20c"
0.000112601827990828,0.610637645651928,0.552,0.401,1,"2","Pex7"
0.000304176564990307,0.610402593997883,0.599,0.51,1,"3","Xbp1"
0.00426878982692649,0.610285010937189,0.204,0.095,1,"5","Nudt5"
0.000216848472996434,0.609422104259305,0.618,0.487,1,"4","Pex19"
0.0002130169097598,0.608919519730181,0.442,0.299,1,"2","Cyb561"
0.0040139383307304,0.608859697662575,0.312,0.254,1,"0","Ap2a1"
0.000416707321469069,0.608815398001275,0.265,0.152,1,"1","Cirh1a"
0.0030953472079804,0.608718299017112,0.433,0.413,1,"0","Cdipt"
0.00256457734405254,0.608563483727005,0.426,0.322,1,"3","Fam174b"
0.00314657645328076,0.608300755070984,0.301,0.196,1,"2","Gmfb"
0.00070824098161017,0.607677099969911,0.312,0.192,1,"1","Snapc2"
0.00299664928332188,0.607456613199143,0.402,0.367,1,"0","Apoo"
0.00320197743163819,0.60743869888966,0.405,0.303,1,"2","Ap1m1"
0.00083741553931251,0.607088587037477,0.302,0.188,1,"1","2610528J11Rik"
9.52369284085489e-05,0.606779859577038,0.204,0.072,1,"5","L3mbtl2"
0.000802440639311385,0.606750869729766,0.522,0.506,1,"0","Casp6"
8.36677385827189e-05,0.606699667591634,0.502,0.348,1,"1","Fdx1l"
0.000221303638472532,0.605568599214347,0.363,0.226,1,"1","Tcn2"
0.00742957943003399,0.604926446966816,0.325,0.23,1,"2","Ogfod2"
9.58871085067987e-05,0.604918885941095,0.686,0.481,1,"4","Prdx4"
0.00241912225708731,0.604832477356277,0.282,0.172,1,"2","Basp1"
0.00165506602695459,0.60458275890969,0.228,0.134,1,"1","Hiatl1"
0.000245150393269711,0.604053635487329,0.383,0.246,1,"3","Smap2"
0.000336504447601782,0.603895604669235,0.518,0.495,1,"0","Pex19"
0.00048379885961517,0.603783759897076,0.301,0.138,1,"5","Cyp20a1"
0.00101888913838866,0.603448611851699,0.237,0.105,1,"5","Mfn1"
0.00113246293615291,0.603382451601672,0.42,0.384,1,"0","Polb"
0.00061595622970445,0.603358100363578,0.269,0.121,1,"5","Lactb2"
0.00547383798361553,0.603084950045577,0.364,0.28,1,"3","Flot1"
0.000831338365721258,0.603057045486326,0.54,0.417,1,"2","Mlec"
0.00611278616810697,0.602463394744017,0.233,0.148,1,"1","Psmc3ip"
0.000494958555226409,0.602278971168166,0.429,0.375,1,"0","Ptpn1"
0.00241329818704475,0.601171522986302,0.393,0.286,1,"2","Jak1"
0.000119042007388688,0.601080087332509,0.571,0.415,1,"2","Pgp"
0.000157624441699176,0.600981224632007,0.237,0.093,1,"5","Gcn1l1"
0.000239906175711611,0.600734115400556,0.657,0.514,1,"4","F11r"
0.000319976902315622,0.60062068549062,0.269,0.114,1,"5","Dbt"
0.00911680311807873,0.600615039760642,0.317,0.254,1,"0","Mapk15"
0.00259277659358101,0.60061171450693,0.415,0.385,1,"0","Hnrnpll"
0.000153249284230879,0.600447815442574,0.323,0.141,1,"5","Rgs19"
0.000391707354101762,0.600407551527492,0.657,0.469,1,"4","Asf1a"
0.000121504419743713,0.600257955787445,0.423,0.257,1,"1","Pepd"
8.85286746018107e-05,0.600234492163957,0.626,0.509,1,"2","H13"
0.00183880048112002,0.599979163483937,0.302,0.191,1,"1","Ppif"
0.00144555575295636,0.599668747669903,0.491,0.452,1,"0","Hacd1"
0.00149982439684142,0.599574082022647,0.215,0.095,1,"5","Dgcr8"
8.83798570677625e-05,0.599536599952926,0.522,0.481,1,"0","Wbp4"
0.00268242426589275,0.599448793310873,0.399,0.295,1,"2","Enpp2"
0.000166196610319129,0.599277610328004,0.444,0.321,1,"3","Eif4g3"
0.00357537039476822,0.59877815364833,0.42,0.335,1,"3","Rnf115"
0.000388077857249897,0.598757180679361,0.312,0.185,1,"1","Bop1"
0.000736989691896747,0.598503191373245,0.374,0.25,1,"2","Ppp1r9a"
0.000152228320040145,0.59786124430696,0.202,0.093,1,"2","Wnk3"
0.000167663065492782,0.597701382936539,0.337,0.192,1,"2","Sct"
0.00249977693945344,0.597370721838991,0.202,0.11,1,"2","Jam3"
0.000153956610562078,0.597241776061937,0.27,0.149,1,"1","Mllt3"
9.73196272835978e-05,0.597125903306581,0.485,0.338,1,"2","Fam174a"
0.000122179270389974,0.596989230142808,0.456,0.304,1,"1","Med4"
0.000333969187872851,0.596696729950691,0.376,0.182,1,"5","Znhit6"
0.00152735311884732,0.596592857865976,0.28,0.134,1,"5","Ltbr"
8.19284986236403e-05,0.596547584159258,0.577,0.434,1,"2","Snx4"
0.00152988509357643,0.596014981043356,0.353,0.234,1,"1","Minpp1"
0.00015897364202345,0.5954333350787,0.204,0.074,1,"5","Wdr3"
0.000785104092677135,0.595193258044148,0.577,0.452,1,"2","Hdlbp"
0.000115028537885072,0.594619142520952,0.43,0.203,1,"5","Ankrd10"
0.00297650383377848,0.594605970364384,0.475,0.399,1,"3","Alkbh6"
0.00183766617247692,0.594591284671173,0.312,0.158,1,"5","Zc3hc1"
0.00410025580997909,0.594590279625638,0.95,0.761,1,"6","Krtcap2"
0.000141573444067166,0.594045936392771,0.409,0.257,1,"1","Prmt5"
0.00126889413689076,0.593782997869669,0.27,0.162,1,"1","Cald1"
8.71045485100199e-05,0.593043559851846,0.204,0.072,1,"5","Kansl3"
0.000661451912794726,0.592980388647065,0.355,0.175,1,"5","Abcf2"
0.00725252118572277,0.592871600085753,0.42,0.339,1,"3","Lin7c"
0.00157869417912919,0.592151125970326,0.448,0.337,1,"2","Tgoln1"
0.00118372549736021,0.592145566630003,0.209,0.115,1,"1","Rnf208"
0.000202147938857479,0.591857207489392,0.215,0.082,1,"5","Pls3"
0.00271857327506771,0.591445647308651,0.423,0.321,1,"2","Fam120a"
0.000784075884964915,0.590957160531142,0.395,0.267,1,"1","Zdhhc6"
0.000304820281974355,0.590734870906833,0.528,0.415,1,"2","Dpm2"
0.00415939487620552,0.590551929059199,0.379,0.351,1,"0","Strn4"
0.000256379364689561,0.590055749787241,0.381,0.238,1,"1","Pqlc1"
0.000256683163110783,0.589591266444502,0.455,0.366,1,"0","Klhdc8b"
0.000451320240773108,0.589488336283813,0.333,0.156,1,"5","Cbx4"
0.00359766665887841,0.589110931686106,0.223,0.135,1,"1","Ndufaf1"
0.00169394622609843,0.589091526824764,0.37,0.262,1,"3","Tapbp"
0.00680589519794682,0.588620068391938,0.5,0.366,1,"4","Nelfcd"
7.31741412734508e-05,0.588617853374208,0.589,0.547,1,"0","Naa20"
0.0044021559818289,0.588569127412543,0.657,0.538,1,"4","Txndc5"
0.00105405727037112,0.588432583094907,0.455,0.399,1,"0","Ctsa"
9.66950207416344e-05,0.588380512643555,0.558,0.423,1,"2","Eif1a"
0.000185247679127195,0.58820178555121,0.602,0.348,1,"5","Prkag1"
0.00116950888500703,0.588029823439579,0.226,0.099,1,"5","Sh2d4a"
0.00163152735552541,0.587330752087218,0.215,0.095,1,"5","Stk40"
0.00107198972294005,0.587286378312648,0.479,0.362,1,"2","Mrpl10"
0.000139692952965959,0.587108032735543,0.398,0.181,1,"5","Gart"
0.00118419572781097,0.586568738183518,0.463,0.364,1,"3","Triap1"
0.0007493216505229,0.585742982738304,0.204,0.082,1,"5","Nthl1"
0.00134038799007845,0.58553280774754,0.28,0.133,1,"5","Cpped1"
0.000229026316232686,0.584790523145285,0.247,0.1,1,"5","Rbp2"
0.000197100605939273,0.584588615822401,0.419,0.267,1,"1","Vrk3"
0.000490000884938495,0.584496893701361,0.5,0.404,1,"3","Copa"
0.00010091674457632,0.584394635664653,0.441,0.214,1,"5","Dhx9"
0.004226407144018,0.583653748115535,0.433,0.415,1,"0","Armc1"
0.00568754373642668,0.583300700050307,0.276,0.183,1,"2","Pacrg"
0.00010017306883803,0.583219271409924,0.484,0.239,1,"5","Znhit3"
0.000623447980950485,0.583096852919351,0.618,0.469,1,"4","Pdrg1"
0.00945855543390369,0.582866711159015,0.5,0.385,1,"4","Actn1"
0.00220629892599241,0.582759035745331,0.415,0.371,1,"0","Lrp10"
0.00010919107541651,0.582179974266508,0.47,0.31,1,"1","Aldh1b1"
0.00037548264402411,0.581539441152916,0.528,0.396,1,"2","Tmem9b"
0.000267196443500609,0.581317370759245,0.226,0.089,1,"5","Frk"
0.00381705539513548,0.580703400825771,0.491,0.412,1,"2","Kras"
0.00623851785670455,0.580466747821755,0.399,0.305,1,"2","Dnajc10"
0.00340132128857897,0.580375319156791,0.252,0.152,1,"2","Hspa4l"
0.00166279980772442,0.580059097449949,0.265,0.153,1,"3","Fam43a"
0.00240323082174505,0.579462134373035,0.214,0.124,1,"1","Abhd17c"
7.351061856652e-05,0.579102696029386,0.215,0.094,1,"2","Lhx1os"
0.000354827931818044,0.579096439667198,0.247,0.102,1,"5","Prkcd"
0.00194512606328804,0.578943699434411,0.293,0.187,1,"1","Pus1"
0.000490434244115664,0.577717054371385,0.226,0.093,1,"5","Arhgap17"
0.000156499549101977,0.577545555552407,0.424,0.347,1,"0","Scoc"
0.00119772452984391,0.5775067549632,0.215,0.091,1,"5","Rngtt"
0.000555774750240385,0.577379642587678,0.455,0.401,1,"0","Pam16"
0.00958911271239965,0.576700063253622,0.388,0.367,1,"0","Jup"
0.000540686272486003,0.576492566252952,0.559,0.388,1,"4","Cd151"
0.000291770936382417,0.576183621907465,0.372,0.228,1,"1","Snap23"
0.00203048396862034,0.576078456210182,0.515,0.42,1,"2","Sptbn1"
0.00367340023874146,0.575869306791669,0.301,0.197,1,"2","Abhd8"
0.00447936353375807,0.575798993530401,0.293,0.198,1,"1","Fam133b"
0.00269597918187889,0.575622617524146,0.204,0.091,1,"5","Pkp3"
0.000840360468651292,0.574797411166621,0.552,0.485,1,"2","Sod1"
0.000422137845808515,0.574760770816766,0.226,0.091,1,"5","Tmem43"
0.00987292433412683,0.574430613294529,0.539,0.42,1,"4","Hrsp12"
0.000104501699379739,0.573997037247485,0.437,0.274,1,"1","Pold2"
9.08359825744325e-05,0.573844820682776,0.593,0.494,1,"3","Prkaca"
0.00146238899404107,0.573106523596164,0.429,0.31,1,"2","Supt5"
0.00117453989381855,0.57282073477392,0.466,0.35,1,"2","Ywhag"
0.00799509748067547,0.572730989194082,0.327,0.251,1,"3","Ttc39a"
0.00160217135910696,0.572653053975666,0.534,0.423,1,"2","Mapk1"
0.00140520674763332,0.572115843928874,0.215,0.093,1,"5","Axin1"
0.000561315122045217,0.571849132477366,0.43,0.225,1,"5","Gkap1"
0.00390870734294693,0.571820668148645,0.411,0.364,1,"0","Tnrc6b"
0.00035868224422629,0.570958526693174,0.395,0.256,1,"3","Mllt11"
0.00145693232314334,0.570022926634224,0.469,0.436,1,"0","Glrx2"
0.00520942187822376,0.569873073347936,0.549,0.417,1,"4","Tmem184a"
0.00149456016783531,0.569771560134029,0.444,0.349,1,"3","Kdm5a"
0.00420634110296841,0.569686385574535,0.431,0.277,1,"4","Bfar"
7.32418612259778e-05,0.569495503193181,0.62,0.451,1,"2","Stx7"
0.00294164592993424,0.569233622502888,0.21,0.115,1,"3","Elavl4"
8.38531468152453e-05,0.569206365107442,0.495,0.246,1,"5","1700021F05Rik"
0.00363760617753791,0.568628067024359,0.242,0.148,1,"1","Cwc27"
0.00158350216786088,0.568230653105734,0.247,0.143,1,"1","Sbsn"
0.00119058397869573,0.56738662504099,0.288,0.175,1,"1","Znhit6"
0.00917255094481917,0.566815908037941,0.265,0.175,1,"1","Psmb10"
0.00976364523946967,0.566703958690776,0.259,0.168,1,"3","Rab27a"
0.0007400148472916,0.565982907065976,0.417,0.281,1,"2","Znhit2"
0.00950443342497025,0.565628885778913,0.344,0.311,1,"0","Clcn4"
0.00468504673910988,0.565441736773756,0.259,0.165,1,"3","Camk2g"
6.91573165940548e-05,0.564837970316728,0.301,0.123,1,"5","Cdc27"
0.000501236860143122,0.564456303668441,0.374,0.244,1,"2","Smpd1"
0.00114252220941591,0.564230235452839,0.237,0.105,1,"5","Sipa1l1"
0.00210051860960707,0.563724593393703,0.466,0.355,1,"2","Capsl"
0.000980551968253964,0.563623164620034,0.411,0.289,1,"2","2300009A05Rik"
0.000375989494625372,0.563276852875789,0.247,0.103,1,"5","Tank"
0.00377080278152063,0.563042461909775,0.49,0.356,1,"4","Svbp"
6.29974317281079e-05,0.562778202479455,0.441,0.202,1,"5","Akip1"
7.40807534662533e-05,0.562536827346075,0.746,0.738,1,"0","Ubc"
0.000293296248901892,0.562273421765593,0.331,0.189,1,"2","Sesn2"
6.97301005900913e-05,0.561585395636803,0.46,0.295,1,"1","1500011K16Rik"
0.000194715246203022,0.561439585857336,0.258,0.104,1,"5","Zfp1"
0.00323426322548482,0.560872323870821,0.543,0.459,1,"3","Tiprl"
0.000167050138156155,0.560577825247736,0.269,0.111,1,"5","Taf1"
0.000244490886871103,0.56052150474464,0.28,0.119,1,"5","D10Wsu102e"
0.000185881646002349,0.560290295424977,0.269,0.111,1,"5","Ints5"
0.00234306681993667,0.560241440102718,0.368,0.252,1,"2","F8a"
0.000314174070742483,0.559209128778672,0.204,0.078,1,"5","Zadh2"
0.000125595678965775,0.558465312793058,0.586,0.447,1,"3","Akirin1"
0.000111864127128301,0.558099062927356,0.376,0.172,1,"5","Mal2"
0.00165656558014299,0.557334505819405,0.204,0.088,1,"5","Mms19"
0.00389453919279038,0.556846231668872,0.307,0.2,1,"1","Gm12942"
0.000929845309891646,0.556796416526358,0.219,0.123,1,"1","Car8"
0.00014430888538764,0.556775330323567,0.747,0.699,1,"3","Calm3"
8.18737224289123e-05,0.556732082887859,0.323,0.134,1,"5","Src"
0.00202909935222554,0.556649760772974,0.497,0.388,1,"2","Ppp1r35"
8.06548452986764e-05,0.556215926041737,0.367,0.223,1,"1","Ppic"
0.000118540142942925,0.556085376053249,0.409,0.192,1,"5","Bop1"
0.00621767917642729,0.555948523363263,0.215,0.129,1,"2","Slc35g2"
0.00321338529626708,0.555761622823118,0.405,0.303,1,"2","As3mt"
0.000496165000439762,0.555758453591603,0.312,0.186,1,"1","Dcaf12"
0.0036136021476386,0.555434985650779,0.95,0.868,1,"6","Cope"
0.000659132184096495,0.555411445030515,0.326,0.237,1,"0","Dusp1"
0.000299842761335375,0.555046548130921,0.574,0.474,1,"3","Slc25a39"
0.000487268860192097,0.555012056538604,0.552,0.441,1,"2","Mycbp"
0.000175404094197587,0.554844391772427,0.616,0.6,1,"0","Fam216a"
0.00538098419363927,0.55452385050672,0.2,0.122,1,"1","Ptges2"
0.00174307029285914,0.554207355605856,0.228,0.132,1,"1","Echdc1"
0.00576003535802343,0.554062350886681,0.424,0.4,1,"0","Fyttd1"
7.589812639372e-05,0.553916979471019,0.567,0.398,1,"1","Tsen15"
0.000217449647211429,0.553384988811704,1,0.987,1,"6","Itm2b"
0.00439056583710336,0.553337135037909,0.481,0.405,1,"3","Tmem9b"
0.0031031571374646,0.552909676117492,0.559,0.413,1,"4","Uba52"
0.0050985786673359,0.551281324495459,0.441,0.312,1,"4","Asl"
0.00015944797181059,0.551265151455692,0.591,0.421,1,"1","Hax1"
0.00817329725734361,0.551075291521336,0.233,0.151,1,"1","Noc2l"
0.000142811208492665,0.550642698054791,0.577,0.451,1,"2","Tor2a"
9.8963706604349e-05,0.550476051888761,0.591,0.309,1,"5","Psme3"
0.00944161754731354,0.550472347314983,0.401,0.323,1,"3","Zranb1"
0.00672161728878725,0.55045874468438,0.223,0.141,1,"1","Plxnb1"
0.000167261289462967,0.550237094228946,0.71,0.419,1,"5","U2surp"
0.000532246530702347,0.55022440063275,0.258,0.112,1,"5","Zfp639"
0.00024625865479017,0.549936041449678,0.237,0.095,1,"5","Tsr1"
0.000382045202390051,0.549862697535249,0.355,0.169,1,"5","Uhrf1bp1l"
0.000800705439718024,0.549324169086232,0.205,0.109,1,"1","Esrp2"
9.82234123597497e-05,0.54879082282961,0.591,0.3,1,"5","Cs"
0.000501289405303825,0.548654166251914,0.28,0.126,1,"5","Cfi"
0.000648756781836983,0.548295810830794,0.215,0.088,1,"5","Rnd3"
0.000126229403609942,0.54801989773,0.387,0.179,1,"5","Cpsf2"
0.00179362947742241,0.547945709536886,0.274,0.169,1,"1","Acp6"
0.00965304896162634,0.547815943382015,0.38,0.299,1,"2","Trabd"
0.000111535383085067,0.547813373512362,0.484,0.242,1,"5","Ctcf"
0.000792302274885779,0.547672779580437,0.215,0.089,1,"5","Tubgcp3"
0.00220246869404684,0.547392566561829,0.497,0.368,1,"2","Atf6b"
0.000453699335889889,0.546837955215051,0.618,0.436,1,"4","Gstm1"
0.000701030341620499,0.546472180656397,0.4,0.266,1,"1","Atp1b3"
7.64871909676544e-05,0.546422360319802,0.535,0.366,1,"1","Gar1"
0.000222501718414503,0.54634320214747,0.237,0.094,1,"5","Fadd"
0.000490973144975988,0.546334141113352,0.571,0.579,1,"0","Ik"
0.007663963661147,0.545867798523834,0.457,0.375,1,"3","Mrpl1"
7.67393545679572e-05,0.545770619847725,0.269,0.104,1,"5","Fam195a"
0.00234093816300962,0.545765207545371,0.2,0.113,1,"1","Noa1"
0.000543005675127165,0.545658459416234,0.509,0.469,1,"0","Ginm1"
0.000158432734654884,0.54493357907839,0.699,0.394,1,"5","Slc35b2"
0.00333466784562397,0.544663588169418,0.26,0.161,1,"1","Pigu"
0.00144563809909363,0.544480417980897,0.205,0.113,1,"1","Top3b"
0.00313533352991959,0.544034510357119,0.397,0.358,1,"0","Idnk"
0.00276918599385302,0.543947424365284,0.539,0.403,1,"4","Prox1"
0.00720625511630538,0.543865611491284,0.539,0.423,1,"4","Ythdf2"
0.000810932193233252,0.543782480155778,0.473,0.258,1,"5","Mfsd10"
0.00239908585049331,0.543717138508096,0.428,0.313,1,"1","Knop1"
0.000348427134509371,0.543517691953023,0.326,0.196,1,"1","Coa4"
0.000101758241050591,0.543203425890887,0.731,0.459,1,"5","Mrpl40"
0.00712311663117194,0.543099488602562,0.356,0.255,1,"2","Spg7"
0.000248768436445182,0.542753109481841,0.247,0.099,1,"5","Rbm15"
0.00437910298156928,0.542564843410404,0.242,0.151,1,"1","Mri1"
0.00998547636997684,0.542112814780071,0.239,0.156,1,"2","0610009L18Rik"
0.00236231202403129,0.54180036473593,0.556,0.46,1,"3","Rad21"
9.64801693221125e-05,0.541749685578447,0.247,0.095,1,"5","Sh3d19"
0.0018826336489793,0.541649424264418,0.598,0.45,1,"4","Lzts2"
0.00214742680103638,0.541600013808868,0.509,0.406,1,"2","Bola1"
0.000366737713348456,0.541454220766395,0.312,0.14,1,"5","Mogs"
0.00097648124473255,0.541396708548033,0.316,0.194,1,"1","Yars"
0.0024649693548476,0.541061846699952,0.269,0.129,1,"5","Cstf1"
0.000261427882093509,0.540996817462252,0.505,0.267,1,"5","Nop58"
0.000309571265792285,0.540731783680188,0.463,0.355,1,"3","Unc119"
0.00444731815826492,0.540566813294132,0.226,0.107,1,"5","Prpf3"
0.00105887184704784,0.540450111800157,0.247,0.112,1,"5","Pon2"
0.00115972992504595,0.540133717686996,0.426,0.305,1,"3","Tshz1"
0.00152585979743254,0.540129328098199,0.269,0.126,1,"5","Nsdhl"
0.000367605894279109,0.539737464151989,0.323,0.148,1,"5","Pard6g"
0.00169094853819469,0.539706756471827,0.377,0.257,1,"1","Gbas"
0.0043767944923192,0.539632677585746,0.95,0.887,1,"6","Prkar1a"
0.00014793742099514,0.539461884561098,0.742,0.438,1,"5","Mrpl49"
0.00399152048192322,0.539450588624965,0.471,0.323,1,"4","Knop1"
0.00685840037595506,0.539245430929531,0.216,0.111,1,"4","Miat"
0.00150796730760738,0.53860150408659,0.26,0.156,1,"1","Gm10093"
0.00513413719890798,0.53832881906768,0.237,0.149,1,"1","Vps26a"
0.000207606370131072,0.538299605594094,0.333,0.148,1,"5","Ppox"
0.000211510927849071,0.537756909197188,0.571,0.531,1,"0","Med25"
0.000513556263373809,0.537744970424378,0.298,0.173,1,"1","Ado"
0.000547130159265326,0.537653024967779,0.745,0.591,1,"4","Rbmxl1"
0.000952801825471097,0.537514965391422,0.215,0.09,1,"5","2700097O09Rik"
0.000388217359673114,0.537413857729972,0.538,0.295,1,"5","Rrs1"
0.00183158247793391,0.537201022709218,0.647,0.474,1,"4","N6amt2"
0.00190614830927562,0.535879313339847,0.559,0.407,1,"4","Slc35b2"
0.00803659123408962,0.535742616274939,0.357,0.279,1,"0","C2cd4b"
0.00227035093925332,0.534712787361217,1,0.822,1,"6","Bex2"
0.00431841644418407,0.534415815038328,0.293,0.194,1,"1","Pes1"
0.00316139110981283,0.534283104267531,0.215,0.098,1,"5","Ipp"
0.000163201065507871,0.533761598555884,0.355,0.156,1,"5","Ptdss2"
0.00173037287003585,0.533328080956939,0.312,0.16,1,"5","Fam101b"
0.00148658903678103,0.53332544405696,0.247,0.114,1,"5","Naf1"
0.00735161577289938,0.532874758790528,0.497,0.411,1,"2","Nkiras2"
7.91840341609943e-05,0.532665531739361,0.648,0.548,1,"3","Yipf3"
0.000300667037082504,0.532463644110604,0.673,0.61,1,"3","Eid1"
0.000949030109914459,0.532290863187822,0.558,0.444,1,"2","Ndufa12"
0.00020744357916114,0.53185770478935,0.344,0.155,1,"5","Zzz3"
0.000799063514347963,0.531749164475963,0.46,0.413,1,"0","Dctn6"
9.59069831014427e-05,0.531740051774706,0.892,0.722,1,"4","Hnrnpm"
0.000359563844904212,0.531444522249032,0.405,0.254,1,"1","Bcam"
0.00126395272454423,0.531414690634887,0.226,0.098,1,"5","Uaca"
0.00069308594322251,0.531030856583688,0.527,0.282,1,"5","Rab9"
0.0023605386703145,0.531026072129067,0.377,0.254,1,"1","Armc10"
0.00439933067789076,0.531001916710737,0.49,0.356,1,"4","Upf3b"
0.000271179287453524,0.530692993340451,0.28,0.12,1,"5","Dvl2"
0.00152921063926575,0.530590726415672,0.407,0.291,1,"3","Gm561"
0.000491135041299335,0.530590022535851,0.247,0.104,1,"5","Rnf38"
0.000146284345919362,0.530338235768029,0.312,0.135,1,"5","Comtd1"
0.000632225254133796,0.530094473684333,0.204,0.081,1,"5","Cntrl"
0.00204501374166716,0.529595322256506,0.237,0.109,1,"5","Fggy"
0.0011465974268715,0.529245128881502,0.284,0.171,1,"1","1810022K09Rik"
0.00281328067028571,0.529213986649413,0.42,0.317,1,"3","Baz2b"
0.00228738280325043,0.529119912241715,0.469,0.429,1,"0","Fxr1"
0.00200646835853601,0.528706289933222,0.344,0.257,1,"0","Gnao1"
0.00917693936657773,0.528441639784943,0.343,0.211,1,"4","Fam135a"
0.000336180500538506,0.528126030639496,0.484,0.255,1,"5","Fam58b"
0.00126362342280711,0.528121956216308,0.215,0.093,1,"5","Bri3"
0.00844606028869142,0.528022044629194,0.411,0.325,1,"2","Slc38a10"
0.000155391985781741,0.527802628693703,0.527,0.47,1,"0","Cmip"
0.00203225361636922,0.527201777038188,0.344,0.229,1,"1","Pum3"
0.000446672407664843,0.526359863758217,0.414,0.291,1,"3","Kdm7a"
0.000723444991896778,0.526103073770873,0.419,0.218,1,"5","Ddx27"
8.96636961580264e-05,0.526068583271437,0.247,0.094,1,"5","Pcnt"
0.000414994662518075,0.526044190587543,0.735,0.615,1,"4","March5"
0.00790073886850494,0.525833886536001,0.95,0.859,1,"6","Hspa5"
0.000363600877530085,0.525682596959888,0.386,0.236,1,"1","Cdk7"
8.33121808426069e-05,0.525620607480868,0.301,0.124,1,"5","Zfp512"
0.00282469896311207,0.525098075114801,0.302,0.194,1,"1","Colgalt1"
0.000793944281320451,0.524996017687132,0.423,0.28,1,"1","3830406C13Rik"
0.00068722394677476,0.52499433031633,0.247,0.107,1,"5","Git1"
0.00102284000842744,0.524729075006458,0.288,0.177,1,"1","Rtkn"
0.00693835252668771,0.524663717999718,0.219,0.135,1,"1","Il3ra"
0.00512362265854035,0.524558602482879,0.509,0.505,1,"0","Sugt1"
0.00754648435801228,0.524505237175018,0.209,0.13,1,"1","Saal1"
0.00171658653580335,0.524465787538987,0.26,0.156,1,"1","Trnt1"
0.000962822417332946,0.524142898572724,0.215,0.09,1,"5","Uspl1"
0.00680424319752256,0.523883255916222,0.288,0.192,1,"1","Kat2a"
0.000164462570182114,0.523785491808085,0.474,0.314,1,"1","Cdk9"
0.00209661559045713,0.52372475754727,0.509,0.485,1,"0","Cdc42se1"
0.000164419882209227,0.523588077038835,0.355,0.158,1,"5","Mettl5"
0.000435438085778111,0.523465115316669,0.258,0.111,1,"5","Naa16"
0.00313299519806869,0.523419223411785,0.451,0.417,1,"0","Nkiras2"
0.00137729533730243,0.523404260590016,0.204,0.086,1,"5","Dpp8"
0.000935565166197808,0.52311149629393,0.387,0.199,1,"5","Nol11"
0.000139522643434058,0.522988071980944,0.46,0.301,1,"1","Adss"
0.000133310852995008,0.522757174611766,0.843,0.772,1,"4","Tmed4"
0.000257340739172768,0.522523148645121,0.562,0.455,1,"3","Gnai3"
0.000198253728256539,0.522479366313969,0.538,0.282,1,"5","Mrpl45"
0.000718007580439715,0.522417933497523,0.502,0.338,1,"1","Dnal4"
6.31617230440516e-05,0.522232492466526,0.57,0.308,1,"5","Klf6"
0.000121236931236033,0.521662882014755,0.623,0.497,1,"3","Cltb"
0.00443310931184662,0.521547370583922,0.42,0.33,1,"3","Sptan1"
0.00611710512376503,0.521361882475901,0.559,0.447,1,"4","Carhsp1"
0.000118316958532354,0.521123439080854,0.516,0.254,1,"5","Pck2"
0.000942341487521737,0.520956870914218,0.387,0.198,1,"5","Uxt"
0.00226576911094458,0.520449178190784,0.5,0.473,1,"0","Ddx6"
0.000151662829242728,0.520275929177414,0.849,0.538,1,"5","Nsmce1"
0.00131466714857195,0.520132235140201,0.316,0.198,1,"1","Nudt8"
0.00327622269438351,0.520081408419402,0.46,0.436,1,"0","Hspb11"
0.000854695477957689,0.520010311057698,0.54,0.417,1,"2","Ccdc28b"
0.000270772564477401,0.519935516392667,0.699,0.464,1,"5","Shisa5"
0.00667806184184293,0.519553448495345,0.496,0.511,1,"0","Caprin1"
0.00133165972324534,0.519135997059264,0.33,0.219,1,"1","2610035D17Rik"
0.00814414313433645,0.518486470432421,0.46,0.37,1,"2","Yipf5"
0.00145184519296762,0.518474904897354,0.269,0.125,1,"5","Ccnk"
0.000277614180167429,0.518314504522134,0.531,0.493,1,"0","Mtpn"
0.000326684351318373,0.518256417044554,0.298,0.17,1,"1","Poglut1"
0.000441845188483196,0.517863760170553,0.366,0.175,1,"5","2810474O19Rik"
0.000642963196290273,0.517410316121485,0.335,0.209,1,"1","Tars"
0.000131009842336817,0.517291930659609,0.58,0.448,1,"3","Copg1"
0.0067069416490071,0.517177581408249,0.412,0.293,1,"4","Kcmf1"
0.000303246965901909,0.516939333043757,0.366,0.172,1,"5","Diaph1"
0.00051538659756834,0.516569424616136,0.256,0.144,1,"1","Ovol2"
0.00116474557684096,0.516416658711179,0.419,0.226,1,"5","Rnf128"
0.00140117885195482,0.516108779236241,0.536,0.526,1,"0","Rtf1"
0.00265983568022186,0.516004865410018,0.27,0.168,1,"1","Diaph1"
0.000106629250199841,0.515833144212628,0.595,0.416,1,"1","Pex2"
0.00498746813224433,0.515485543448491,0.506,0.425,1,"3","Tmem106c"
0.00250829801978454,0.515432905375908,0.512,0.436,1,"3","Thap11"
6.45265910421095e-05,0.515391038454024,0.747,0.695,1,"3","Tmem176a"
0.000656447754648426,0.515262597659818,0.488,0.327,1,"1","Apip"
0.00457455018790304,0.51523638740775,0.549,0.425,1,"4","Tmem128"
0.00859457290567029,0.514834903059835,0.461,0.338,1,"4","Nt5c2"
0.00148086719362689,0.514580021024163,0.398,0.212,1,"5","Khk"
0.00160492561797151,0.514543361461427,0.237,0.106,1,"5","Fbxw8"
0.00293526209488293,0.514484342732311,0.247,0.122,1,"5","Akap7"
0.00078667916397172,0.513902341801836,0.223,0.122,1,"1","Tatdn1"
0.00711826737596571,0.513028346568906,0.205,0.126,1,"1","Ints12"
0.00995559657049451,0.51274995917159,0.411,0.383,1,"0","Sbno1"
0.000266952954379081,0.512721913996983,0.409,0.195,1,"5","Baz1a"
0.00444332180934452,0.512719264226454,0.424,0.395,1,"0","Yrdc"
0.0070053313343584,0.512449799131931,0.422,0.291,1,"4","Cmc1"
0.00158549422616621,0.512356695110917,0.237,0.107,1,"5","Champ1"
0.00145238866544364,0.512168171888261,0.491,0.468,1,"0","Tiprl"
0.000146438152197425,0.512002344946239,0.237,0.09,1,"5","Cpsf1"
0.00114450672456744,0.511651829605391,0.636,0.601,1,"3","Wdr83os"
0.000546317464044436,0.51164283935396,0.355,0.169,1,"5","Plekhf2"
0.00520589969465791,0.511377624836211,0.9,0.713,1,"6","Akr1c19"
0.000477701925143637,0.510353319141453,0.817,0.518,1,"5","Mrps28"
0.000200986991087862,0.510228563822672,0.691,0.576,1,"3","Fnta"
0.00140654942252664,0.509852083715118,0.204,0.087,1,"5","Bcl11b"
0.00434705017546748,0.509570751330766,0.233,0.143,1,"1","Cln5"
0.00671009897830037,0.50953300899131,1,0.696,1,"6","Camk2n1"
0.00246647746407511,0.509529432873424,0.377,0.266,1,"1","Nop58"
0.00144724626619762,0.509394149178981,0.269,0.126,1,"5","Asap1"
0.000442273279652476,0.509064789875044,0.226,0.091,1,"5","4931406P16Rik"
0.0043382441037713,0.508853502513719,0.593,0.53,1,"3","Med25"
0.00179290158329208,0.508729348716981,0.424,0.358,1,"0","Ankrd54"
7.20890497112655e-05,0.508603873287692,0.474,0.301,1,"1","Rassf7"
0.00241246711376749,0.50847216433351,0.522,0.521,1,"0","Psmd11"
0.00290917868603326,0.507702606474834,0.409,0.222,1,"5","Letm1"
0.000141507901004087,0.507332928732154,0.474,0.314,1,"1","Cdpf1"
0.008020891761179,0.507176926332827,0.471,0.341,1,"4","Ebpl"
0.000135564809943782,0.506774664130779,0.452,0.209,1,"5","Endog"
0.000212073530071461,0.506594647525932,0.441,0.211,1,"5","Nup50"
0.00209735321401898,0.506295339826836,0.735,0.571,1,"4","Mrpl11"
0.00180288801456956,0.505890070852341,0.377,0.251,1,"1","Slc35f5"
0.00383533785050417,0.505852870105715,0.5,0.352,1,"4","Brcc3"
0.000101659422920339,0.50581890533175,0.892,0.668,1,"5","Mtdh"
0.000128825184272029,0.505680271323232,0.516,0.257,1,"5","Pgm2"
7.1211876156676e-05,0.505559704449387,0.527,0.26,1,"5","Bri3bp"
0.000142513754852492,0.505542745278023,0.495,0.245,1,"5","Phf20"
0.000383768635012282,0.505215980959258,0.29,0.126,1,"5","Cox10"
0.000184364616354016,0.504394307893758,0.559,0.284,1,"5","Lonp1"
0.00025060881183714,0.504311442500093,0.625,0.638,1,"0","Selt"
0.000457521232970888,0.50409195376305,0.258,0.108,1,"5","Coil"
0.000114126220267638,0.504019153996988,0.567,0.364,1,"1","Cers2"
0.00831216326561852,0.50316235269075,0.214,0.132,1,"1","Mtg2"
0.00866591168942576,0.502879969347633,0.455,0.452,1,"0","Rchy1"
0.00264519492442028,0.502675784779257,0.27,0.166,1,"1","Ttc32"
0.00775548918474996,0.502213120157402,0.525,0.457,1,"3","Rnf11"
0.000195197383902093,0.502048733961284,0.675,0.542,1,"2","Nucb1"
0.0018103821528773,0.502027794306953,0.326,0.207,1,"1","Msh2"
0.00133307693990917,0.501255864899044,0.654,0.588,1,"3","Anxa6"
0.000390300572397965,0.501103328772215,0.409,0.199,1,"5","Ipo7"
0.000443991635971541,0.500703107485798,0.546,0.428,1,"2","Mgst3"
0.00147707226569925,0.500624642841396,0.226,0.099,1,"5","Pygo2"
0.000765263478099024,0.50003468659664,0.28,0.126,1,"5","Tfap4"
0.000628183822021988,0.500030755853788,0.451,0.296,1,"1","Ccm2"
0.00436246176261771,0.499372390531704,0.598,0.468,1,"4","Mycbp2"
0.000696055892089733,0.499170146323167,0.29,0.131,1,"5","Mapkap1"
0.00534194507253132,0.499164356970757,0.256,0.16,1,"1","Dtnb"
0.00726024558129805,0.499121951854715,0.42,0.353,1,"3","Fgfr1op2"
0.000111562658798353,0.498884043266591,0.571,0.499,1,"0","Klf13"
0.000222904095469388,0.498848990352589,0.247,0.099,1,"5","Tagap1"
0.00377654473046316,0.498808953567084,0.716,0.568,1,"4","Dhrs4"
7.03308398558373e-05,0.498655491930921,0.6,0.408,1,"1","Papss1"
0.004591563136673,0.498642106763723,0.497,0.385,1,"2","Sdhaf1"
0.000519751506774439,0.498292286234108,0.765,0.66,1,"4","Rbbp4"
0.00273938213426994,0.498239117604915,0.237,0.111,1,"5","E2f6"
0.00241626428344257,0.498076491841865,0.556,0.518,1,"3","2210016L21Rik"
0.000291856292045568,0.498060289681466,0.644,0.564,1,"2","Rrbp1"
0.000217186751960394,0.497756578334978,0.661,0.705,1,"0","Strap"
0.0057772922380494,0.49745756530561,0.255,0.139,1,"4","Slc2a5"
0.000157826092999175,0.497338662434634,0.366,0.165,1,"5","Dxo"
0.00196274738353071,0.497267645931552,0.571,0.461,1,"2","Pdzd11"
0.00706662283047982,0.496490706049133,0.5,0.349,1,"4","Mpst"
0.000257650951309158,0.496353351537363,0.376,0.177,1,"5","R3hdm1"
0.000350290394500898,0.496344988107966,0.323,0.149,1,"5","Tenm4"
0.00651690027189258,0.496288632213688,0.469,0.44,1,"0","Ccdc8"
8.74602214832198e-05,0.496227894421307,0.538,0.272,1,"5","Mettl1"
0.000713178585399767,0.496112646519046,0.237,0.1,1,"5","Ppt2"
0.00188495459923762,0.495830556141388,0.355,0.186,1,"5","Hacd3"
6.86658262806346e-05,0.495539055644724,0.57,0.302,1,"5","Cbx1"
0.000317258890284937,0.495204491696684,0.593,0.496,1,"3","Smc6"
0.000353584494732563,0.495011804339048,0.43,0.212,1,"5","Esrp1"
0.00374647321852902,0.494568204697369,0.528,0.43,1,"2","Hexa"
0.00481821501625064,0.494535196220512,0.586,0.559,1,"3","Nucb1"
0.00143472259077642,0.494136476275093,0.29,0.139,1,"5","AU022252"
6.36180303200956e-05,0.493298836715041,0.675,0.537,1,"2","Rock1"
0.00301428574715158,0.49306189463494,0.269,0.132,1,"5","Ctnnal1"
0.00348746237365437,0.493017730302171,0.276,0.167,1,"2","Meis3"
0.00183006014619751,0.492930168463967,0.595,0.511,1,"2","Slmo2"
0.00139222172431447,0.492470006826322,0.363,0.24,1,"1","Tmem5"
0.000107586393688378,0.492467708897664,0.763,0.426,1,"5","Commd2"
0.0034064042171624,0.492448210480604,0.226,0.106,1,"5","Ndufaf6"
0.000220441778221853,0.492330050116963,0.558,0.397,1,"1","Bre"
0.00104806690169982,0.491302473032617,0.755,0.664,1,"4","Hdac1"
9.18813258356616e-05,0.491199034761858,0.753,0.428,1,"5","Utp11l"
0.0013467352751435,0.490483208962222,0.442,0.306,1,"1","BC003965"
8.66381873066456e-05,0.490366092859,0.763,0.44,1,"5","Mrpl13"
0.000382394243941164,0.489740888086285,0.269,0.115,1,"5","Ldlrad3"
0.00157236642797897,0.48964435502833,0.307,0.191,1,"1","Amd1"
0.00511285696306309,0.488963929394523,0.472,0.379,1,"2","Trnau1ap"
0.00975675348315451,0.488413763483269,0.569,0.46,1,"4","Tmem242"
0.00425231737681707,0.488330460968209,1,0.936,1,"6","Sep15"
0.000755476776350703,0.488272770340978,0.429,0.304,1,"2","Alkbh7"
0.00146572633985734,0.488147857203966,0.484,0.339,1,"1","Msi2"
0.000202064897315204,0.488014311050783,0.516,0.261,1,"5","Mex3a"
0.00178226206624167,0.487887801589676,0.42,0.306,1,"3","Cxx1b"
6.60622195308296e-05,0.487856688000454,0.687,0.589,1,"2","Ssr3"
6.27707370971965e-05,0.487747081339619,0.701,0.697,1,"0","Ube2r2"
0.000642140034723605,0.487612432786771,0.502,0.343,1,"1","Mat2b"
0.00192614502160535,0.48698240508125,0.58,0.536,1,"3","Usp34"
0.000726285441691261,0.486813109072048,0.366,0.183,1,"5","Ado"
0.00816349343335948,0.486549347094265,0.209,0.127,1,"1","Isg20l2"
7.28961649277973e-05,0.486455143852444,0.705,0.691,1,"0","Idh3g"
0.000110057859147883,0.486193562428161,0.656,0.479,1,"1","Rpl13a-ps1"
0.000136381184873093,0.486119149596899,0.355,0.156,1,"5","Rell1"
0.00407050454136862,0.486051708146676,0.288,0.185,1,"1","Lmbrd1"
0.000234332954974449,0.485944944406324,0.442,0.284,1,"1","Lpp"
0.00954265824567209,0.485864603562005,0.331,0.227,1,"2","Necab2"
0.000124428400094873,0.485666118689841,0.642,0.471,1,"1","Dars"
0.000105531582937967,0.485379697116184,0.871,0.609,1,"5","Tomm40"
9.09811605256595e-05,0.485359662616281,0.344,0.146,1,"5","Arl5a"
0.00218811244946173,0.485340024466131,0.258,0.122,1,"5","Pde12"
0.00120305676970847,0.48533745024305,0.479,0.36,1,"2","Snx15"
0.000343973093806322,0.485286567539723,0.452,0.221,1,"5","Ccdc86"
7.72030085938532e-05,0.485097438329462,0.57,0.286,1,"5","Hacd2"
0.000272156630852058,0.485039876594339,0.484,0.309,1,"1","Ktn1"
0.00345798257501287,0.485019626680555,0.446,0.399,1,"0","Map2k1"
0.0017831965469439,0.484970645391938,0.512,0.412,1,"3","Kif21a"
0.00174098393176506,0.484769117931211,0.784,0.649,1,"4","Vps72"
0.000597371792930255,0.484594058569901,0.344,0.163,1,"5","Nnt"
0.00221649160862078,0.484586112932471,0.312,0.16,1,"5","Fmr1"
0.00196683789219987,0.484354562281538,0.204,0.088,1,"5","Flnb"
0.000376425670901057,0.484308159511664,0.29,0.126,1,"5","Vcpkmt"
0.000241952930908716,0.484044672338374,0.301,0.129,1,"5","Brd9"
8.76500641082688e-05,0.483973813711178,0.73,0.621,1,"2","Tuba4a"
0.000149751599800084,0.483782959027031,0.665,0.674,1,"0","Akirin2"
0.0061967960563556,0.483782180403795,0.237,0.122,1,"5","Sox11"
0.000127790088538243,0.483620781195061,0.398,0.179,1,"5","Nom1"
0.00548618907417006,0.483490140043828,0.288,0.188,1,"1","Zscan21"
0.0014921951208091,0.483454657894068,0.269,0.124,1,"5","Tmem30b"
0.00189264077711015,0.483245065982048,0.226,0.1,1,"5","Zfp598"
0.000383229271173779,0.482050812759149,0.323,0.143,1,"5","Oxnad1"
0.00010324867304134,0.481750836029711,0.613,0.314,1,"5","Midn"
0.000124730338672325,0.48136564466958,0.817,0.498,1,"5","Dnajc15"
0.000207519483354618,0.481294608030867,0.602,0.324,1,"5","Rps6kb1"
0.00224412332651659,0.481179953209693,0.219,0.126,1,"1","Pbx3"
0.00395876983919861,0.480954747927827,0.4,0.291,1,"1","Gnpnat1"
0.00195880802242132,0.480793900703101,0.527,0.503,1,"0","Pdhb"
0.00489865393467042,0.480545212482419,0.302,0.2,1,"1","Ndufaf7"
0.00684044143064214,0.480351058122113,0.487,0.501,1,"0","Ngdn"
8.27008295170684e-05,0.480239515504255,0.344,0.144,1,"5","Zfp131"
0.00549763595550809,0.479949322557741,0.543,0.498,1,"3","Tmem126a"
7.0638861165767e-05,0.479911627246714,0.674,0.65,1,"0","Cript"
0.00188467267923011,0.47941818212325,0.367,0.24,1,"1","Qars"
0.000871939777771697,0.47932557710772,0.376,0.188,1,"5","Las1l"
0.00214469690859005,0.479209468172784,1,0.975,1,"6","Sec61b"
0.0011600297982407,0.479185166592013,0.772,0.742,1,"3","Saraf"
0.000236594244962774,0.479054331344276,0.366,0.166,1,"5","Ptpn2"
0.000179523003736195,0.478748253800644,0.558,0.376,1,"1","Cbx5"
7.21453104849739e-05,0.478666073706007,0.677,0.351,1,"5","Fdx1l"
7.2536414363091e-05,0.477961558256214,0.409,0.179,1,"5","Vwa9"
0.00805986330240026,0.477956462927565,0.226,0.114,1,"5","Tbl3"
0.000259216368302886,0.477942166857933,0.28,0.119,1,"5","Elovl7"
0.000231121101865321,0.477692655115584,0.712,0.592,1,"2","Anapc13"
0.00300367639296904,0.476837413178191,0.344,0.229,1,"1","Timm21"
0.000199718531498526,0.47671007183382,0.474,0.301,1,"1","Lcmt1"
0.0013556654632076,0.476681470125976,0.429,0.375,1,"0","Magohb"
0.0018187552074103,0.476646020572316,0.358,0.232,1,"1","Zc3h18"
0.00404420823176037,0.476534984644616,0.247,0.125,1,"5","Ces1d"
0.000714812707980426,0.47649875759775,0.57,0.323,1,"5","Cd2ap"
0.0013396219959029,0.476115095615356,0.298,0.179,1,"1","Cacul1"
0.00121864593860616,0.47584410285659,0.423,0.28,1,"1","Mpg"
0.0018337352363703,0.475038003031633,0.647,0.494,1,"4","S100a1"
0.00211502923155384,0.474961797899362,0.204,0.089,1,"5","Plscr1"
8.23569877931182e-05,0.474954678060713,0.46,0.281,1,"1","Ptrh2"
0.00455552943591373,0.474689767575881,0.437,0.327,1,"1","Hipk2"
0.00388590671146897,0.47405651253809,0.26,0.161,1,"1","BC003331"
0.000344982047934184,0.473946752960193,0.549,0.503,1,"0","Jkamp"
0.000160160264148473,0.473903654236699,0.237,0.091,1,"5","E130308A19Rik"
0.000601277885128254,0.473586521355075,0.554,0.54,1,"0","Stk11"
0.00105973875901534,0.473553333407359,0.654,0.578,1,"3","1110065P20Rik"
0.00573185717979638,0.472732959265488,0.537,0.479,1,"3","Ncstn"
0.00779444380993415,0.472304043081073,0.204,0.099,1,"5","Pigh"
0.00104240455472991,0.472299709173532,0.28,0.128,1,"5","Rps6ka3"
0.00218688567897878,0.472068809422912,0.293,0.178,1,"1","Abhd14b"
0.00158278615970982,0.471809507298281,0.409,0.217,1,"5","Cyfip1"
0.000774566851627916,0.471711909343638,0.409,0.208,1,"5","Zbtb8os"
0.00072152983447216,0.471576511651189,0.302,0.179,1,"1","Las1l"
6.98357145710495e-05,0.471562132880977,0.581,0.381,1,"1","Nars"
0.00567766069803556,0.470948267789925,0.33,0.223,1,"1","Wdr73"
0.000390968585719582,0.470167336654061,0.441,0.219,1,"5","Ube2i"
0.00462219726360956,0.469901120146651,0.204,0.095,1,"5","3010026O09Rik"
0.000267784488090787,0.469844740985778,0.323,0.142,1,"5","Plxnb1"
0.00067829732518016,0.469704672080429,0.644,0.509,1,"2","Iscu"
0.00347635571186213,0.469508826415658,0.491,0.397,1,"2","Ascc1"
0.000699015450441138,0.46935556312309,0.527,0.279,1,"5","Tufm"
0.00019217404759407,0.468968614468169,0.204,0.076,1,"5","Elovl5"
0.000115900792329576,0.468496546549054,0.559,0.28,1,"5","Ebp"
0.000892051285423878,0.467646157803067,0.366,0.178,1,"5","1810022K09Rik"
0.000347620797976917,0.467622474806371,0.585,0.574,1,"0","Tpgs1"
0.000255545120909075,0.467444412993265,0.619,0.442,1,"1","Ctnna1"
0.000217001537942431,0.467201876590733,0.633,0.466,1,"1","Eif4e2"
0.00034890305534114,0.466347500435979,0.54,0.368,1,"1","Cd151"
0.00107840387659571,0.466302784781642,0.493,0.331,1,"1","l7Rn6"
0.00203611889534075,0.465903927785927,0.29,0.141,1,"5","Fam168a"
0.00247554318186093,0.465523733539217,0.258,0.124,1,"5","Wiz"
0.00107324567290853,0.465396018414365,0.456,0.31,1,"1","Nop56"
0.00653792373077058,0.465283629604339,0.335,0.233,1,"1","Limd1"
0.000215543747379015,0.465009900648577,0.824,0.708,1,"4","Ndufa10"
0.000107576285826721,0.464573066416552,0.409,0.186,1,"5","Sorbs2"
0.00218866044527719,0.464409475234157,0.559,0.326,1,"5","Hspbp1"
0.00294465284970617,0.463605938936442,0.26,0.156,1,"1","Usb1"
0.000408403229063592,0.463408989265957,0.527,0.277,1,"5","Cnpy3"
0.00597727763710281,0.46317500634274,0.509,0.412,1,"2","1110001J03Rik"
0.000173863367004934,0.463171560585695,0.316,0.186,1,"1","Tuba1c"
0.00842854697091693,0.46302003704957,0.315,0.219,1,"3","Prkar1b"
0.000125773796755184,0.462632300108023,0.54,0.353,1,"1","Trnau1ap"
0.000100382703852827,0.462240545460606,0.753,0.391,1,"5","Sf3a2"
0.000262450021020521,0.462087719375933,0.656,0.348,1,"5","Mtx1"
0.000243147350765734,0.462063597554701,0.656,0.672,1,"0","Dnaja2"
0.000424804404409071,0.461852510285664,0.736,0.613,1,"2","Snf8"
0.000110899916186105,0.461214291646774,0.29,0.119,1,"5","Nqo2"
0.000208680940934173,0.460626238345275,0.602,0.318,1,"5","Rnf4"
0.00100695840877493,0.460406936337219,0.29,0.135,1,"5","Sppl2b"
0.00072236172532395,0.460383349693483,0.638,0.528,1,"2","Mrps28"
0.00214575315096913,0.459981193886532,0.258,0.122,1,"5","Plagl2"
0.000891197100438129,0.459749435305759,0.419,0.277,1,"1","9130401M01Rik"
0.000224029014356508,0.459302340374484,0.677,0.398,1,"5","Nars"
7.75172124213452e-05,0.459269182520944,0.581,0.28,1,"5","Rsl24d1"
0.000395968234830552,0.45909860229897,0.617,0.506,1,"3","Hagh"
0.00493028599438426,0.459071736635482,0.237,0.116,1,"5","Qser1"
0.00259343376067283,0.458781279887398,0.642,0.588,1,"3","Ucp2"
0.00516322068297849,0.458573028223247,0.358,0.262,1,"3","March7"
0.000682152876984836,0.458341638867729,0.366,0.176,1,"5","Slc27a1"
0.00234503985307537,0.458340644627837,0.54,0.444,1,"2","Ostf1"
0.000386705787549777,0.458071880032048,0.355,0.165,1,"5","Ppp6r3"
0.00922031948624082,0.457889456549484,0.509,0.44,1,"2","Nrep"
0.00017924549307562,0.457873413001977,0.796,0.503,1,"5","Ptbp1"
0.000453372565354046,0.457435213709566,0.613,0.334,1,"5","Gm8186"
0.00140971624820327,0.45738291344862,0.643,0.674,1,"0","Mrpl32"
0.00390648646463639,0.457149921231745,0.577,0.478,1,"2","Dapk3"
0.00200603098303166,0.457128729667738,0.725,0.636,1,"4","Ei24"
0.00354187438699918,0.456444634273978,0.594,0.591,1,"0","Xist"
0.00046662869531526,0.455447248015329,0.651,0.461,1,"1","Sae1"
0.00312306048088747,0.455382513970404,0.723,0.763,1,"0","Ywhah"
0.00727521083884753,0.45536514609787,0.444,0.367,1,"3","Herpud1"
0.000323117201315439,0.455328924299724,0.376,0.173,1,"5","Sft2d2"
0.00682888073753484,0.455259515415442,0.543,0.474,1,"3","Ppp5c"
0.000874959284529896,0.455081864965433,0.571,0.542,1,"0","Zfr"
0.00656475258480916,0.454957267787267,0.481,0.401,1,"3","Creb3"
0.00393297809007511,0.454733722378144,0.583,0.52,1,"2","Gna11"
0.00345837792702483,0.454400537963624,0.442,0.31,1,"2","Klf7"
0.00746139841201079,0.454400181059259,0.4,0.291,1,"1","Pgpep1"
0.000347027958796794,0.45418456279102,0.215,0.084,1,"5","Fpgs"
0.000962065576560652,0.453958209281877,0.29,0.133,1,"5","Exoc4"
0.00170074313679223,0.453714362370001,0.568,0.483,1,"3","Cmas"
7.21869855579987e-05,0.453378500078602,0.559,0.271,1,"5","Gsto1"
0.0010706925561915,0.453376983291802,0.753,0.468,1,"5","Gm10073"
0.00677424090629923,0.453345640928728,0.368,0.262,1,"2","Deaf1"
0.00208682785084428,0.453115172443265,0.667,0.576,1,"3","Sec13"
0.000333755232582901,0.453057416904382,0.922,0.873,1,"4","Pdap1"
0.00010563279354234,0.452967985785783,0.731,0.412,1,"5","Nans"
0.0074358281775708,0.452726484835034,0.356,0.25,1,"2","Sccpdh"
0.000722850299752662,0.452620210926365,0.474,0.321,1,"1","Ebpl"
0.006833681300838,0.452590514989017,0.313,0.212,1,"2","Msmo1"
0.000164109077138608,0.452341156288266,0.495,0.245,1,"5","Spin1"
0.00299503519050588,0.452196070763124,0.487,0.468,1,"0","Tor2a"
0.00163049204837754,0.452114111337973,0.386,0.246,1,"1","Fam58b"
0.00273060779832651,0.451994856384958,0.7,0.42,1,"6","Sdf2l1"
0.00389716486106826,0.451925072644237,0.591,0.452,1,"1","Mrpl22"
0.00162266422446905,0.4518849593038,0.335,0.213,1,"1","Dcaf13"
0.00682441385356872,0.45173882021089,0.256,0.16,1,"1","Marveld2"
0.000965691992076502,0.451709172112911,0.543,0.449,1,"3","Creld2"
0.00200656698328621,0.451637177509586,0.466,0.339,1,"2","Rab22a"
0.00732134551654424,0.451618143114451,0.226,0.111,1,"5","Tars2"
0.000822692850882225,0.451269886301625,0.549,0.391,1,"1","2810004N23Rik"
6.30443005891156e-05,0.451140923846737,0.591,0.287,1,"5","Cdk11b"
0.000115555097545622,0.451029388793229,0.512,0.338,1,"1","Pla2g16"
0.000779326739023807,0.450927194078139,0.479,0.323,1,"1","Psmg1"
8.4898099644047e-05,0.450869048387976,0.806,0.446,1,"5","Tex261"
0.00720339089836048,0.450459624437516,0.506,0.448,1,"3","Snx4"
0.000555291961740953,0.450456405325428,0.688,0.395,1,"5","Bola1"
0.00128217807471292,0.450383814832573,0.502,0.353,1,"1","Smarca2"
0.00293679194436582,0.450297945468872,0.215,0.097,1,"5","Rmnd1"
0.00753381774308102,0.450286635457293,0.46,0.43,1,"0","Fam204a"
0.000493437490696359,0.449662456238046,0.556,0.447,1,"3","Exosc7"
0.0029079871096934,0.449570771570941,0.482,0.453,1,"0","Tbcc"
0.00295183469506924,0.44954665063127,0.33,0.219,1,"1","Eed"
0.000141158440336743,0.448890297698305,0.674,0.66,1,"0","Vps72"
0.00401790086939198,0.448860320232006,0.725,0.629,1,"4","Acin1"
0.00819723320147979,0.448812886562189,0.251,0.164,1,"1","Gm10146"
0.00930924828307403,0.448523264588378,0.429,0.405,1,"0","Zfp292"
0.000161554368699938,0.448220016614709,0.667,0.356,1,"5","Luzp1"
0.00233635704282883,0.4476111061486,0.26,0.156,1,"1","Palm"
0.00248783305490598,0.447375018226534,0.545,0.535,1,"0","Ubxn6"
0.00127867346138691,0.447223649459948,0.611,0.514,1,"3","Gna11"
0.00188452430621294,0.446459958496668,0.226,0.099,1,"5","Morc2a"
0.00901163469229168,0.446419643961126,0.406,0.383,1,"0","Csnk2a1"
0.00549326321349139,0.446264286753696,0.463,0.377,1,"3","Isca2"
0.000175732249009225,0.446260429633171,0.344,0.148,1,"5","Ankmy2"
0.00392548153896862,0.446193040210566,0.595,0.441,1,"1","Eprs"
0.000213313217086268,0.446094851117653,0.785,0.484,1,"5","Cox19"
0.00200595267654571,0.44593046199598,0.491,0.364,1,"2","Grb2"
0.00150135185936468,0.44561626280047,0.247,0.113,1,"5","Ppp2r5c"
0.000191522224179532,0.445502122232244,0.623,0.515,1,"3","Ssbp4"
0.00662386002958118,0.445252559773435,0.481,0.425,1,"3","Dpm2"
0.000543573666139411,0.445046646722393,0.355,0.168,1,"5","Cdc25a"
0.00019805794309599,0.445022374634675,0.581,0.302,1,"5","Agpat2"
0.00120243499997284,0.444692039455093,0.765,0.661,1,"4","Snw1"
0.00282065801380592,0.444687585157006,0.518,0.506,1,"0","Ddx46"
0.00666562474973399,0.444459698451423,0.455,0.442,1,"0","Psmd9"
0.000242818673851834,0.444428629575555,0.817,0.484,1,"5","Rpl7l1"
0.00196431331061514,0.443956755591551,0.536,0.522,1,"0","Slmo2"
0.000351372570419688,0.44382207779776,0.28,0.119,1,"5","G6pdx"
0.000742425821633133,0.443206829020783,0.502,0.348,1,"1","D10Jhu81e"
0.00108176827210592,0.443117976140404,0.363,0.237,1,"1","Eef2kmt"
0.000268705068988714,0.442549284660639,0.269,0.111,1,"5","Txn2"
0.00371170468765516,0.441811919620836,0.204,0.093,1,"5","Capza1"
0.00160234675299777,0.441102767422801,0.423,0.284,1,"1","Nsun2"
0.000853977781881743,0.440945207813994,0.731,0.43,1,"5","Pigx"
0.00206208918895007,0.440924378869282,0.247,0.115,1,"5","Tmem246"
0.000862582485329978,0.440894239449237,0.601,0.5,1,"2","BC004004"
0.00045405206349299,0.44071798241164,0.409,0.258,1,"1","Pabpc4"
0.000157037684265035,0.440357290064606,0.559,0.291,1,"5","Ing2"
0.00171986465504876,0.440354167948093,0.419,0.284,1,"1","Nfyc"
0.000485248872203731,0.440275408987259,0.656,0.654,1,"0","Rbm42"
0.00514160492572207,0.44023023770594,0.487,0.477,1,"0","Stx7"
0.000727496367954299,0.44009408403222,0.366,0.174,1,"5","Copg2"
0.000413467259880882,0.439465148692378,0.395,0.242,1,"1","Tctex1d2"
0.000687471523991254,0.439418359818195,0.484,0.254,1,"5","Timm10"
0.00209156769568508,0.43933963577183,0.324,0.179,1,"4","Tmbim1"
0.000736733015866528,0.439302331510659,0.549,0.517,1,"0","Atf4"
0.00221432363961152,0.43875871287476,0.247,0.114,1,"5","Tyw5"
0.00266789438421732,0.438512147023434,0.419,0.233,1,"5","Ddx52"
0.000112925848364045,0.438361049391191,0.679,0.66,1,"0","Eif3d"
0.00153739750763718,0.438323003153812,0.204,0.087,1,"5","Kctd1"
0.00321003872331657,0.438261218768092,0.644,0.556,1,"2","Arl2"
0.00743324871094796,0.438212751541584,0.552,0.469,1,"2","Cmip"
0.000354590802915603,0.437406791188141,0.619,0.446,1,"1","Polr2d"
0.00110791234249665,0.437393188018175,0.491,0.44,1,"0","Wdr6"
0.000914817242906477,0.437296047619267,0.258,0.114,1,"5","Grk6"
0.000707143221999277,0.437078453658433,0.699,0.419,1,"5","H2afj"
0.000284572171995247,0.437076944944825,0.414,0.263,1,"1","Wsb1"
0.000115727748967264,0.437065194704622,1,0.989,1,"4","Arf5"
0.00050148917000364,0.436674985059743,0.696,0.734,1,"0","Grb10"
0.000624155910002078,0.436596264542576,0.747,0.69,1,"3","Psap"
0.00499892618010958,0.4364092291669,0.512,0.433,1,"3","Tmem30a"
0.000157070035092085,0.436200658477425,0.902,0.862,1,"4","Atxn10"
8.90366225638784e-05,0.436176586504251,0.462,0.212,1,"5","Rbbp6"
0.000221770177880314,0.435815250175613,0.355,0.157,1,"5","Eif2d"
0.00256398432997082,0.435807570277397,0.549,0.536,1,"0","Vapb"
0.00257437593133628,0.435787795862136,0.215,0.096,1,"5","Hira"
0.00970410815840235,0.435464024066082,0.327,0.225,1,"3","Map9"
0.000663609165076168,0.435076123037427,0.253,0.137,1,"3","H2-Q2"
0.0048646711296736,0.43468915625205,0.493,0.359,1,"1","Lsm12"
0.000643659881659003,0.434621293382514,0.731,0.428,1,"5","Brix1"
0.000263937438004505,0.434574208178917,0.656,0.351,1,"5","Ctdnep1"
0.00330176419717856,0.434097581807207,0.247,0.119,1,"5","Pom121"
0.00361435209531562,0.434062390952507,0.595,0.489,1,"2","Dgcr6"
0.00164868540552516,0.434029299593812,0.65,0.529,1,"2","B9d1"
0.00025855772741299,0.43394284560705,0.785,0.46,1,"5","Tmem261"
0.000558596547226338,0.43393710529624,0.763,0.492,1,"5","Uba2"
0.000722084894317846,0.433818749073685,0.43,0.217,1,"5","Grb14"
0.00218111609031224,0.433782592576461,0.863,0.758,1,"4","Psmd7"
0.00130453551667528,0.433465189483283,0.595,0.472,1,"2","Polr2l"
0.00470944936624898,0.433298939608866,0.552,0.441,1,"2","Gm1673"
0.00251582994218114,0.432708294971367,0.323,0.164,1,"5","B4gat1"
0.00024042342188769,0.43236562571629,0.602,0.302,1,"5","Szrd1"
0.00153692028489973,0.431306533402377,0.577,0.441,1,"1","Mrpl13"
0.00477809260873881,0.430836704798565,0.307,0.203,1,"1","Igf2bp1"
0.00826817478060478,0.430444780972187,0.204,0.099,1,"5","Nfat5"
0.000620292247891145,0.430339134478638,0.699,0.608,1,"2","Gtf2e2"
0.00268732221833077,0.430284985275124,0.312,0.155,1,"5","Bysl"
0.000267323932533606,0.429465501824273,0.473,0.238,1,"5","Sf3b3"
0.000590086053622279,0.429424167034427,0.215,0.087,1,"5","Rap2b"
0.000953509147344141,0.429393441570944,0.28,0.126,1,"5","Cep89"
0.000898336251183232,0.42932063959292,0.226,0.095,1,"5","Ppfibp1"
0.00460285555274754,0.429137827009339,0.513,0.528,1,"0","Snx2"
0.00366521579801537,0.429100724196016,0.419,0.288,1,"1","Ggh"
0.00142825619586593,0.42904565973928,0.237,0.104,1,"5","Sppl2a"
0.000325577155932391,0.429020146344791,0.821,0.771,1,"3","Tmed4"
0.00777959326186157,0.428985881994169,0.473,0.461,1,"0","Chmp1a"
0.00437887867027908,0.428791423288133,0.571,0.474,1,"2","Slc25a39"
0.0095862089176556,0.428684876106642,0.491,0.39,1,"2","Commd1"
0.00723654702028377,0.427808750243995,0.578,0.439,1,"4","Fcf1"
0.00233087733031166,0.427638876199365,0.705,0.75,1,"0","Mrpl24"
0.000621877741173225,0.427415738855494,0.667,0.367,1,"5","Stard3nl"
0.00200537725794459,0.426887558055253,0.33,0.213,1,"1","Blvra"
0.000228182290052587,0.426825608742818,0.721,0.569,1,"1","Cfl2"
0.00296383261194385,0.426722756664605,0.667,0.403,1,"5","Mgat2"
0.000179865246985411,0.426531962454978,0.688,0.525,1,"1","Mrps15"
0.00485233073986326,0.426232327344551,0.302,0.199,1,"1","Thap4"
0.000960677303094678,0.426006986783713,0.742,0.435,1,"5","Actl6a"
0.00128705136825199,0.425867522738349,0.474,0.338,1,"1","Raly"
0.00182673286744073,0.42557513778689,0.833,0.783,1,"4","App"
0.000134768035013082,0.42520007271717,0.633,0.437,1,"1","Tex261"
0.000827844670063268,0.425154005016691,0.638,0.539,1,"2","Cops3"
0.00392776209426684,0.424788862314871,0.214,0.124,1,"1","Alkbh2"
0.000412096651172489,0.424685359157925,0.731,0.421,1,"5","Papss1"
0.000114735007851472,0.424067810500862,0.656,0.333,1,"5","Rpf1"
0.00758127394280394,0.423982442957558,0.293,0.194,1,"1","Stk24"
0.00048198720740117,0.423705162996533,0.269,0.114,1,"5","Nubpl"
0.000667490332157034,0.423608974591546,0.656,0.559,1,"2","Nabp2"
0.000376614614588172,0.42346676205278,0.516,0.263,1,"5","Ddx18"
0.00013993378763475,0.423200891579443,0.723,0.695,1,"0","Cfap20"
0.00290113064317967,0.422232156678304,0.441,0.295,1,"4","Bst2"
0.00553273355738104,0.421738518689025,0.226,0.109,1,"5","Cstf2"
0.000239029592173141,0.42091195902505,0.706,0.612,1,"2","Sar1b"
0.000802402383912257,0.420234985695357,0.441,0.223,1,"5","Gm7808"
0.00379522096803295,0.420188911760427,0.312,0.16,1,"5","Myo18a"
0.000383662983924777,0.420115936261594,0.765,0.731,1,"3","Romo1"
0.000266458422663128,0.419452201161088,0.559,0.281,1,"5","Zdhhc16"
0.000296181822526729,0.419106145086282,0.628,0.453,1,"1","Tmem261"
0.000169687337209084,0.419019270738759,0.828,0.477,1,"5","Smarcc1"
0.00195404257684075,0.418847212909469,0.29,0.14,1,"5","Ndufaf1"
8.36844313291828e-05,0.418780808473372,0.634,0.348,1,"5","Hmgn5"
0.00263051919413796,0.41872312913964,0.704,0.63,1,"3","Mrps12"
0.00142954535270196,0.418343646836527,0.652,0.654,1,"0","Cops4"
0.00113303502333399,0.418199336395195,0.65,0.528,1,"2","Acot13"
0.00299114032865037,0.418092751974212,0.636,0.588,1,"3","Exosc4"
0.000310101465996175,0.417900148329174,0.538,0.279,1,"5","Taf12"
0.00434963365506503,0.417503736501627,0.572,0.427,1,"1","Utp11l"
8.28187529297992e-05,0.417468971931672,0.822,0.733,1,"2","Eif1b"
0.000173223187926378,0.417329218040499,0.774,0.456,1,"5","Bzw2"
0.000818905153095777,0.416920551427578,0.312,0.143,1,"5","Rpap3"
0.00167662653416024,0.416242054680463,0.462,0.253,1,"5","Exosc1"
0.000611668393296931,0.41619952723305,0.612,0.595,1,"0","Snrpb2"
0.00925797534739585,0.415985017845937,0.233,0.146,1,"2","Celf4"
0.00021651570112583,0.415794974277036,0.626,0.521,1,"2","Dnpep"
0.00165753938343754,0.415730103320038,0.386,0.254,1,"1","Rbm47"
0.00341376628899205,0.41528361326854,0.474,0.338,1,"1","Nsmce2"
0.000974983792971655,0.41527784187954,0.545,0.514,1,"0","Ube2m"
0.000569362598685284,0.414529860086429,0.599,0.464,1,"3","Dnmt3a"
0.00102084025230215,0.414431952106594,0.873,0.707,1,"4","Lsr"
0.00678509863843256,0.414309729366571,0.405,0.292,1,"2","Dynlt1a"
0.00413365320565125,0.414286042898643,0.452,0.263,1,"5","Ppt1"
0.000452208573320968,0.414125231504413,0.656,0.653,1,"0","Rnf10"
0.000240253635817825,0.41410824464307,0.502,0.329,1,"1","Tmem97"
0.000228845426971064,0.413905754552925,0.387,0.176,1,"5","Cnep1r1"
0.00569837002022937,0.413797519345324,0.675,0.605,1,"2","Mrps21"
0.00278119528746036,0.413760839729485,0.698,0.625,1,"3","Pafah1b1"
0.000295574346621709,0.413643292952368,0.344,0.151,1,"5","Tfdp2"
0.00242401124805023,0.413400795632145,0.843,0.707,1,"4","Tsg101"
0.000273728693190112,0.413343935282562,0.685,0.607,1,"3","Taf6l"
0.00395310754416367,0.413141102114629,0.611,0.534,1,"3","Naa38"
0.000260864293907212,0.412996730295949,0.774,0.494,1,"5","Psmd11"
0.000839201176001923,0.412879840191068,0.961,0.887,1,"4","Srsf6"
0.00599623255252269,0.412741106717436,0.451,0.326,1,"1","Ugp2"
0.000895460764474746,0.412530450672963,0.581,0.321,1,"5","Rcc2"
0.0059100492578114,0.412312485528857,0.219,0.132,1,"1","Hgsnat"
0.00719321983160183,0.412254955930803,0.588,0.45,1,"4","Plscr3"
0.000136158279799906,0.412161097525432,0.763,0.77,1,"0","Arpc5l"
0.00524579079761636,0.41205773636074,0.538,0.324,1,"5","Park7"
0.00195797183586505,0.411715731440316,0.29,0.141,1,"5","Fbxo31"
0.000394882905494235,0.411579842936179,0.521,0.34,1,"1","Mllt4"
0.00157308349420857,0.411544258688957,0.553,0.406,1,"1","Ptp4a2"
0.00535322577198083,0.411182192844789,0.562,0.574,1,"0","Blmh"
0.00748584527646246,0.411048765933612,0.387,0.223,1,"5","D2Wsu81e"
0.000552423192602283,0.410865684057175,0.828,0.542,1,"5","Scaf11"
0.00164635853280792,0.410631283402349,0.526,0.36,1,"1","Lsm7"
0.000582368127030208,0.41062030573058,0.548,0.293,1,"5","Mrpl37"
0.00101188533996453,0.41011411722488,0.548,0.308,1,"5","Zfp771"
0.000489033874287187,0.409742748844005,0.344,0.159,1,"5","Ctdspl"
0.00746438368649464,0.409629651584035,0.464,0.437,1,"0","Tob1"
0.000863358242077749,0.409562056726104,0.558,0.556,1,"0","Ppid"
0.00932080392083367,0.409555748030845,0.558,0.469,1,"2","Mrpl4"
0.000637715727536457,0.40946570690913,0.595,0.418,1,"1","Gsr"
0.00389974162453761,0.409375728669187,0.358,0.243,1,"1","Spin1"
0.0010883361847744,0.409309735938715,0.333,0.16,1,"5","Cirh1a"
0.00043647216460203,0.408946282152086,0.656,0.369,1,"5","Lsm7"
0.000256050499810186,0.408673216447837,0.883,0.795,1,"2","Psmc5"
0.00033163402340552,0.407784071763113,0.538,0.265,1,"5","Ddt"
0.00224900301671199,0.407528333079311,0.759,0.75,1,"3","Tmem50a"
0.000499847423456642,0.407339224111647,0.828,0.533,1,"5","Gtf3a"
0.00440223278198106,0.407230154795476,0.613,0.388,1,"5","Ppp2r2a"
0.000894740880332592,0.407076940342712,0.29,0.134,1,"5","Zfp593"
0.00419203085828118,0.40691943528108,0.578,0.433,1,"4","Oxa1l"
0.00158440572356477,0.406789209032324,0.54,0.406,1,"2","Itfg1"
0.00015786831022567,0.406788935064506,0.802,0.748,1,"3","mt-Nd5"
0.000132477162604169,0.406715176307246,0.323,0.137,1,"5","Lrwd1"
0.00282133634063596,0.406541570162699,0.563,0.403,1,"1","Cdv3"
8.01981023212019e-05,0.405778179815067,0.914,0.652,1,"5","Mrpl28"
0.00379021446836877,0.405560801733657,0.699,0.43,1,"5","Pex2"
0.0024626562821424,0.405253966363927,0.853,0.694,1,"4","Adh5"
0.000121185893303911,0.405204059255415,0.581,0.286,1,"5","Nfyc"
0.00328345882137204,0.405143467013916,0.608,0.448,1,"4","Rap1gap2"
0.00160931331434294,0.404971710681825,0.438,0.304,1,"3","Dst"
0.000115074544656957,0.404403608881164,0.835,0.85,1,"0","1110004F10Rik"
0.00123921520148601,0.404295613460105,0.634,0.37,1,"5","Dhx15"
0.00464070822710429,0.403804778112767,0.237,0.114,1,"5","Rcbtb1"
0.000506260374478391,0.403687370563746,0.559,0.283,1,"5","Hdgfrp2"
0.00126991396550634,0.403623693568122,0.398,0.205,1,"5","Atf1"
0.00123516131683037,0.403293596101813,0.54,0.401,1,"1","Prpsap1"
0.000856036619413412,0.402952213656382,0.643,0.625,1,"0","Akap9"
0.0050099384828656,0.402758573889803,0.204,0.096,1,"5","Arhgap12"
0.000210121381873097,0.402683258106329,0.633,0.441,1,"1","Dync2li1"
0.00208606682167373,0.402665192763208,0.814,0.746,1,"4","Magoh"
0.000291445094753433,0.402477974510336,0.607,0.482,1,"2","Acat1"
0.000352152606390984,0.402330900013071,0.828,0.475,1,"5","Dars"
0.000214863527720723,0.401300579390121,0.759,0.764,1,"0","Top1"
0.0039780107914094,0.401288828640188,0.634,0.407,1,"5","Gmps"
0.00159030243347387,0.401173630129926,0.814,0.675,1,"4","Rtn4"
0.000139691295539925,0.400496072335975,0.387,0.223,1,"2","Tekt2"
0.000773074898117002,0.399867036424648,0.29,0.131,1,"5","Suco"
0.00501443624816709,0.399702550757422,0.386,0.259,1,"1","Ddx18"
0.000283448187119636,0.398986784588419,0.863,0.789,1,"4","Prdx6"
0.0022937390034456,0.398873160376055,0.753,0.465,1,"5","Polr2l"
0.000797831860383158,0.398729855619171,0.581,0.323,1,"5","Cdc34"
9.63777648736741e-05,0.398393085359752,0.846,0.759,1,"3","Zcrb1"
0.000270762763959027,0.398197887835379,0.84,0.814,1,"3","Kif5b"
0.000350824029215066,0.39819584523288,0.661,0.638,1,"0","Hnrnpd"
0.000690299145938585,0.39811565114192,0.704,0.601,1,"3","0610009B22Rik"
0.000103145480067363,0.39782091330845,0.882,0.53,1,"5","Bccip"
0.0032701020008225,0.397727873269974,0.633,0.503,1,"1","Ptbp1"
0.0092794920131351,0.397463995866884,0.377,0.274,1,"1","Fxn"
0.00282592286144474,0.39731364590504,0.656,0.677,1,"0","Snw1"
0.000248312445507874,0.397218455959418,0.473,0.227,1,"5","Thra"
0.00655512570127944,0.397152300481892,1,1,1,"6","Gnas"
0.000667128841223007,0.39699843780178,0.512,0.351,1,"1","Thyn1"
0.000221869215100395,0.396890574059339,0.903,0.635,1,"5","Pfdn6"
0.000434457324601434,0.396761692976529,0.376,0.174,1,"5","Afg3l2"
0.000243181121847858,0.396601170801686,0.613,0.327,1,"5","Baz1b"
0.000927366565374607,0.395835466983248,0.601,0.478,1,"2","Cfap36"
0.00496847222378119,0.395675235781033,0.312,0.167,1,"5","Marveld2"
0.00303553777231177,0.395503613460038,0.344,0.179,1,"5","Psmb10"
0.000650520862422385,0.395259288543918,0.81,0.732,1,"2","Arl3"
0.000220673787457119,0.395143533206078,0.969,0.985,1,"3","Tmem59"
0.000972471462641851,0.394956169350371,0.376,0.182,1,"5","Krr1"
0.00054505994973288,0.394823296638406,0.28,0.123,1,"5","Tpd52l1"
0.0026255206512267,0.394799570471424,0.312,0.155,1,"5","Dab2ip"
0.00107704997785713,0.394672339619433,0.204,0.084,1,"5","Gzf1"
0.00029008077364211,0.394591981080246,0.312,0.138,1,"5","Rfwd3"
0.000345308278053762,0.394033844857645,0.892,0.678,1,"5","Mettl9"
0.0016686707904504,0.393919700170277,0.642,0.483,1,"1","Mrpl50"
9.01337071479146e-05,0.393586172528277,0.29,0.116,1,"5","2610507B11Rik"
0.000396581140416509,0.393475028868192,0.882,0.647,1,"5","Hnrnpa3"
0.00682344862535446,0.393446993225481,0.437,0.315,1,"1","Midn"
0.00153941082580169,0.393414191229235,0.581,0.424,1,"1","Pigx"
0.000453522137175745,0.393378521665502,0.614,0.444,1,"1","Dnajc2"
0.00210583131403048,0.393239135308099,0.705,0.705,1,"0","Rbm25"
0.00085263658707533,0.392949606972949,0.65,0.529,1,"2","Pja1"
0.000865658384849609,0.392781125838625,0.8,0.372,1,"6","Gng12"
0.000712805042852474,0.392101725875526,0.333,0.157,1,"5","Scarb1"
9.1123778015502e-05,0.391606706447986,0.759,0.748,1,"0","Psmc6"
0.000528703616616874,0.391448608654598,0.419,0.203,1,"5","Mapkapk2"
0.0061524042784834,0.391195614281276,0.507,0.366,1,"1","Ruvbl1"
0.000241371271280938,0.390896982424932,0.654,0.541,1,"3","Rock1"
0.00251407307576357,0.390654607914266,0.613,0.523,1,"2","Dpcd"
0.00121738155502268,0.390579260454809,0.704,0.652,1,"3","Pfdn6"
0.000193646231919808,0.390466905320461,0.419,0.194,1,"5","Fndc3b"
0.000158241663541871,0.390236314892382,0.978,0.758,1,"5","Cfdp1"
0.00138821767444644,0.389977199796892,0.258,0.117,1,"5","Drosha"
0.000223034796543506,0.389975588029537,0.768,0.762,1,"0","Dazap1"
0.0051325315481598,0.389681845497665,0.409,0.222,1,"5","Mettl16"
0.00147480380823261,0.389517276374053,0.598,0.571,1,"0","Gsk3b"
0.0017488570505159,0.389457390114396,0.493,0.338,1,"1","Prkag1"
0.00346773302122866,0.389405117478172,0.765,0.688,1,"4","Fam32a"
0.00406423447369831,0.388932156049665,0.545,0.523,1,"0","H13"
0.000641493391647206,0.388889355446675,0.28,0.122,1,"5","Efemp2"
0.000181132027765708,0.388871474561061,0.86,0.704,1,"1","Mrpl14"
0.00164860677420445,0.38853347119122,0.892,0.813,1,"4","Uqcrc2"
0.000265684948448342,0.388026073799117,0.785,0.453,1,"5","Mesdc2"
0.00703500569204346,0.387898879071735,0.423,0.305,1,"1","Chchd5"
0.0030970104205641,0.387458022041238,0.527,0.3,1,"5","Ptpn11"
0.00211356347551064,0.387251688643946,0.387,0.202,1,"5","Bola2"
0.000885559674266858,0.386994303547044,0.638,0.562,1,"0","Cplx2"
0.000201658028114953,0.386827166103276,0.778,0.646,1,"3","Glrx5"
0.00133695312523332,0.386619256052566,0.452,0.234,1,"5","Pum3"
0.0032506161998328,0.386523097717216,0.647,0.513,1,"1","Rps6"
0.000626782513804334,0.386503034465683,0.696,0.746,1,"0","Mrpl34"
0.000472179194824985,0.385584064768771,0.226,0.093,1,"5","Fam101a"
8.29506551732542e-05,0.385329874648577,0.796,0.696,1,"3","Gars"
0.00138590654348507,0.385245686146562,0.667,0.397,1,"5","Etf1"
0.000139612141909753,0.385233008553119,0.828,0.647,1,"1","Fam96a"
0.00059208385200837,0.385054694193103,0.247,0.104,1,"5","Mus81"
0.00149681785112452,0.384992277162498,0.591,0.325,1,"5","Cdc16"
0.00728146611370366,0.384735854585599,0.395,0.276,1,"1","Fundc1"
0.00563934126283066,0.384412820070688,0.46,0.371,1,"0","Pim2"
0.00638253347506743,0.384382409514698,0.237,0.116,1,"5","Slc35b3"
0.00026110454301167,0.38426871157689,0.645,0.323,1,"5","Mphosph6"
0.00233189785631777,0.384243122667426,0.685,0.633,1,"3","Jagn1"
0.000263093196917403,0.384178406258276,0.441,0.208,1,"5","Usp50"
0.00136538568288143,0.383413232046892,0.474,0.315,1,"1","Slc38a1"
0.000261518080764632,0.383400046475781,0.817,0.853,1,"0","Sfr1"
0.000185367171151839,0.383251661812083,0.763,0.58,1,"1","Akr7a5"
0.00177717030039751,0.383170465313866,0.963,0.991,1,"3","Hspa8"
0.000766883389914719,0.382464862475713,0.237,0.102,1,"5","Tnrc18"
7.14798229334075e-05,0.382240935759744,0.538,0.257,1,"5","Aup1"
0.00343325874937115,0.382074798390484,0.629,0.672,1,"0","Aimp1"
0.000230725114883782,0.382056054639886,0.603,0.567,1,"0","Hadhb"
0.000168217328387684,0.381130529561469,0.925,0.729,1,"5","Myl12b"
0.000157479852366482,0.380943766634516,0.828,0.749,1,"2","Cacybp"
0.000155893672466138,0.380575861912697,0.43,0.2,1,"5","Wdr12"
0.000487884731522611,0.379746194541427,0.473,0.242,1,"5","Ccdc107"
0.000442341604094085,0.379529175053063,0.28,0.122,1,"5","Ibtk"
0.00292889897197314,0.379040071121618,0.552,0.449,1,"2","Coq2"
0.000802219875740615,0.378947881849294,0.516,0.278,1,"5","Esf1"
0.00211331398788196,0.37890626614371,0.405,0.271,1,"1","Esf1"
0.000162992708320123,0.378588016226373,0.742,0.403,1,"5","Ythdf2"
0.00393762544609468,0.378566279788608,0.28,0.14,1,"5","Ddx10"
0.000495619787710824,0.378465294145402,0.698,0.633,1,"3","Imp3"
0.000414520363107479,0.378364919521621,0.772,0.585,1,"1","Pigyl"
0.00870950057305555,0.37827821790343,0.498,0.381,1,"1","Mpdu1"
0.00819666839520577,0.378200256641354,0.367,0.26,1,"1","Aup1"
0.00103258775217762,0.377751265693887,0.728,0.672,1,"3","Vps29"
0.000173262896192409,0.377548991270287,0.749,0.61,1,"1","Rtcb"
0.000232810157908201,0.377535259647522,0.785,0.436,1,"5","Gtf3c6"
0.00201114740530065,0.377409673255657,0.528,0.415,1,"2","Arf3"
0.00149391937303757,0.376726502602184,0.931,0.845,1,"4","Cct4"
0.000359546374644401,0.376574385937397,0.749,0.579,1,"1","Rpl10-ps3"
0.00730133351025376,0.376130198572365,0.71,0.672,1,"3","Sdf2"
0.000861763929366701,0.37586593868157,0.753,0.462,1,"5","Parl"
0.00319662629110348,0.375700821910961,0.387,0.207,1,"5","Hilpda"
0.00896107914572622,0.375169394290771,0.804,0.677,1,"4","Smarca4"
0.000829132473125161,0.3746901600748,0.785,0.462,1,"5","Babam1"
0.000232040174173471,0.374662969234157,0.795,0.777,1,"0","Tsn"
0.000682079893374313,0.374630692412268,0.62,0.487,1,"2","Pdhb"
0.000311387740216942,0.37431800340899,0.839,0.5,1,"5","Poldip2"
0.00510934827465319,0.373910410149817,0.613,0.507,1,"2","Snx2"
0.00311501928988436,0.373765789567261,0.247,0.115,1,"5","Naa40"
0.000624629796941808,0.373353069440754,0.495,0.242,1,"5","Cpsf3l"
0.00596855057999861,0.37306797437724,0.667,0.514,1,"4","Gm42418"
0.00735721041876762,0.372824633443517,0.367,0.254,1,"1","Pck2"
0.000205575738943384,0.372611952127375,0.409,0.19,1,"5","Zscan21"
0.000368912207121405,0.37228759449168,0.548,0.281,1,"5","Elf3"
0.00497769848308197,0.372192918766797,0.215,0.102,1,"5","Cd276"
0.000456493896741393,0.372113582238137,0.376,0.174,1,"5","Creb1"
0.000302165357258964,0.371939572666936,0.826,0.838,1,"0","Cct8"
0.000394646764155674,0.371717456067944,0.903,0.63,1,"5","Chchd1"
0.00487167022511038,0.371446435324719,0.686,0.534,1,"4","Arid4b"
0.000343146620590189,0.371243686798094,0.74,0.571,1,"1","Stoml2"
0.00451466244643158,0.371062278318126,0.539,0.392,1,"4","Prrc2b"
0.00142679373561525,0.371027074870561,0.684,0.529,1,"1","Sypl"
0.00967039937663747,0.371003968584679,0.219,0.135,1,"1","Hexim1"
0.000319660087501607,0.370865077481395,0.86,0.514,1,"5","Mrpl36"
0.000332948974827665,0.370834856329572,0.957,0.731,1,"5","Mbd3"
0.00944821557750769,0.370651927719233,0.498,0.376,1,"1","2210016F16Rik"
0.000843608792294174,0.370479609981341,0.656,0.661,1,"0","Cops5"
0.000371595315383582,0.37032029600094,0.707,0.555,1,"1","Gipc1"
0.000149608529496367,0.370056475338977,0.877,0.792,1,"2","Ube2e3"
0.00102785231065553,0.369363545046343,0.679,0.507,1,"1","Txnl4a"
0.00179974475250534,0.369252828098106,0.688,0.411,1,"5","Larp4b"
0.00320626481684833,0.369232365353303,0.804,0.651,1,"4","Mrpl32"
0.00129921183018811,0.368976801320221,0.204,0.085,1,"5","Lancl2"
0.000707887418475972,0.368006399723504,0.882,0.621,1,"5","Polr3k"
0.00511164472130817,0.367958248906667,0.226,0.107,1,"5","Trpm7"
0.000117578356565845,0.367713191449229,0.505,0.235,1,"5","Smek1"
0.00210662233678896,0.367480604783179,0.698,0.659,1,"3","Plekhj1"
0.00253380091956269,0.367379125141827,0.638,0.637,1,"0","Pafah1b1"
0.000645824511893304,0.367362832942493,0.748,0.668,1,"2","Aco2"
0.00131802337052717,0.367218246608788,0.398,0.2,1,"5","Api5"
0.000169509771455565,0.36721559400637,0.941,0.865,1,"4","Cstb"
0.00655408369846588,0.367078926818292,0.624,0.401,1,"5","Tmem165"
8.61097482196601e-05,0.367024652606824,0.735,0.533,1,"1","Rrbp1"
0.000436413751366252,0.366758305955179,0.527,0.26,1,"5","Pym1"
0.00381335884391336,0.366569283130227,0.595,0.467,1,"1","Rpl9-ps6"
0.000234214685183934,0.366554281617857,0.699,0.368,1,"5","Nr2f6"
0.00426801651012595,0.366551316631326,0.237,0.112,1,"5","Tomm40l"
0.000114897179636253,0.366502734925158,0.907,0.859,1,"3","Ostc"
0.00681413379669956,0.366277854729805,0.469,0.366,1,"3","H1fx"
0.00224671803752327,0.36605995588729,0.312,0.152,1,"5","Dgcr14"
9.44422811825086e-05,0.365898414509546,0.763,0.389,1,"5","Kras"
0.00484257220027178,0.365731521754853,0.933,0.974,1,"0","Peg3"
0.00852029206177051,0.365549325897343,0.316,0.213,1,"1","Psph"
0.0033358159576591,0.365266226096146,0.215,0.097,1,"5","Tead1"
0.000644635428404061,0.364051018132934,0.613,0.327,1,"5","Pak2"
0.000729633814744144,0.363852913296424,0.667,0.372,1,"5","Smim11"
0.0072790159359545,0.362892180124567,0.479,0.36,1,"2","Tmem199"
0.00126952129069073,0.361500772650446,0.922,0.861,1,"4","Ddx39b"
0.00709505025902264,0.360874584678516,0.519,0.425,1,"3","Mxd4"
0.00400335325244142,0.360729160971818,0.538,0.318,1,"5","Rassf7"
0.00845447624956313,0.360703450142422,0.204,0.098,1,"5","Tnk1"
0.00544323398303635,0.360678022363463,0.677,0.432,1,"5","Polr2h"
0.00154950091958565,0.360160972315359,0.73,0.652,1,"2","Hint2"
0.00421993675815898,0.359960583737403,0.704,0.619,1,"3","Foxa2"
0.00148153548916096,0.359898266473636,0.745,0.561,1,"4","Tpm1"
0.00443852394325898,0.35952456350032,0.215,0.098,1,"5","Agps"
0.000176710572599503,0.35944606042158,0.43,0.198,1,"5","Man1a2"
0.000419034165607085,0.359156730550474,0.828,0.538,1,"5","Eif4g1"
0.00800685241578732,0.359062182997202,0.568,0.488,1,"3","Os9"
0.00200856556975707,0.359025531887958,0.409,0.211,1,"5","Mecr"
0.00699866592182271,0.358892072702988,0.931,0.861,1,"4","Anp32a"
0.00262645369992773,0.358741152732067,0.684,0.546,1,"1","Npm3"
0.000969864256948184,0.358199314521814,0.968,0.808,1,"5","1810037I17Rik"
0.00199305506523283,0.357913805738603,0.772,0.775,1,"3","Rab7"
0.00252218022270073,0.357868676030559,0.624,0.362,1,"5","Prrc2a"
0.00152126681767597,0.357333868446089,0.567,0.408,1,"1","Faap20"
9.10506650659922e-05,0.357331261167958,0.914,0.884,1,"2","Cox14"
0.00102684968677534,0.357250406130715,0.419,0.212,1,"5","Zbed3"
0.00169631692367605,0.357123642558191,0.414,0.268,1,"1","Ammecr1l"
0.00937230395734645,0.356947258820117,0.215,0.106,1,"5","Wdr60"
0.00159785772538156,0.35678453930132,0.6,0.431,1,"1","Pfkl"
0.00145644135020845,0.356781788680548,0.75,0.755,1,"0","Sec62"
0.00692011745245221,0.356707249257955,0.667,0.65,1,"3","Uqcc3"
0.00582475213746009,0.356674394798341,0.247,0.122,1,"5","Stau2"
0.00115722138676553,0.356570325025114,0.538,0.29,1,"5","Xrcc1"
0.00726260348156279,0.35647876872713,0.527,0.322,1,"5","Gm26917"
0.000686971994301958,0.356218644892692,0.817,0.516,1,"5","Txnl4a"
0.00239060547022745,0.35613043378792,0.581,0.327,1,"5","Hipk2"
0.00556231512181784,0.356061144896388,0.29,0.148,1,"5","Timm10b"
0.00119785569619326,0.355953624423146,0.366,0.178,1,"5","Uck2"
0.00956744807596454,0.355849655274071,0.537,0.474,1,"3","Mesdc2"
0.00131078132014366,0.355272792151811,0.366,0.184,1,"5","Rtkn"
0.00191310678697088,0.355155119713548,0.29,0.138,1,"5","Smc5"
0.0056916967913358,0.354931039511075,0.269,0.138,1,"5","Kat7"
0.000447069677679209,0.35487371690147,0.849,0.533,1,"5","Sypl"
0.00101745935972299,0.354849447328443,0.462,0.239,1,"5","Minpp1"
0.000138976442998461,0.354389596893443,0.981,0.889,1,"3","Cd81"
0.00365962643647117,0.353945868582326,0.843,0.755,1,"4","Thoc7"
0.000325248056093221,0.353295004476896,0.914,0.568,1,"5","Mrps18c"
0.000439389970969123,0.352918877299342,0.767,0.643,1,"2","Smim7"
0.00248438252613287,0.35270024004381,0.414,0.289,1,"1","Ing2"
0.000273732306172448,0.35269787585219,0.735,0.555,1,"1","Sdha"
0.00179183338440843,0.352533741715789,0.765,0.582,1,"4","C1qbp"
0.00220208742718895,0.352483327200342,0.724,0.629,1,"2","Fam173a"
0.000230099038155812,0.352480095463604,0.43,0.204,1,"5","Igf2bp1"
0.00509101608277794,0.352276219634681,0.381,0.257,1,"1","Ehmt1"
0.00393573326692336,0.352272131670612,0.892,0.615,1,"5","Etfa"
0.00035062681741202,0.352215510066381,0.43,0.204,1,"5","Pcif1"
0.0095328434366121,0.352138043172237,0.258,0.161,1,"2","Flrt1"
0.000276834679914987,0.352130527422625,0.957,0.687,1,"5","Tpr"
0.000846033746467684,0.352102446383741,0.687,0.567,1,"2","0610011F06Rik"
0.00048084382299812,0.351895822880354,0.656,0.339,1,"5","Igf2bp3"
0.00469488787508717,0.351881494264867,0.571,0.563,1,"0","Actr10"
0.00933712980368177,0.351808693861387,0.437,0.315,1,"1","Traf7"
0.000624197739427751,0.351552545635228,0.903,0.633,1,"5","Sri"
0.00738282332287384,0.351405554973922,0.763,0.618,1,"1","Mrpl12"
0.00200247115200138,0.351320784109303,0.505,0.295,1,"5","Nsun2"
0.00174059118800809,0.350643772063151,0.72,0.447,1,"5","Hdlbp"
0.00627618404890019,0.3505226337005,0.585,0.577,1,"0","Chtop"
0.00101522477641269,0.350383485733743,0.73,0.614,1,"2","Gstz1"
0.00662422242087949,0.350273119066893,0.414,0.291,1,"1","Gpat4"
0.000139217563287533,0.349893785088129,0.884,0.767,1,"1","Snrpd3"
0.00170621902453539,0.348613315499636,0.843,0.726,1,"4","Fam103a1"
0.0039851954547783,0.348493087320228,0.301,0.152,1,"5","Arpc4"
7.73730561425312e-05,0.348296677388245,0.871,0.535,1,"5","Cdk2ap2"
0.0009936415962936,0.348178124064953,0.724,0.62,1,"2","Pafah1b1"
0.00467934557854192,0.347978304323295,0.323,0.166,1,"5","Dtnb"
0.000711042177720229,0.347910888400954,0.774,0.476,1,"5","Etfb"
0.00534335862500038,0.34762392252009,0.344,0.183,1,"5","Gcdh"
0.00188872327713275,0.347596450378801,0.912,0.74,1,"4","Eny2"
0.0081315579443309,0.347501485664316,0.409,0.276,1,"1","Upf3a"
0.00118524988124112,0.347337318528007,0.902,0.769,1,"4","Eno1"
0.00222994088482718,0.346984372808135,0.498,0.349,1,"1","Phf14"
0.00168791940924702,0.346628232384588,0.312,0.152,1,"5","Ppp1r13b"
0.00204429823840768,0.346542165504196,0.559,0.321,1,"5","Tmem107"
0.000300011852926058,0.346237849956952,0.903,0.625,1,"5","Tmem256"
0.000156828662081055,0.346208137858802,0.795,0.64,1,"1","Snx6"
7.01976247030838e-05,0.346178892037562,0.634,0.318,1,"5","Sac3d1"
0.00227977452161937,0.346054306643855,0.828,0.572,1,"5","Sap18"
0.00337949357661947,0.345358900408354,0.774,0.459,1,"5","Snrpc"
0.000166363687424651,0.345083425833537,0.951,0.912,1,"4","Pomp"
0.00332979194056305,0.345055807913747,0.719,0.78,1,"0","Metap2"
0.000222211947015278,0.344913022749268,0.989,0.847,1,"5","Polr2m"
0.00159387972937854,0.344799093134506,0.767,0.703,1,"2","Pfdn4"
0.000260499954243982,0.344023251411638,0.71,0.591,1,"3","Ly6e"
0.00792401261826937,0.343988674619643,0.323,0.174,1,"5","Lama5"
0.00603323225700398,0.343939800246567,0.581,0.34,1,"5","Apip"
0.000999075690946486,0.343793877686998,0.538,0.282,1,"5","2310009B15Rik"
0.000460766263525529,0.343565450393648,0.366,0.169,1,"5","Fnbp1l"
0.0020159380705669,0.343501987916482,0.817,0.62,1,"5","Elavl1"
0.00364957286229455,0.343271954051514,0.613,0.342,1,"5","Nsmce2"
0.000562499041570028,0.343206290948425,0.581,0.292,1,"5","Gnl1"
0.000406253489724612,0.343093510148958,0.767,0.624,1,"1","Chchd1"
0.000490710976209967,0.343054587914295,0.802,0.761,1,"3","Arpc5l"
0.000651600207568104,0.342517323621964,0.791,0.692,1,"2","Rnf187"
0.00295019391093359,0.342462392536097,0.57,0.317,1,"5","Nip7"
0.00566180408818084,0.342452598781754,0.204,0.096,1,"5","Emd"
0.000130513192176076,0.342156107043397,0.944,0.936,1,"3","Sep15"
0.00580327692920021,0.342067323362398,0.527,0.525,1,"0","Acadvl"
0.00554289229764682,0.341696776097195,0.226,0.108,1,"5","Coa5"
0.000369746817607831,0.341316055530123,0.742,0.431,1,"5","Hacd1"
0.00458035775587117,0.34110603121587,0.656,0.559,1,"2","Atraid"
0.00257437621486391,0.34102137501631,0.215,0.096,1,"5","Cnot11"
0.00334761483791644,0.340867345309595,0.779,0.718,1,"2","Tmem14c"
0.00288916480952115,0.340639326084824,0.215,0.096,1,"5","Zdhhc21"
0.000670341040430216,0.3405435865247,0.645,0.348,1,"5","Mrps35"
0.00205614895644548,0.340326600293656,0.741,0.714,1,"3","Sod2"
0.00113239245040472,0.340241750526159,0.72,0.409,1,"5","Ptp4a2"
0.0018345609185981,0.340187346167595,0.215,0.093,1,"5","Nhlrc2"
0.000182103444287827,0.340084593568866,0.89,0.824,1,"2","Mrpl54"
0.00756160566116001,0.340027101832131,0.279,0.179,1,"1","Patz1"
0.00135078373819744,0.339999085120628,0.598,0.583,1,"0","Trappc6b"
0.000386644162873748,0.339505051066959,0.969,0.917,1,"2","Uqcr10"
0.00116160050539486,0.339417028230813,0.892,0.6,1,"5","Smc3"
6.89026250248169e-05,0.339390393510703,0.462,0.203,1,"5","Zbtb12"
0.0016500260368006,0.338033596081373,0.323,0.158,1,"5","Kpna3"
0.000168982318660055,0.337829898921734,0.908,0.806,1,"2","1810037I17Rik"
0.00181274731677162,0.33780817907706,0.462,0.239,1,"5","Lrrfip2"
0.000603690056780881,0.337757971732066,0.863,0.693,1,"4","Pnrc1"
0.00345832996829092,0.337524794926712,0.619,0.475,1,"1","Llph"
0.00111422144152547,0.3371879949319,0.624,0.337,1,"5","Mrpl19"
0.0069861317207176,0.33709034232575,0.344,0.186,1,"5","2700062C07Rik"
0.00289241599848296,0.337073131403775,0.632,0.518,1,"2","Ubxn6"
0.000300700670849686,0.33704836884728,0.873,0.682,1,"4","Camk2n1"
0.000122179227763619,0.337012201782676,0.777,0.565,1,"1","Anapc13"
0.00697725819994618,0.336997385072706,0.572,0.44,1,"1","Ilk"
0.00525667566946431,0.336912021744027,0.753,0.465,1,"5","Hdac3"
0.00171639543351093,0.336870678948103,0.484,0.258,1,"5","Chmp6"
0.00169771160123421,0.336270245269016,0.431,0.268,1,"4","Rasd1"
0.00950781479506563,0.336229422294422,0.572,0.437,1,"1","Mrpl35"
0.000714670217556363,0.336227068044366,0.677,0.385,1,"5","Sf3b4"
0.00098593136436157,0.33613992042362,0.589,0.568,1,"0","Arpc3"
0.00308489593051947,0.336063022065999,0.293,0.179,1,"1","Snn"
0.000170003074065212,0.335962035190239,0.828,0.686,1,"1","Fundc2"
0.00552617311644738,0.33562216362756,0.688,0.509,1,"1","Acot13"
0.00101920440139656,0.335455808060201,0.704,0.643,1,"3","Tcf25"
0.00232015182551588,0.335243362769998,0.247,0.114,1,"5","Fam171a1"
0.000673056285118759,0.335124058365778,0.79,0.767,1,"0","Eif3l"
0.000129058521044523,0.334782710118363,0.714,0.713,1,"0","Pbrm1"
0.00450629191099708,0.334717736618145,0.543,0.449,1,"3","Ptbp3"
0.00091515956470951,0.334678987211432,0.613,0.327,1,"5","Med19"
0.000576411928206431,0.334548570915919,0.892,0.614,1,"5","Eif2s1"
0.00027282495201672,0.334517792401696,0.826,0.842,1,"0","Map2k2"
0.00172132335598775,0.334437420382918,0.333,0.164,1,"5","Ugdh"
0.00095604683356081,0.334181408218806,0.817,0.555,1,"5","Tpm1"
0.000239781358593886,0.334057596177579,0.968,0.736,1,"5","Emc6"
0.00428094983348377,0.333869234036077,0.535,0.378,1,"1","U2af2"
0.000866817637741709,0.333584905055971,0.688,0.702,1,"0","Stip1"
0.0014520610163729,0.333233394588146,0.774,0.454,1,"5","Hras"
0.00020952133921173,0.333117427422275,0.862,0.873,1,"0","Eif3m"
0.00523727264071269,0.332926483288968,0.767,0.743,1,"2","Rala"
0.0003458089268143,0.332503230422084,0.705,0.675,1,"0","Hcfc1r1"
0.000326457494905388,0.331792185361326,0.933,0.864,1,"2","Brk1"
0.00834288993349966,0.331633762549103,0.882,0.775,1,"4","Actr3"
0.000964624250114371,0.331283046387332,0.804,0.694,1,"2","Psenen"
0.00571854487451254,0.331043100908056,0.802,0.799,1,"3","Spag7"
0.00134186662865091,0.330285698769145,0.834,0.806,1,"2","Gnb1"
0.00234512406489157,0.330253006557231,0.372,0.242,1,"1","Rfc4"
0.00165201340422978,0.330020676512351,0.957,0.633,1,"5","Mapre1"
0.000857490471723146,0.329952584170502,0.473,0.236,1,"5","Snx24"
0.00796493346050059,0.329763959903038,0.804,0.734,1,"4","Srsf11"
7.09808133474639e-05,0.329475640856518,0.89,0.865,1,"2","Gtf2a2"
0.00186374644980744,0.329408635088425,0.204,0.087,1,"5","Gtpbp8"
0.00083950086684692,0.329214569926513,0.815,0.786,1,"3","Cd164"
0.000146947126629863,0.328337492317181,0.895,0.814,1,"3","Pgls"
0.00164584899424059,0.328289137932285,0.731,0.43,1,"5","Hax1"
0.000400291399286175,0.328246390087899,0.809,0.618,1,"1","Banf1"
0.00499878674333959,0.328009662479644,0.462,0.256,1,"5","Bin1"
0.00698547157980506,0.327916948929188,0.735,0.692,1,"3","Stip1"
0.000292356841585121,0.327844377310972,0.716,0.548,1,"1","Bzw1"
0.000181521413830854,0.327614564550318,0.87,0.746,1,"1","Ctnnb1"
0.000106651329780885,0.3274637159002,0.856,0.74,1,"1","Txndc17"
0.00132715882285449,0.327387582387563,0.935,0.628,1,"5","Lman2"
0.000195341750526069,0.327176897477086,0.892,0.569,1,"5","Smarca5"
0.00139115842455502,0.326297442056181,0.67,0.668,1,"0","Rraga"
0.000288590660358424,0.32612695715633,0.866,0.882,1,"0","Psmb3"
0.00312057328192102,0.326110858519602,0.723,0.754,1,"0","Dynlt1f"
0.000300830821887614,0.325860473471676,0.609,0.399,1,"1","Tipin"
0.00192641178014964,0.325735463116409,0.53,0.359,1,"1","Arf6"
0.000358238742499089,0.325697168674323,0.746,0.764,1,"0","Prr13"
0.00398028764334701,0.325668929560925,0.67,0.518,1,"1","Pdcl3"
0.00225965376643145,0.325629447890256,0.892,0.839,1,"4","Psma6"
0.00332852095762453,0.325528791824562,0.398,0.208,1,"5","Bnip1"
0.0050268752360823,0.32488961233323,0.779,0.737,1,"2","Copz1"
0.0034152517210445,0.324737586694876,0.833,0.678,1,"4","Strap"
0.00722162811994165,0.324487806827074,0.765,0.744,1,"3","Eif1b"
0.00200696486100124,0.324337613068232,0.806,0.508,1,"5","Fdx1"
0.000998695408742198,0.324216705308322,0.258,0.114,1,"5","Rcan1"
0.000781329863784193,0.323850135582012,0.376,0.182,1,"5","Lta4h"
0.000521797592316132,0.323754440787877,0.975,0.988,1,"3","mt-Nd2"
0.00041152880153545,0.323746526801853,0.667,0.348,1,"5","Mat2b"
0.00657748305592229,0.322849482650241,0.873,0.761,1,"4","Eif3l"
0.00751176565957502,0.322747148055578,0.333,0.182,1,"5","Gpn3"
0.00739835766537028,0.322480391923929,0.674,0.51,1,"1","Mrpl36"
0.000306855994304882,0.321789729198522,0.699,0.386,1,"5","Pyurf"
0.000702666959538983,0.321467879998682,0.247,0.105,1,"5","0610010F05Rik"
0.000181234691226902,0.321465798930717,0.99,0.949,1,"4","Gm8730"
0.0053755781141262,0.321448108050408,0.747,0.707,1,"3","Pfdn4"
0.00582142145741169,0.321230477574966,0.28,0.142,1,"5","Cep290"
0.00440001726822822,0.321147630510399,0.72,0.404,1,"5","Prpf38a"
0.000951661355658689,0.321055367726351,0.846,0.824,1,"3","Pin1"
0.00144078007303214,0.320836297412487,0.903,0.649,1,"5","Snrnp70"
0.000900994116808102,0.320534378024419,0.961,0.891,1,"4","Laptm4a"
0.00942816348511397,0.320284595260207,0.712,0.619,1,"2","Tomm40"
0.0029278550774804,0.320235471952014,0.258,0.125,1,"5","Fgfr3"
0.00209860422253486,0.320223803189499,0.323,0.156,1,"5","Cab39l"
0.000704283967083115,0.320016793121405,0.474,0.315,1,"1","Slc50a1"
0.00203141432688449,0.319702094331293,0.247,0.112,1,"5","Slc4a2"
0.00984925438422839,0.319630251660098,0.699,0.612,1,"2","Ywhaz"
0.00322278545174358,0.318890061057447,0.827,0.781,1,"3","Tsen34"
0.00962282263546864,0.318776233569293,0.645,0.413,1,"5","Arl6ip6"
0.000885866281403985,0.318766395535067,0.931,0.853,1,"4","Psma4"
0.00021193991139166,0.318692226544324,1,0.862,1,"5","Bag1"
0.00148228211401953,0.318194395453642,0.712,0.509,1,"1","Mrpl27"
0.00798923550101782,0.317859639518807,0.722,0.672,1,"3","Acaa1a"
0.000371794149460936,0.317856579644994,0.875,0.84,1,"0","Cdc37"
0.00410347292398954,0.317842185593756,0.516,0.291,1,"5","Eif1ad"
0.000421354678164034,0.317807283143597,0.86,0.665,1,"1","Srsf1"
9.63390575580988e-05,0.317780491781896,0.933,0.873,1,"2","Ndufb7"
0.00710320000484021,0.317756226359039,0.741,0.703,1,"3","Rnf187"
0.00614896532950443,0.31729105541637,0.809,0.765,1,"3","Mrpl17"
0.000430308893221721,0.317083029575096,0.527,0.255,1,"5","Psmg2"
0.00898482027018604,0.316710990991484,0.912,0.849,1,"4","Hnrnpab"
0.000525928230115427,0.316703210557128,0.834,0.798,1,"2","Ap2m1"
0.000958965792872008,0.31666172019407,0.301,0.139,1,"5","Tbp"
0.000746238995623963,0.316405375157746,0.821,0.865,1,"0","Rrp1"
8.22834345402743e-05,0.315840472921799,0.786,0.777,1,"0","Tmed4"
0.000710248248612648,0.315777818290357,0.935,0.719,1,"5","Hnrnpm"
0.000686921964317765,0.315518935521177,0.892,0.551,1,"5","Ccnd3"
0.00611633169709787,0.315368544661795,0.688,0.748,1,"0","Commd3"
0.00291551816972631,0.315343015242037,0.702,0.571,1,"1","Rbm17"
0.00250570574740301,0.315335750995937,0.763,0.455,1,"5","Polr2d"
0.0097630071986153,0.314644906121421,0.344,0.232,1,"1","Mkks"
0.00168489139735097,0.3144690630632,0.871,0.561,1,"5","Mrps7"
0.00470414351771732,0.31431308414727,0.237,0.112,1,"5","Cutc"
0.00212443950586365,0.313161363104401,0.344,0.216,1,"1","Nucb2"
0.00311503644123346,0.312604851910835,0.72,0.428,1,"5","Ciapin1"
0.00902615289703488,0.31252478876123,0.452,0.257,1,"5","Thoc6"
0.000813548962438145,0.311815331670401,0.495,0.248,1,"5","Ralb"
0.0075803233499028,0.311619186736828,0.625,0.64,1,"0","Tfg"
0.000303677075515301,0.311439594048088,0.968,0.813,1,"5","Vdac3"
0.0086417523232725,0.311012437186338,0.237,0.12,1,"5","Dimt1"
0.000929292932666679,0.310874944544342,0.688,0.369,1,"5","Srrt"
0.00490341737166364,0.309937551631166,0.527,0.306,1,"5","Ss18"
0.00381253146872565,0.309671038242825,0.774,0.547,1,"5","Rhob"
0.00203778205423537,0.309428052541949,0.914,0.907,1,"3","Tspan3"
0.000227197174242163,0.309312588015007,0.269,0.108,1,"5","Fbxw7"
0.00321665711793817,0.3088035907183,0.677,0.402,1,"5","Uba52"
0.00839681654063955,0.308468880475712,0.657,0.506,1,"4","Nhp2"
0.00143382286717694,0.308387659862771,0.581,0.316,1,"5","Luc7l2"
0.00121661802293168,0.307724218554111,0.957,0.668,1,"5","Polr2e"
0.00514970180647474,0.307696036358187,0.516,0.288,1,"5","Coa7"
0.00728136982854687,0.307550714934945,0.736,0.672,1,"2","Hcfc1r1"
0.00569883008422687,0.307496584409161,0.398,0.217,1,"5","Akap8"
0.00236211802759552,0.307479413264389,0.81,0.734,1,"2","Lsm6"
0.00186265727273912,0.307297431972818,0.849,0.508,1,"5","Rsl1d1"
0.000839802841449485,0.306938512798779,0.495,0.242,1,"5","Trappc13"
0.00410814604591426,0.306663332799851,0.258,0.125,1,"5","Xpot"
0.00144474791793947,0.306133852154924,0.761,0.658,1,"2","Krcc1"
0.000292875783657458,0.305871000350104,0.376,0.17,1,"5","Dusp12"
0.00211057711689826,0.305493643760621,0.613,0.336,1,"5","Hsd17b12"
0.00189517312746237,0.305378145582706,0.98,0.975,1,"4","Pkm"
0.000560146561921007,0.305373996568213,0.28,0.122,1,"5","Afm"
0.000956288306967089,0.30521098233166,0.679,0.503,1,"1","Rnaset2a"
0.000121723541647365,0.305161807948841,1,0.981,1,"5","Dynll1"
0.00322583882230728,0.304702051478115,0.398,0.209,1,"5","Ncln"
0.00173532742517326,0.30429567281834,0.473,0.242,1,"5","Acot8"
0.000681490506045512,0.304284541839015,0.29,0.129,1,"5","Car8"
0.000663917850870307,0.304251931148045,0.387,0.184,1,"5","Thoc1"
0.000596367361684775,0.304251030488784,0.675,0.589,1,"2","Fam216a"
0.00552447063544179,0.304250147604291,0.688,0.442,1,"5","Serf2"
0.00244956966311273,0.304170163597611,0.849,0.581,1,"5","Ndufa3"
0.00786981073043214,0.303816959210086,0.75,0.797,1,"0","Sarnp"
0.00440234398114233,0.303789448086095,0.602,0.36,1,"5","Rab34"
0.000840048246034484,0.303746173738825,0.926,0.93,1,"3","Spcs2"
0.000650873728710459,0.303615622988741,0.777,0.738,1,"0","Rala"
0.000826548475629507,0.303575770613849,0.258,0.114,1,"5","Ano6"
0.00962224901706373,0.30307525961141,0.657,0.511,1,"4","Tox3"
0.00144883981507877,0.302916526910025,0.758,0.588,1,"1","Nxf1"
0.00931340444040074,0.302899509913339,0.548,0.332,1,"5","Zfp428"
0.000929148180020801,0.302407140195298,0.777,0.809,1,"0","Polr2g"
0.00253348717222928,0.301903422527053,0.679,0.492,1,"1","Tmpo"
0.000143697259728989,0.301849429966434,0.706,0.539,1,"2","Cnot6l"
0.00185788832544276,0.301512338238314,0.333,0.161,1,"5","Dhcr7"
0.00576009149652605,0.301487606191543,0.602,0.343,1,"5","Msrb1"
0.00206271456052548,0.301327920127488,0.312,0.151,1,"5","Hmg20b"
0.00274512578954566,0.301125469080799,0.853,0.789,1,"2","Spag7"
0.00929921384077099,0.300439924782643,0.612,0.646,1,"0","Adipor1"
0.00745522984016329,0.300125016340673,0.46,0.318,1,"1","Ezh2"
0.00107547462512744,0.299963090296269,0.581,0.307,1,"5","Polr2a"
0.00619839538267594,0.299016998630661,0.735,0.737,1,"3","Polr2j"
6.80989375288579e-05,0.298463652140918,0.256,0.131,1,"1","Tk1"
0.0012742061091984,0.298409801325474,0.92,0.902,1,"3","Pdia3"
0.00818613812283412,0.298405666912972,0.747,0.666,1,"3","Rp9"
0.00512394082516864,0.298165006778379,0.634,0.365,1,"5","Mrpl46"
0.00132594652000961,0.29746520723204,0.28,0.125,1,"5","Cc2d1b"
0.00408728584996891,0.297362867928471,0.548,0.307,1,"5","Aldh2"
0.00827099890506506,0.297314905523225,0.882,0.622,1,"5","Prpf19"
0.000358920402989133,0.296698754176723,0.333,0.147,1,"5","Ing3"
0.00343181757545033,0.296590536197377,0.777,0.816,1,"0","Ube2d2a"
0.00110128927808373,0.296279808067693,0.971,0.932,1,"4","Srsf3"
0.00172321791153686,0.296136313230307,0.237,0.104,1,"5","Ppip5k2"
0.000764595524832469,0.295696206587916,0.851,0.74,1,"1","Arpp19"
0.00232304228522757,0.29538825842091,0.763,0.776,1,"0","Zcrb1"
0.00836600766110662,0.294945262358797,0.692,0.734,1,"0","Lsr"
0.000861941924706033,0.294937310935392,0.613,0.328,1,"5","Nfyb"
0.00202524695454336,0.294327332848055,0.828,0.69,1,"1","Ndufa10"
0.00253960339155143,0.294200618352367,0.366,0.186,1,"5","Uhrf2"
0.00674843244886967,0.29408489299582,0.323,0.17,1,"5","Tspan14"
0.00165338470924797,0.293960110594931,0.323,0.152,1,"5","Vps26a"
0.000388869873274762,0.293665411680998,0.847,0.76,1,"2","Rab7"
0.00226361372708343,0.293598573441955,0.674,0.503,1,"1","Rsl1d1"
0.000322223704792348,0.293518391638563,0.926,0.923,1,"2","Arpc5"
8.78375852727017e-05,0.293478504934851,0.963,0.913,1,"3","Ubl5"
0.00902856867507451,0.293221373848387,0.215,0.106,1,"5","Serpini2"
0.00658062335015122,0.293095982279607,0.462,0.269,1,"5","Mmd2"
0.00822708784349623,0.292954278377777,0.871,0.692,1,"5","Ndufa5"
0.00921504858736439,0.292843214316204,0.419,0.243,1,"5","Nphp1"
0.00693238708045682,0.292749341521815,0.812,0.861,1,"0","Prdx5"
0.00326132633091369,0.292684994034111,0.215,0.096,1,"5","Pds5b"
0.00258691073411437,0.292467442880953,0.626,0.51,1,"2","Deb1"
0.000974957104048898,0.292136971444627,0.398,0.19,1,"5","Polr3c"
0.00135122754048377,0.292131041617758,0.89,0.852,1,"2","Rsrp1"
0.00948670607550394,0.2921220151159,0.355,0.203,1,"5","Gmds"
0.0034064228261247,0.292016791462331,0.355,0.182,1,"5","Try5"
0.00315258064073691,0.291687268562769,0.344,0.17,1,"5","Rexo4"
0.00204204222345825,0.290886487723356,0.29,0.134,1,"5","Fam98a"
0.00208255731805419,0.290599165178555,0.515,0.36,1,"2","Klhdc8b"
0.00754951298665885,0.290457087721105,0.301,0.158,1,"5","Mccc2"
0.00250038033429396,0.290304324584965,0.87,0.848,1,"3","Ap2s1"
0.00189998739821217,0.290233000321135,0.441,0.231,1,"5","Parva"
0.00133781126611587,0.289805266009551,0.892,0.593,1,"5","Cycs"
0.0013583486389835,0.28952280689301,0.86,0.728,1,"1","Psmc3"
0.00153634398801428,0.289486693425858,0.774,0.433,1,"5","Tsnax"
0.00417687049503264,0.289377417585924,0.29,0.144,1,"5","Ifngr1"
0.000149830380837048,0.289319542719673,0.916,0.869,1,"1","Srsf2"
0.00306609030313484,0.288894867462089,0.46,0.424,1,"0","Atp6v1c1"
7.63991943178288e-05,0.288793101046475,1,0.933,1,"5","Pabpc1"
0.00275609326181841,0.288632265596925,0.804,0.74,1,"2","Map1lc3a"
0.0015547761505667,0.288510303748249,0.441,0.225,1,"5","Cnot8"
0.00408343939830223,0.28801866429614,0.882,0.651,1,"5","Prpf40a"
0.00390007300759608,0.287952716421958,0.892,0.669,1,"5","Taf10"
0.00271954452020294,0.287635716363065,0.688,0.507,1,"1","Mrps28"
0.00529423047815313,0.287463865795842,0.679,0.576,1,"1","Cbr1"
0.00162867482738541,0.28728859798138,0.688,0.377,1,"5","Hnrnpul1"
0.00299811565400939,0.286712972637407,0.73,0.638,1,"2","Rnf10"
0.00746229450135544,0.286677251848255,0.784,0.785,1,"3","Tonsl"
0.000802873371653408,0.286411531386229,0.879,0.754,1,"1","Mrps24"
0.00279412750387172,0.286348592306558,0.827,0.821,1,"3","Ubxn1"
0.000421013502469857,0.286260859571512,0.929,0.895,1,"0","Sf3b6"
0.00874135689331859,0.286097842553698,0.706,0.621,1,"2","Arl1"
0.00119117191609457,0.285893708949459,0.961,0.885,1,"4","Pebp1"
0.00321683749733206,0.285632622076336,0.387,0.2,1,"5","Xrcc5"
0.00195805493273159,0.285566031083484,0.777,0.644,1,"1","Hdac1"
0.00952258295926396,0.285514631204242,0.567,0.432,1,"1","Nsa2"
0.000151596925240196,0.285510084225331,0.846,0.835,1,"3","Scand1"
0.00149717155928369,0.285347952554191,0.73,0.547,1,"1","Cuedc2"
0.00937064863558081,0.28524134000049,0.624,0.38,1,"5","Prpf38b"
0.00787779436690457,0.28521305239425,0.447,0.325,1,"1","Dhrs1"
0.00142208050858528,0.284973630777022,0.538,0.287,1,"5","Erdr1"
0.00254357610184912,0.28463628892958,0.957,0.805,1,"5","Cyc1"
0.0041187965500873,0.283890542796039,0.957,0.736,1,"5","Psmc3"
0.00334849792789281,0.283719133177925,0.591,0.332,1,"5","Zfyve21"
0.000442485277899401,0.283597183518897,0.624,0.314,1,"5","Mrps9"
0.0054476172066259,0.283415253382651,0.774,0.505,1,"5","Pla2g12a"
0.00590205871282326,0.283327462665689,0.387,0.209,1,"5","Tmem141"
0.00672059363320269,0.283040232165441,0.473,0.273,1,"5","Prpf8"
0.0042528900781869,0.282430104714032,0.441,0.235,1,"5","Ak3"
0.00245378952827111,0.282260136618265,0.516,0.283,1,"5","Mta2"
0.00338756684332039,0.28219011878743,0.355,0.179,1,"5","Plrg1"
0.000135098206840263,0.282092704330843,0.988,0.951,1,"2","Atp5j2"
0.00396099747361004,0.281969901403127,0.688,0.405,1,"5","Bre"
0.00422298804040308,0.281826713189757,0.72,0.439,1,"5","Lzts2"
0.00855092967064236,0.281682760316129,0.802,0.759,1,"3","Fam195b"
0.00139972781092621,0.281556115459256,0.785,0.426,1,"5","Mycbp"
0.00475268785890293,0.281477922181852,0.71,0.436,1,"5","Utp3"
0.000483323564627527,0.281458537275497,0.312,0.139,1,"5","Arhgef19"
0.00218644931002066,0.280907042596638,0.473,0.247,1,"5","Nr2c2ap"
0.00793359039780211,0.28072009467347,0.688,0.435,1,"5","Mrpl38"
0.00220078629201407,0.280480888503697,0.559,0.314,1,"5","Tubb2b"
0.00123655205149733,0.28026315347432,0.614,0.423,1,"1","Plscr3"
0.00858909088509056,0.279571757992017,0.79,0.77,1,"3","Ndufb2"
0.00263382872063673,0.279546283151364,0.925,0.615,1,"5","Fam173a"
0.000342166637974362,0.278965895968039,0.888,0.903,1,"0","Psma5"
0.00519678609556743,0.278882632780744,0.749,0.602,1,"1","Hprt"
0.000947817468265975,0.27853943289579,0.847,0.751,1,"2","Sdf4"
0.000944791333251582,0.278405194552953,0.699,0.367,1,"5","Cnot6"
0.000275934335038855,0.27808994162396,0.559,0.269,1,"5","Wsb1"
0.00156396765363344,0.278075733467734,0.714,0.763,1,"0","Puf60"
0.00997483310124454,0.277638102323558,0.731,0.464,1,"5","Ddx1"
0.00138693637049972,0.27761551523632,0.753,0.463,1,"5","Nit2"
0.00144731951824105,0.277397626336074,0.763,0.431,1,"5","Thrap3"
0.00147557601545366,0.277353445864746,0.772,0.547,1,"3","Syt13"
0.00845168531862229,0.277350704477197,0.688,0.556,1,"1","Polr1d"
0.00236929208511967,0.277331943126017,0.839,0.511,1,"5","Rps6"
0.0045869145684948,0.277304550493251,0.819,0.709,1,"1","Snrpf"
0.00507528653724007,0.27727360442546,0.926,0.851,1,"3","Zfp706"
0.0081280935651877,0.277217668116185,0.737,0.775,1,"0","Fam195b"
0.00800958873729536,0.277073313450683,0.749,0.567,1,"1","Rbmxl1"
0.00100547389160143,0.276819800064251,0.226,0.095,1,"5","Lrrn1"
0.000488599077271663,0.27669544348807,1,0.887,1,"5","Clic1"
0.00276227505425826,0.276405636579157,0.484,0.26,1,"5","Alg5"
0.00197419157263859,0.276390874992307,0.301,0.14,1,"5","Tab1"
0.00588908113080443,0.275039030749187,0.226,0.107,1,"5","Kdelc2"
0.000517430379213198,0.27446799129752,0.883,0.786,1,"2","Emc10"
0.00638719147018491,0.274143297334385,0.591,0.429,1,"1","Ccar1"
0.00223370058459519,0.274091162664079,0.833,0.847,1,"3","Sfr1"
0.00520361301816881,0.27366083742234,0.53,0.391,1,"1","Nelfb"
0.00581997783872911,0.273232604354925,0.323,0.168,1,"5","Gm10146"
0.0045494817894609,0.27286570227014,0.849,0.55,1,"5","Dcps"
0.000870043810256087,0.272727169715984,0.946,0.772,1,"5","Ppp4c"
0.00499535243972365,0.272158145546876,0.409,0.217,1,"5","Gtf2h3"
8.80631835522163e-05,0.271490959024351,1,0.932,1,"5","Rpl27a"
0.00932829357728822,0.2708873939972,0.914,0.694,1,"5","Ube2n"
0.00871187354116715,0.270885584322892,0.754,0.774,1,"0","Psmd7"
0.000156766373606925,0.270677405589539,0.938,0.92,1,"3","Ndufa7"
0.00507391141530232,0.270643276289139,0.781,0.793,1,"0","Cd164"
0.000631761389478126,0.270468725902166,0.827,0.743,1,"3","Meg3"
0.00398463525160894,0.270009916854688,0.925,0.714,1,"5","Rac1"
0.000289371217987396,0.269912667244393,0.945,0.956,1,"2","Mdh2"
0.000444204012029501,0.269770272897665,0.914,0.841,1,"2","Lsm4"
0.00842974230645363,0.269741439688062,0.796,0.749,1,"3","Tmem258"
0.00341618413140515,0.269677577325725,0.882,0.787,1,"4","Polr2c"
0.00306527712227188,0.269611156858731,0.269,0.128,1,"5","Snx27"
0.00230375253405282,0.269267208811755,0.781,0.671,1,"1","Polr2e"
0.000848677285453427,0.268831738408533,0.613,0.33,1,"5","Iqgap1"
0.00960777250949342,0.268785969664719,0.505,0.295,1,"5","Pgpep1"
0.00881145535537335,0.268394001023971,0.441,0.245,1,"5","Otulin"
0.0075400069312297,0.268112628555607,0.226,0.109,1,"5","Lpcat1"
0.00928709573305895,0.26706977835276,0.269,0.137,1,"5","Cpsf7"
0.000959549970572506,0.266898543359695,0.473,0.24,1,"5","Zfp395"
0.000242256023040231,0.266663706178331,0.991,0.938,1,"1","Ran"
0.00023661887582795,0.266621682234862,1,0.904,1,"5","Snrpd2"
0.00652302183103987,0.266548289874038,0.634,0.363,1,"5","Rps26-ps1"
0.0033967322122879,0.266424750549266,0.852,0.859,1,"3","Rsrp1"
0.00478564888597799,0.266402560915892,0.344,0.175,1,"5","Immt"
0.00909259442774544,0.266358705873636,0.642,0.486,1,"1","Coro1b"
0.00965731140066896,0.266287917671574,0.914,0.744,1,"5","Pdcd5"
0.000413959204286537,0.266019407467733,0.785,0.462,1,"5","Cd9"
0.00228980965157009,0.265901934454866,0.665,0.492,1,"1","Pts"
0.00197871082014362,0.265258683620006,0.591,0.316,1,"5","Traf7"
0.0094624539181024,0.264997119313502,0.237,0.119,1,"5","Rnf40"
0.0085108941057185,0.264774924884421,0.516,0.38,1,"1","Ppp2r2a"
0.00944719499010508,0.264515665494026,0.247,0.126,1,"5","2310057M21Rik"
0.00856199580959243,0.264513411122912,0.323,0.173,1,"5","Smim4"
0.00572270167490657,0.264443469852612,0.728,0.759,1,"0","Pdcd6"
0.00598364602836316,0.263823320896781,0.409,0.222,1,"5","Cd3eap"
0.00887680284555056,0.262212369208605,0.849,0.553,1,"5","Tomm5"
0.000486426362664169,0.261920971381084,0.391,0.237,1,"1","Pcna"
0.00507231032195017,0.261865130098943,0.624,0.369,1,"5","Rnpep"
0.00490079369689927,0.261459507968315,0.634,0.337,1,"5","Tor1a"
0.00184551561328771,0.261374438314472,0.269,0.128,1,"5","Rpgrip1"
0.00146187715937843,0.261309082919378,0.688,0.377,1,"5","Mpdu1"
0.00552626830330179,0.261128611670607,0.978,0.767,1,"5","Arhgdia"
0.0026425904784614,0.260648270849425,0.387,0.195,1,"5","Brd7"
0.00434127423487456,0.260350961470464,0.301,0.15,1,"5","Mad2l1bp"
0.0029903599186873,0.25986071495367,0.484,0.263,1,"5","Ehmt1"
0.00803475404888793,0.259757943565884,0.312,0.165,1,"5","Fbxl5"
0.00896600452380047,0.259744796060991,0.204,0.098,1,"5","Otud7b"
0.00293896551957517,0.259684412997103,0.462,0.247,1,"5","Samd4b"
8.05116148574651e-05,0.259567667243379,1,0.999,1,"4","Fth1"
0.00312978482352778,0.259176601194521,0.495,0.267,1,"5","Fat1"
0.0024567789487067,0.258983336359512,0.903,0.571,1,"5","Cfl2"
0.00235419321035134,0.258318547895996,0.57,0.306,1,"5","Mnat1"
0.00331630159956789,0.258138954448658,0.839,0.534,1,"5","Ormdl2"
0.000966985755148881,0.257549263696903,0.969,0.928,1,"2","Hsbp1"
0.00178785933423333,0.257477436261661,0.781,0.805,1,"0","Eif5b"
0.00111589822379665,0.257043783295827,0.865,0.848,1,"2","Rhoa"
0.0053201943941852,0.256991830450273,0.828,0.501,1,"5","Wbp11"
0.00513142869735045,0.25653428641399,0.71,0.422,1,"5","Hnrnpl"
0.00530499491766998,0.256442511718791,0.673,0.613,1,"3","Kmt2e"
0.000344279536095598,0.25611278071967,0.473,0.223,1,"5","Trmt1"
0.000133156532279001,0.255846453922586,0.939,0.907,1,"2","Ptov1"
0.00654142786252548,0.25559512484805,0.591,0.361,1,"5","Impad1"
0.00016708518264471,0.255485393947828,0.914,0.862,1,"3","Bax"
0.000425234898795466,0.255414706894616,0.624,0.306,1,"5","Adss"
0.000726082767502311,0.255344866788261,0.473,0.229,1,"5","Ubac1"
0.000744994495744909,0.255120677074817,0.473,0.229,1,"5","Abce1"
0.00836805983408619,0.254587447517085,0.716,0.689,1,"3","Ttc3"
0.00600883825299821,0.254389016391904,0.312,0.16,1,"5","Ttc13"
0.00462325292930497,0.25423268042115,0.748,0.663,1,"2","Zwint"
0.00139419298030364,0.253977343993079,0.938,0.934,1,"3","Hsbp1"
0.00280157958688882,0.253859536365685,0.921,0.874,1,"1","Set"
0.00733159517909771,0.253330347758271,0.436,0.304,1,"2","Dst"
0.000702194778095801,0.253104498294783,0.521,0.338,1,"1","Dnajc9"
0.000185419857072595,0.252944577487077,0.942,0.958,1,"0","Mdh2"
0.000336258171779484,0.252832118772863,0.54,0.332,1,"2","Gdap1l1"
0.0067306671473551,0.252600535812034,0.837,0.673,1,"1","Ndufs3"
0.00524679606733093,0.252401394718333,0.29,0.146,1,"5","Skiv2l2"
0.00124808648545405,0.251526002330574,0.538,0.279,1,"5","Coq7"
0.00531787676251951,0.251356641703214,0.989,0.854,1,"5","Ddx39b"
0.000244926791953451,0.251061296995664,0.902,0.906,1,"0","Eif4a2"
0.00539043712982128,0.250952953877407,0.505,0.29,1,"5","Slirp"
0.00288224065658833,0.250862382891153,0.866,0.907,1,"0","Laptm4a"
